:020000040800F2
:1000000000500020D53201082793000829930008EA
:1000100000000000000000000000000000000000E0
:10002000000000000000000000000000210A00089D
:1000300000000000000000002B9300082D93000832
:1000400099940008253301083D93000825330108E1
:1000500025330108319400083394000835940008D2
:10006000253301082533010825330108253301080C
:1000700025330108253301082533010825330108FC
:10008000253301082533010825330108000000004D
:1000900025330108253301082533010825330108DC
:1000A000253301082533010825330108FDB1000877
:1000B0000DB200081DB200082533010825330108E0
:1000C00010B5064C2378002B07D1054B002B02D02E
:1000D000044800E000BF0123237010BD8000002011
:1000E00000000000A8470108044B10B5002B03D006
:1000F0000349044800E000BF10BDC04600000000F6
:1001000084000020A8470108030C434004485843DA
:10011000044B420B42405343180C58407047C046B2
:100120006BCAEB8535AEB2C2B0235B01C34001217F
:100130001800064A08400B4205D01378FF2B01D067
:100140005B18137070471070FCE7C0469C000020DD
:100150000300102809DC092801DC002004E0D2207B
:100160004002D840012318407047383BFF3BD52060
:10017000072BF6D9F1E7F0B5FA2504000026002791
:10018000038887B00193ED00019BAB4249D8A57865
:10019000691ECBB20B2B1FD8002332484900425AAC
:1001A000B6185F41022D17D9019A920710D1642128
:1001B000019810F07BF989B20123002908D191310F
:1001C0000198FF3110F072F98BB25A425341DBB201
:1001D0001800002136184F41E378234A013B1800EC
:1001E000D91780197941002310F08EFAE122059188
:1001F0000490002320791201002110F085FA049E5A
:10020000059F3C2236184F4100236079002110F0F1
:100210007BFA002380197941A2798018594107B0EF
:10022000F0BD03220023154210D16421280010F0F4
:100230003DF989B20123002908D191312800FF310D
:1002400010F034F98BB25A425341DBB26E33FF33B4
:100250000293DB1703930135029A039BADB2B618E4
:100260005F4191E7C047010880510100F8B583184C
:100270000D001700012683420BD3C02212019342C6
:1002800007D8114BEF19C41809F01EFC061E13D035
:100290001E263000F8BD237829788B420AD0200032
:1002A0000EF078FD002805D00123084A51680B4361
:1002B0005360EDE701340135AF42ECD10123034A2D
:1002C00051680B435360E4E7000008080020024037
:1002D00030B5C3B06B46DD1D2A0002A904000FF043
:1002E0001DFA2A78002A03D1237AA281013BA37246
:1002F00001230020A37343B030BDF8B50400030010
:1003000001270F4D0F4E1878002800D1F8BD2900A5
:10031000180013F0D9FA0028F8D0844205D0431E03
:100320001B780D2B01D00A2B06D143790D2B03D856
:100330003200DA403A4201D1431DE4E70120E5E70B
:10034000C84B010801240000F0B504000D001600A0
:100350001F0087B020001A4913F0B6FA002801D117
:1003600003301FE008300378202B1DD0092B1BD051
:1003700004002378002B20D00D2B01D00A2B15D19F
:1003800003AB00930F4904AB05AA13F0E5F903286A
:100390000ED1059BAB420BD1049BB34208D1002088
:1003A000039B3B6007B0F0BD0130DCE70134E0E7C0
:1003B00023785A1E9341E418CCE70920F2E7C0469F
:1003C000CE4B0108ABCB0108002273B5564C009010
:1003D000636868469A6280235B0101930EF0CEFD4C
:1003E000002861D16568AB685B075DD42300543396
:1003F0001A78012A58D001221A70236A93423FD1F9
:10040000A26D4A4B1A4080235B0013432200A36570
:1004100000235432E36513701C332B60AA68183B29
:100420001343AB60A369082B5AD1216E2A681A4284
:1004300065D08023A26D9B001343A365C023EA68A7
:100440001B011A4214D1631DDB7F002B10D12B68D6
:100450001B070DD5AB685B075DD40C226B6893431B
:100460006B60A26D324B1A400433FF331343A36514
:10047000E369002B01D10C332B602C6CA4B23BE060
:100480000322AB681340012B02D12A681A42B7D16C
:10049000AA68284B1A420AD01023A26D1343A36501
:1004A0000123E26D1343E365234C200076BD012652
:1004B000AB6830003343AB6009F0B4FA226E2B68AE
:1004C00033429DD1236E9B1A0A2BF8D92B683342F5
:1004D000F5D11023A26D1343A365E36D3343E2E727
:1004E000EA680C23D207A0D5A26D14331343A36589
:1004F000002354342370104C0EF0E2FED5E7226E38
:10050000521A0A2A00D891E72A68134200D08DE7D0
:100510000423A26DEAE72023A26D1343A365012300
:10052000E26D1343E365A3E79C000020FEF0FFFFAC
:10053000FEFEFFFF17000080FFFF000003000448DD
:10054000012B03D00348022B00D003487047C0465C
:100550001E4D01087B830108D74B0108C022074BC1
:1005600092021B6D0220134080225202934204D05B
:10057000034A9B185A425341D8B2704700100240B8
:100580000000FEFFF0B5694F91B020220021380035
:1005900002AD674E12F06AFF38220021280012F0E7
:1005A00065FF0C21634C644BE2680A409B180122F2
:1005B0001B7E3B770093236D9B05DB0F7B705F4BAE
:1005C0001B681340F3663F23029323685B0303D544
:1005D000A023DB026B6004E0802322685B021A42E6
:1005E000F8D1012322681A4200D0EB606368DB0473
:1005F000DB0E2B612368DB05DB0F019363681B0EA9
:100600002B62E02367681B021F406F62236D5B054E
:1006100003D5A023DB00AB6004E08023226D5B00E8
:100620001A42F8D10123226D1A4200D06B610122D7
:10063000A368F0211340AB6123688903DB01DB0F62
:100640009B188022AB62E36852021340EB62E368BE
:100650000B40C0212B63E36809040B400C216B6342
:10066000E3680B40042B27D0082B46D0002B2BD15E
:10067000802563682D021B045B0F01339D40E368F6
:100680002F4A1B061B0FD35CB766DD402D4B1D6048
:1006900009F01EFF7567306709F05CFFB06709F06D
:1006A00069FF009BF0670520012B03D123689B05A0
:1006B00025D4062011B0F0BD2568234BED06ED17BB
:1006C0001D40224BED18DAE7E3682148E1689B0200
:1006D0001B0FC35C0902E068890F013110420AD187
:1006E0002268D20605D51B4858430FF059FE050075
:1006F000C5E71648F8E71848F6E7174DBFE7174B68
:1007000064361B797377FFF729FFB077FFF726FF71
:100710000028CED0019B012BCBD1A0231B029F42EE
:10072000C7D1019B00203370C4E7C0460001002000
:100730009C00002000100240C04701080020024039
:10074000EE4701080000002000E548FF0024F40007
:10075000E547010800093D0000127A001C01002055
:10076000F0B585B002933F4B009001921A783E4E4F
:10077000CDB2012A74D001221A7002233B4A1370B1
:10078000B3689A68CA225A62773A5A620DF014FF27
:10079000002823D10B9BB468D8B20AF0F9F90A9B60
:1007A0000390D8B20AF0F4F96B460700187A0AF001
:1007B000EFF93F02039B0004384318432C4B2D4AAA
:1007C00018402060A3681340A360A368A3600DF0E5
:1007D00017FF002802D10122244B1A70FF22224C5D
:1007E0000121A3685A6222002832117022004918A0
:1007F000293211701022154203D095432A000A3283
:10080000D5B2CA225A62773A5A620DF0D5FE002854
:1008100020D16B4618790AF0BBF9019028000AF044
:10082000B7F96421050000980FF04AFFC8B20AF03A
:10083000AFF92D02019B0004284318430E4BB76803
:10084000184078600DF0DCFE002803D1330001224F
:1008500029331A70FF22A36828345A6200232370B8
:1008600005B0F0BD440100201C010020450100201E
:100870007F7F7F00FFFFFBFF3FFFFF0070B586B06B
:1008800001AE30000DF07CFB68460DF0A3FB0023A9
:10089000154A002130780FF037FF002304000D00C7
:1008A000124A002170780FF02FFFFA2224184D41D0
:1008B00000230021B07892000FF026FF0C4B241883
:1008C0004D41596900290BD0FA20029B8000CB1AB8
:1008D000584301310FF064FD00230200A4185D416C
:1008E0002000290006B070BD80EE360060EA0000EE
:1008F0001C010020284BF7B51D68284B28481F68AD
:10090000284B68401B680093FFF7FEFB244B040054
:10091000F818FFF7F9FB244A009B06009818FFF728
:10092000F3FB019020007040FFF7EEFB019B43407A
:100930001800FFF7E9FB04002818FFF7E5FB022287
:100940001A4B1B4E5A770123F56AAA681343AB6012
:10095000F36C022B0CD0032B14D00020012B0DD1F3
:1009600063BA2402240E2B802C70F36A186805E009
:100970001023DC4180B22C602880286801232C36AB
:100980007377FEBD009B2C602860F8180019FFF7F4
:10099000BBFB2860F1E7C0465000F81F5400F81F69
:1009A000B979379E6400F81F72F36E3C480100204D
:1009B0001C01002070B5164C40221648164912F052
:1009C000A1FF164D236DAB4204D18023626D5B0203
:1009D0009A4210D02000342200215C3012F046FDF3
:1009E00080235B02636501232565A3650DF0AAFAE8
:1009F0008C34206070BDA36D013B012BEAD823002D
:100A00008C331E680DF09EFA8642E3D1F2E7C046B1
:100A10001C0100206C01002000E0010854425544F4
:100A20007047024BD868C006C00F704700280040CE
:100A300010B5262204000021013012F017FD012319
:100A4000032223706271A37110BD03000348052BBC
:100A500003D8034A9B00D218106C7047D74B01088B
:100A6000C047010803000548022B06D00448FF2BAD
:100A700003D00448012B00D003487047117E0108C1
:100A8000D74B010819650108DF4B0108021E0BD086
:100A90000179064B40794B43054941435B189179F5
:100AA000FA2292004A4398187047C04680EE3600FA
:100AB00060EA000070B5041E28D085781F230688E0
:100AC0000B2D1DD80122A521AA400901013B0A4294
:100AD00016D10133022D13D1033BB20710D164218B
:100AE00030000FF0E3FC89B21D23002908D19131B9
:100AF0003000FF310FF0DAFC8BB25A4253411C3305
:100B0000E2780132D2B29A4201D8E27070BD01237C
:100B1000ED18EDB2E3700C2D01D8A570F6E70136A3
:100B2000A3702680F2E7F8B506000D00140001203E
:100B3000002A2FD0184B99422CD800271749D7717B
:100B400030000FF02DFC6421208030000FF028FCD5
:100B500064210FF0ABFC3000A17064210FF0A6FC03
:100B60002800E1700E490FF01BFC0D492071280090
:100B70000FF09CFC08000B490FF012FC0949607152
:100B800028000FF093FC0800FA2189000FF008FC00
:100B9000A0713800F8BDC046FF5B26051027000095
:100BA00080EE360060EA0000F0B585B00C001F1E34
:100BB000019203D10125280005B0F0BD0A9B002B4E
:100BC000F8D002AE3200FFF7AEFF051EF2D1019B56
:100BD000E4180B4B9C420CD832880A4BB178534333
:100BE00064224A439B18F2789B183B600A9B1C6066
:100BF000E1E7054B3000E418FFF75CFFE9E7C0468A
:100C0000FF5B26051027000000A4D9FA10B51022BA
:100C10000021024812F02AFC10BDC046AC010020A1
:100C2000002310B51A00180003210BF077FF0023F2
:100C3000032118001A000BF071FF002010BDC22222
:100C4000054B52009A5C0548032A03D8044B9200D6
:100C50009B18986D7047C0462C080020D74B0108A0
:100C6000C04701080121154B86B0DA6A0A43DA62EF
:100C7000DA6A0A400192019ADA6A49180A43DA628A
:100C8000DA6A0A400292029ADA6A02310A43DA62A6
:100C9000DA6A0A400392039ADA6A04310A43DA6292
:100CA000DA6A0A400492049ADA6A78310A43DA620C
:100CB000DB6A0B400593059B06B0704700100240AD
:100CC00030B587B004000D000C22002103A812F0FB
:100CD000CDFB0323200001A90195029308F00CFF2E
:100CE00007B030BD30B504000D0087B0002A0ED02B
:100CF000A1610C22002103A812F0B8FB01232000FF
:100D000001A90195029308F0F7FE07B030BDA1627A
:100D1000EFE7802330B50824154A9B02916B87B01A
:100D20000B4393630021220003A812F09FFB0C23C6
:100D3000A020042501A90193C0050A3B0293059553
:100D400008F0DAFE0B4B0A201A6815431D6008F004
:100D50007FFC0F22084B05201B681A629A69144316
:100D600010229C611A6208F073FC07B030BDC046C7
:100D70000010024000440040780A002010B5084BE3
:100D8000DB7F012B0BD1C021A020C901C005FFF7DB
:100D900097FFC021A020C900C005FFF791FF10BD3B
:100DA000A5010020A02010B50A49C005FFF788FF63
:100DB00009490A48FFF784FF09490A48FFF780FFFD
:100DC00009490A48FFF77CFF09490A48FFF778FFFD
:100DD00010BDC046619800001FF2000000040050E2
:100DE000F03D000000080050FBFF0000000C005028
:100DF000FFFF0000001C0050802110B500220B48AE
:100E00004900FFF76FFF0A4BDC7F012C0AD122005B
:100E100004210848FFF766FF220008210548FFF774
:100E200061FF10BD00220421F8E7C0460004005015
:100E30009F010020000800507FB50C22002103A86C
:100E400012F014FB1023A0200193842301A99B031B
:100E5000C005029308F050FE07B000BDF0B5B9B070
:100E60000692394A059111780300384C0220012975
:100E700053D1527800209A424FD8FA21344A9B002D
:100E8000D218936E89000493324B1F6E636BFF1868
:100E900038000FF085FA3C2106000FF081FA3C2162
:100EA00005000FF07DFAFA210790890038000FF055
:100EB000FDFA300002913C210FF0F8FA2800019170
:100EC0003C210FF0F3FA079B234A0091234810219D
:100ED00012F00EFC224B234A0393069BC02102937F
:100EE000059B08A80193049B00931C4B12F000FC87
:100EF00002001E20002A10DB48342378BF2A18D9AC
:100F00002E22AF3004A909180A700130164A04A92C
:100F100009180A80012B02D0022039B0F0BD6423E9
:100F2000C022124808A909F085FF002809D1002035
:100F3000F3E792B2012BEFD1002AF8D00B486333CC
:100F4000F0E70920E9E7C046CC0100209C01002021
:100F5000C04701089C000020E64B0108D401002096
:100F6000B0850108FC4B01080D0A0000180600209E
:100F70000CB430B5B3B036AB04CB04000D0002A8FE
:100F8000C021019312F03EFC03001E20002B04DB65
:100F90002900200002AAFFF761FF33B030BC08BC73
:100FA00002B0184770B5040086B00120002C15D09F
:100FB00008220021200012F059FA01AE0822002177
:100FC00004A812F053FA30000CF0DAFF031E07D029
:100FD0000F4A10490520FFF7CBFF1F2006B070BD58
:100FE00068466D460CF0F6FF002803D003000A4A5D
:100FF0000849EFE7FA22EB78D2009B1823806B7840
:101000003288A370AB78E370B378A280A371E5E770
:101010000E4C0108117E0108264C01088021802217
:10102000F0B5414C8900236D920087B019401342FE
:1010300015D13E4B3E4A1B6E90693E4C1B1AA34293
:101040000BD91177FFF78AFAFFF778FA230000909F
:10105000394A04203949FFF78BFF07B0F0BD9620CD
:10106000400008F0F5FAFFF779FA06008020FF212A
:1010700040020DF04FFB00283ED1FFF76FFA2B4FD7
:1010800005003B6E30000593FFF758FA04902800E6
:10109000FA25FFF753FA236D284EED0001930090D7
:1010A00031000320264A049B0295FFF761FF3B6E47
:1010B000059A9B1AAB4223D380238025226D9B0186
:1010C000134380222365236912032B4323611D4BA5
:1010D000A0241968E40511431960996802200A43A5
:1010E0009A60FA233100184ADB00FFF741FF5020D5
:1010F000A56108F0ADFAA56200220D4B1A77ACE7A6
:10110000322008F0A5FA8022236D92001342CED13E
:1011100090218020490080020DF0FCFA31000B4A3A
:101120000420FFF725FFE7E7001002409C000020A5
:101130001C020020102700003E4C0108784C0108DA
:101140007C4C010800040140C94C0108F24C010824
:1011500070B50300174C080086B0012919D0032B85
:1011600017D0627FFF2A1FD100216277A177012A61
:1011700000D0E17702250495A67F02950396647F4F
:101180000D4A00900D4901940320FFF7F1FE06B0CF
:1011900070BDA27FFF2A0AD10021A2776177012AC0
:1011A000E8D00122E277E5E70132D2B2DCE7013292
:1011B000D2B2F1E71C020020224D01086E4D010859
:1011C000054B10B51871FFF74DFC0300034A0220D0
:1011D0000349FFF7CDFE10BD00000020734D01084C
:1011E000CCBB0108F0B591B02022002108A812F074
:1011F0003DF9A94BA94DDB7F18009C46431E984141
:10120000A74B404218406B6B2D30FF30002B19D09C
:10121000A44E326ED71A874232D29B1A1C18A24BA8
:10122000A24A05936346A24903930290059B0320BB
:1012300001970094FFF79CFE200008F009FA336E36
:101240006A6B9B1A9A499B4A03200691FFF790FE0E
:10125000A02001220421C005FFF744FD642008F00E
:10126000F7F9954D954B2A689A420BD0A0200022A1
:101270000421C005FFF736FD0324200011B0F0BDA6
:101280003B00DFE70F270826FFF743FD28000EF09D
:1012900009F92C6814202762A3693343A36108F07D
:1012A000D7F92762A36964203343A36108F0D0F91A
:1012B000642305222800824909F0BCFD041E00D0E9
:1012C000E7E02B0004CB176291690E439661DA6F59
:1012D000202A00D0DBE029000831C8672221D96725
:1012E000704B28661B6E29000793152358310B801D
:1012F00029005A310B808023AA685B019A4204D1ED
:101300002B69002B12D0FF230EE0002A04D12B6999
:10131000002BF8D07F2307E080235B059A4237D16A
:101320002B69002BF6D03F23059333E00600654B75
:1013300008AF0593644A1380644B5F4D1B88002BF4
:101340002BD104352033EB67642008F081F9A0200D
:1013500000220421C005FFF7C5FC002C00D08CE75B
:101360001522069808A90DF0CBFF0123584D08A8B7
:101370006E796B710CF052FE731E9E41041E6E71ED
:1013800000D07AE7534A06990320FFF7F1FD74E78E
:1013900003000590270008AECCE796232021280003
:1013A000079ADB000DF0B6FC002850D020222B1D40
:1013B000DA67EFF310801F3A82F310882968464CF1
:1013C0000B6823400B6080F31088EFF3108082F3EA
:1013D000108829688B6893438B6080F310882B6E8C
:1013E00093420AD1EFF3108183F3108810202A680A
:1013F00013688343136081F3108840212B689B6836
:101400000B4234D0EFF31080012383F310882A6855
:1014100093688B43936080F310886C6F002C26D008
:1014200000232000A36308F013FB00281FD0E36B08
:10143000202B1CD12B0010220833DA670F222B68D7
:101440000C241A629969073A0A439A617CE72B686F
:10145000059A5B6A1340002E06D13B8002371B4A77
:101460001388013B9BB266E733700136F7E72B0028
:1014700000205A3318802B000F2104CB116294698D
:101480000739214391612022DA672866D6E70A24CA
:101490005AE70924F1E6C046210200201C02002080
:1014A000980800009C0000208E4D01089C4D01080A
:1014B000CCBB0108FA4D0108780A00200044004026
:1014C00040480108FF010000D40A0020D20A002091
:1014D00000000020484E0108DFFEFFFFF0B58BB092
:1014E000051E0691079203D1012420000BB0F0BD28
:1014F00008AE3000FFF756FD041EF6D133881F4CAE
:10150000B2785C4364235343E418F3783000E41862
:10151000FFF7BCFA2B00069A194E0C33010000931A
:1015200020007243043BFFF73FFB041EDCD1EF6851
:10153000686228616861134938000EF0B7FF08003F
:10154000FA2189000EF02CFF3100049038000EF0D3
:10155000ADFF08000B490EF023FF31000390380067
:101560000EF01EFF0290AB68074A0193069B0749E5
:1015700000930420079BFFF7FBFCB6E71027000051
:1015800080EE360060EA0000744E0108CCBB010812
:1015900070B51B4B1B4CDB7F012B2BD01A4D1B4E08
:1015A00029001B4A0220FFF7E3FC0022042130003F
:1015B000FFF798FB33695B071DD529000520154A05
:1015C000FFF7D6FC08211148FFF77AFB4022124BA7
:1015D000D9691142FCD004211A680C488A431A6068
:1015E0000139FFF76DFBFA20800008F031F8012384
:1015F0000434E37770BD29000120084AE0E7C046C3
:10160000A00100209C010020B54E010800080050F8
:10161000D54E0108BA4E010800480040D14E0108DD
:101620008023F0B52E4A2F4D916BDB020B4389B01E
:101630000421936328000122FFF754FB2B692A4EF3
:101640005B0749D531000120284A0824FFF790FCA8
:10165000012208212348FFF745FB2200002105A8AD
:1016600011F004FF0323022703A903931D48DB188D
:101670000793049708F040FA0A2007F0E9FFAC62EC
:10168000C82007F0E5FF0423194AAC6111680A205D
:101690000B43136007F0DCFF0F22164B05201B687D
:1016A0001A629A69144310229C611A6207F0D0FFF3
:1016B0000023114C31003800104D114AE377FFF739
:1016C00057FCE07F0335EB7F0E4A00900E49032064
:1016D000FFF74EFC09B0F0BD310005200B4AB4E71E
:1016E0000010024000080050B54E0108E64E010807
:1016F00000480040A0060020A00100209C0100201E
:10170000EA4E0108104F0108384F0108FA4E01084F
:101710000C4B70B5DB7F05000B4C0220012B08D170
:10172000E31CDD77FFF79EFA002D03D1FFF730FFB2
:10173000002070BD0434E37F002BF9D0FFF770FF69
:10174000F6E7C0469D0100209C010020F0B587B05F
:10175000FFF788FA644E654C736ADA0704D5802275
:10176000616B92000A4362639A0708D58021226B5D
:1017700049010A432263226B0A400092009A5A07E9
:1017800004D58022616BD2010A4362631A0704D533
:101790008022A16B92020A43A263DA0604D580225A
:1017A000A16BD2020A43A2639A0604D58022A16BE0
:1017B000D2030A43A2635A0604D58022A16BD20544
:1017C0000A43A263DB0503D50123626B1343636302
:1017D000331DDB7F012B0CD1002204214448FFF78D
:1017E00081FA08214248FFF76BFA03214048FFF7CE
:1017F00067FAFFF7D7FAFFF7FFFAFFF71DFB802321
:10180000626BDB0113436363C023DB000193A02001
:1018100002230025042701A90293C0050133049384
:101820000597039508F068F9324B0A201A680236CA
:1018300017431F6007F00CFF0F2208272E4B0520CF
:101840001B681A629A693A439A6110221A6207F079
:10185000FFFEFFF75EFA8023A26BDB031343290030
:101860003A00A36303A811F001FEC0231B010193FA
:10187000122301A9029321480C3B059308F03CF97F
:101880008023A26BDB05134329003A00A36303A85E
:1018900011F0ECFD8023A0205B000193EE3B02934E
:1018A00001A90B3BC005059308F026F9802301A987
:1018B0009B000F48019308F01FF9A0202A00802107
:1018C000C005FFF70FFA2A0020210C48FFF70AFA9B
:1018D000FFF754FA0A4A0B490320F577FFF748FB54
:1018E000280007B0F0BDC0469C0100200010024057
:1018F0000008005000380140180600200004005085
:101900003E4F0108B54E0108010000230F2070B5BD
:101910000A00DA400240092A11D80433202BF7D1FB
:101920000023012418000F260A250A00DA4032405D
:10193000624304336C438018202BF6D170BD002025
:10194000FCE7182806D8002803D0054BC340012027
:1019500018407047483843425841C0B2F9E7C04682
:101960005E110001F0B5461DF37F9DB01393831DFA
:10197000DB7F04001493C31DDB7F11930300083346
:10198000DD7F20331B781593030029331B781693D2
:1019900003002A331B78179303002B331B7813980B
:1019A0001893FFF7CEFF01231293984201D1139BA6
:1019B0001293129B1498F377FFF7C3FF0126B042EE
:1019C00000D1149E0027A31DDE77119BBB4206D0D9
:1019D0001800FFF7B6FF0137B84200D1119FE31D91
:1019E000DF77002D00D06BE00023199354226B4663
:1019F0009B18159A1B78002A00D00123DBB21A939A
:101A0000169B0A20002B00D01800179A0523002AE5
:101A100000D01300FA21642289005A4341431B93EA
:101A20008A4205D90A234343DBB2002B56D01B93CD
:101A300021001A9A28310A70189A4870013A8B705E
:101A400051424A412B34D2B2944622701399129AD1
:101A50008A4213D1149A964210D1119A97420DD10D
:101A6000199A95420AD1169A904207D1179A9A422A
:101A700004D1159A18990A43012A1ED964460C9379
:101A8000179B0E940B93169B189C09931A9B0A9014
:101A90000893159B04200793199B114A0693119BE9
:101AA00010490393149B04970193129B0296009391
:101AB000139B0D940595FFF75BFA00201DB0F0BD58
:101AC0002800FFF73EFF012803D11995AE4200D34D
:101AD0008CE7230000220833DA7785E70123A6E7A5
:101AE000814F01080D50010810B52D22040000217E
:101AF000023011F0BBFCA32309222370333B637037
:101B0000E31CDA77231D1B32DA7701230A21621DD9
:101B1000D377A21DD377E21DD37721321370517092
:101B2000537105392300917004222E3320001A705E
:101B3000FFF718FF10BD73B50400504D02202900B7
:101B40004F4AFFF715FA23784E49A12B03D04E498F
:101B5000A32B00D14D494E4A009102202900FFF7E6
:101B600007FAA61C637829004A4A0220FFF700FA08
:101B70000A223100484809F0C9FB210010224748D9
:101B80000C3109F0C3FB2100052245481C3109F046
:101B9000BDFBE11CC97FF37F424A0091022029006E
:101BA000FFF7E6F9231DDB7F3F4AD909019199062A
:101BB000890E009102202900FFF7DAF9631D290040
:101BC000DB7F3A4A0220FFF7D3F9A31D2900DB7F10
:101BD0000220374AFFF7CCF9E31DDB7F3549002BA4
:101BE00000D13549009102202900344AFFF7C0F99D
:101BF00023000833DB7F3249002B00D131490091AB
:101C0000314A29000220FFF7B3F9230028332900C5
:101C10001B782E4A0220FFF7ABF923002933290055
:101C20001B782B4A0220FFF7A3F923002A3329004F
:101C30001B78284A0220FFF79BF923002B33290049
:101C40001B78254A0220FFF793F92449244A8B7C0C
:101C5000898A022000912900FFF78AF921002300D8
:101C60002E3109782C331B782D34019121781D4AAF
:101C7000009102202900FFF77BF973BD0D50010888
:101C80003F500108115001081D500108165001086D
:101C9000605001087F50010899500108A9500108BF
:101CA000B5500108C5500108DE5001081651010861
:101CB00034510108317301086ABD0108525101080D
:101CC0003450010825500108765101089951010846
:101CD000AF510108C5510108DB5101080000002087
:101CE000F15101080852010870B508240300411899
:101CF000094D0A481A7812025040220006B24000EC
:101D000080B2002E00DA6840013AD2B2002AF5D142
:101D100001339942EED170BD21100000FFFF000099
:101D2000030070B5C0249D18080024010121A542BC
:101D300004D80349591811F0E5FD0021080070BDD1
:101D4000000C0808F8B5C023861805000F00012014
:101D50001B019E4212D807F0B7FE00280DD12C00BF
:101D60007B1B195D0A4BE0180DF014F8002806D013
:101D70000123084A51680B4353601E20F8BD01340B
:101D8000A642EDD10123034A51680B435360F5E7A6
:101D9000000C0808002002407FB56C460922002193
:101DA000E01D11F063FB134B134D009301232371CE
:101DB0006B7D10216371AB7D6846A3712B8B2381F2
:101DC0006E8B0136B6B26681FFF78EFFA081287F49
:101DD000502101300EF06AFB102229770801694674
:101DE000FFF7B0FF002802D16E8304B070BD1E2043
:101DF000FBE7C0464754534D9C020020F0B5002439
:101E00002600270097B00A2221004148009401943F
:101E10000494029411F02AFB102221000EA811F064
:101E200025FB0594079408940394069B0AAD0A9336
:101E3000009B10226B71019B2900AB71029B380142
:101E40006B81049B2C71AB81FFF76AFF0A9B0990A1
:101E500006936B792C790093AB7901936B8902938C
:101E6000AB890493002834D1069B2A4A934230D18F
:101E7000012C2ED1009B472B2BD8019B482B28D817
:101E80001022290012A811F03DFD099A102112A874
:101E9000AA85FFF729FF049B98421AD1039B002BC8
:101EA00003D0029B9B1B1B0413D41A4B0AAD0A934D
:101EB0000123102229000EA82B7111F023FD2B897C
:101EC000029E0593144B03941F77019B0793009B7D
:101ED00008930137502FA8D1039A0F4B002A08D13D
:101EE00001321A831A75FFF757FF00280CD01E2005
:101EF0000BE0089A5E835A75079A9A75059A1A83B9
:101F000001221A75002EEED0002017B0F0BDC04699
:101F1000B00200204754534D9C02002070B5154E6E
:101F20000500337D0C00012B05D0FFF767FF00286B
:101F300001D01E2070BDB37D0120AB42FAD9707D67
:101F4000482140190EF0B2FA1822A0235143DB00B9
:101F5000C8182100FFF7E4FE0028EAD103002100A1
:101F6000A27D16340D7801316B40A142FAD19A421C
:101F7000E0D0DEE79C02002070B50F4C0500237D09
:101F8000012B05D0FFF73AFF002801D01E2070BDBD
:101F90000021A67D0B00AE4207D9607D4831401973
:101FA0000EF084FA761BC9B2F3B26175A375FFF720
:101FB000F3FE0028EBD0E9E79C02002003000800B4
:101FC000991870B50124994208D3C0252D01A94262
:101FD00004D803490024591811F094FC200070BD66
:101FE00000000808012310B5002805D0027A002A55
:101FF00002D0FEF76DF90023180010BDF0B5CDB08A
:10200000040003910120002C3DD0A37B83423CD1EE
:10201000237A06AE0193A07A190001300EF046FA39
:102020006B4604911B7C3200059300230893A3891F
:10203000677A01339BB202931D4B7771069301239C
:102040003371029BF38009AB23CA23C33A00180003
:10205000039911F057FC390009A80C31FFF744FE31
:102060000199070060680EF09BF9049B0C22434322
:10207000180023683100C51828003781FEF7F6F8EC
:10208000002808D01E204DB0F0BD2000FFF7AAFFA9
:102090000028BDD0F6E72800627A03990C30FEF7DD
:1020A000E5F80028EED1059BA372029BA381EAE725
:1020B0004746435300B58DB001002F22684611F00A
:1020C00021FC6846FFF74EFC69460248FFF796FF81
:1020D0000DB000BD0800002070B5837B04000D002A
:1020E0001600012B06D12000320029000DF016FB4E
:1020F000002070BDFFF776FF0028F4D01E20F8E71F
:1021000073B56B460500DE1D320029000948FFF754
:10211000E3FF041E0BD133782800002B04D1FFF716
:10212000E3FC0234200076BDFFF71CFCFAE71E2416
:10213000F8E7C04608000020F0B591B00600012580
:102140000291002835D0002933D004A8FFF7D8FF2A
:10215000FD2305001D4018422AD102AAF03B9B181E
:10216000DF7F154C3800FFF7ECFB012817D0134F29
:10217000029B21001B68180003930EF097F97A1A4E
:10218000B94203D3641ABC4213D2E219029B0399E9
:10219000009330683300FEF707FD050009E07C433B
:1021A000002C06D0054B1F009C42E1D86708DFE7F2
:1021B0001E25280011B0F0BD80EE3600C0D401000D
:1021C000F0B5444B0025DB7F434C8FB0012B7DD114
:1021D000230048335B78012B78D1276B666B3B007B
:1021E0003343AB4201D1A76AE66A236D0025BB42A7
:1021F0006CD1636D0C93B34268D9384A9B1B9342F0
:1022000064D8374B310000933800364B364AFEF71E
:10221000CBFC051E5AD132493248FFF78DFF051E0F
:1022200054D1636D30000D932F4B30490B930EF05A
:102230003DF90800FA2189000EF0B2F82C490A9005
:1022400030000EF033F9080028490EF0A9F82849AB
:10225000099030000EF0A4F8244908900D980797D3
:102260000EF024F90800FA2189000EF099F82049AF
:1022700006900D980EF01AF908001C490EF090F81F
:102280001B4905900D980EF08BF80490236D1749AB
:102290000C9803930EF00AF90800FA2189000EF059
:1022A0007FF8134902900C980EF000F908000F49CE
:1022B0000EF076F80E4901900C980EF071F83B0084
:1022C00000900C4A03200C49FEF752FE28000FB084
:1022D000F0BDC0469E0200209C020020BFD4010039
:1022E000F0020020EC020020C0D4010060EA0000EF
:1022F00080EE360037520108CCBB0108F0B595B02E
:10230000FEF78FFB0590012811D0374B374CDB7857
:10231000002B04D00420364A3649FEF729FE00225D
:1023200070342280E2700224200015B0F0BD06A8AF
:10233000FEF738FE041EF7D108A8FFF7E1FEFD23E3
:1023400004001C40184249D1E03B02AA9B18DD7FE3
:102350002800FFF7F6FA012842D10221224BFF3173
:102360001A88224F8A4205D19A78AA4202D1DB7894
:10237000012BD9D03E002900703606A8B5700AF0AE
:10238000BDFE00282ED10223FF333380013BBD6FF9
:10239000FF3BF370B3782800174905930EF086F8D9
:1023A0000800FA2189000DF0FBFF14490390280072
:1023B0000EF07CF8080010490DF0F2FF0F49029072
:1023C00028000DF0EDFF01907B6F0D4E0093320061
:1023D000059B08490320FEF7CBFDA5E71E24A3E7D4
:1023E000059DBAE7059C9FE70C0300209C02002096
:1023F000C1520108CCBB010860EA000080EE360043
:10240000FD52010810B58EB002A8FFF779FEFD233A
:1024100002001E201A4216D1EF3B6B44DC7F2000E5
:10242000FFF78FFA012800D00124084B2100019307
:10243000074B08480093084A084B0AF0FDFB0028A8
:1024400001D1FFF7BDFE0EB010BDC0463D530108DF
:102450005A530108BC0200204356525320BF0200C9
:1024600000B58FB002A8FFF74BFEFD2302001E202F
:102470001A420FD1EE3B6B44D97F074B07480193BB
:10248000074B084A0093084B0AF0D6FB002801D1FD
:10249000FFF796FE0FB000BD70530108E402002064
:1024A00090530108544D474D00530700F0B595B0C7
:1024B0000F90002802D1012015B0F0BDFFF7A2FF58
:1024C000FD230A901842F7D1FFF7CAFF071E04D078
:1024D0000228F1D10A9B002BEED112AC2000FEF7AE
:1024E00061FD0028E8D12288864BA17853436422FD
:1024F0004A439B18E27820009B180B93FEF7C6FA1C
:102500000A9B0E90002B07D0002F00D1DBE07E4B02
:102510000F9A596D186DEDE00A9B0C937A4C0B9B4A
:10252000A56AE66A9D4203D35CD80E9B9E4259D8A9
:102530002200636C44320192220020001093230099
:102540002C32009229003200203028330AF064FC3B
:102550000028B1D10C9B6D4901330C93E36A0D93B4
:102560000C9B0D980893109B07930DF09FFF08009C
:10257000FA2189000DF014FF654906900D980DF0C1
:1025800095FF080061490DF00BFF614905900D981A
:102590000DF006FF0490A36A30005C4903930DF030
:1025A00085FF0800FA2189000DF0FAFE58490290D3
:1025B00030000DF07BFF080054490DF0F1FE544946
:1025C000019030000DF0ECFE2B00524A0090524971
:1025D0000420FEF7CDFC80230C9ADB009A429DD1AB
:1025E0001F2069E7002F00D081E001231093002510
:1025F000454C0B9A236D0D93636D0C930D9B934289
:1026000004D362D80C9B0E9A93425ED82600270012
:10261000E36E503654371193404A33000E990B98AD
:102620000097FEF7C1FA002800D044E739003000D7
:10263000FFF782FD002800D03EE7384B666DE0666C
:102640000893119B300031490135079309950DF02E
:102650002DFF0800FA2189000DF0A2FE2C490690FA
:1026600030000DF023FF080028490DF099FE28499D
:10267000059030000DF094FE0490236D0C982349D2
:1026800003930DF013FF0800FA2189000DF088FE76
:102690001F4902900C980DF009FF08001B490DF02E
:1026A0007FFE1B4901900C980DF07AFE1A4F0D9B8E
:1026B0000090390004201A4AFEF75AFC8023DB0000
:1026C0009D4295D18CE7109791E70A9B002B14D07F
:1026D000109B012B00D01AE7236DA56A9D4200D9FB
:1026E00015E7E66A03D3636D9E4200D30FE731001E
:1026F00028000F9AFEF717FADEE6FFF761FD0028C3
:10270000E6D0D9E6102700009C02002060EA000015
:1027100080EE3600A3530108CCBB010830750000E1
:102720002F540108F0B54624002393B005006C44F3
:1027300006A82370FFF7E4FC11AB1B78012B03D034
:102740000124200013B0F0BD04AF38002678FEF756
:1027500029FC041EF4D145226A443B791078834257
:1027600001D3B342ECD301900093044A2B000449F7
:1027700002960320FEF7FCFBE3E7C046C4540108C1
:10278000CCBB0108F0B58FB0070002A80E006C4664
:10279000FFF7B6FC002368462371FEF703FC051E15
:1027A0001DD136236B441A7823799A4202D86846A1
:1027B000FEF780F935236B441A7800232188637172
:1027C000A371084BA0784B43642141435B18E17827
:1027D00020005B183B602271FEF758F9306028003A
:1027E0000FB0F0BD1027000037B56B460400DD1DAB
:1027F0002A0021000748FFF76FFC002807D12B783B
:10280000002B03D12000FEF713F902203EBD1E204D
:10281000FCE7C046180000200021F0B5E1B040AE52
:10282000402212903000179110F020FEC64C17AFD6
:102830003A003D21200006F064FDC44D00280AD076
:1028400000903D2329000420C14AFEF791FB00249B
:10285000200061B0F0BDF9783B780291B978022090
:1028600001917978BB4A00912900FEF781FB3B7802
:10287000F52B05D1FB785F2B02D1BB78002B05D15E
:10288000B54AB2490220FEF773FBE0E7102B05D9E9
:1028900029000420B14AFEF76BFBD8E77A780220C2
:1028A00011929A00D2B213921399AD4A01910093FA
:1028B0002900119BFEF75CFB2000BB7832001199C8
:1028C00007F030F8BB78041E08D00190009329006F
:1028D000A44A119B0420FEF74BFBB8E7F1780220D5
:1028E0000491B178A04A03917178029131780093F4
:1028F0000191119B2900FEF73BFB3378FF2B00D0A1
:10290000B7E0B27873781343F278134301D001F043
:1029100078FC119B29000220944AFEF729FBBB7822
:10292000012B06D0012104200091914A2900FEF7D5
:102930001FFB854E8F4A3000119906F0EBFC0028F2
:1029400008D08D4A119B009029000420FEF710FB4F
:102950001E247DE7F42350AC2370119B0520637087
:10296000864B638006F074FE300022003D2106F0A5
:10297000D1FC061E03D03D23814A0090E4E7E178B4
:1029800023780291A178734A019161780220009125
:102990002900FEF7EDFAFE230193FD3B794A0093EF
:1029A0002900119B0220049603960296FEF7E0FA96
:1029B000B822754B26701B6E139306AB9B181E70C6
:1029C000614B34AF3A001800002112930AF074FDF5
:1029D0005E4C031E6D4A08D10121129850AA0AF0DC
:1029E0006BFD061E23D00300694A21000420FEF778
:1029F000BFFA0A2006F02CFE634B139A1B6E9B1A3B
:102A0000962252009342DBD350A9097806AB743A60
:102A10009B181B785F4A009104202900FEF7A8FA52
:102A200029005D4A119B0420FEF7A2FA90E794204A
:102A300006A940000918097827383B78574A0091C1
:102A4000FF382100FEF794FA08223B781342D0D0D9
:102A50002100534A0220FEF78BFA85213300182209
:102A6000490112980AF0F8FD21004E4A119B0220FC
:102A700011E7012B00D078E17378D42B01D001F05D
:102A8000C0FBB3780E2B01D901F0BBFB464ADA40FC
:102A9000D20701D401F0B5FB2900444A0220FEF719
:102AA00067FA06220021129810F0E0FC139940AC5E
:102AB00023780391E1783E4F0291A17802200191A1
:102AC00061783C4A00913900FEF752FA6378D42BC2
:102AD00002D0394A3900CAE7129AA5789370D570A6
:102AE0000E2D2CD828000DF0E7FC092D2A082A20ED
:102AF0002A2A2A2A2A2A2A2A2500042518AE33003F
:102B00004022280050A905F06FFF041E00D09FE668
:102B100033782AAA1493149920AB50A806F0A6FD86
:102B2000041E4FD0254B1C7292E60123129A0625F3
:102B30005370E3E70123129A0F255370DEE72B0051
:102B40001F4AC7E70225D9E71C030020CCBB0108B8
:102B500003550108325501085D55010885550108E6
:102B6000B5550108E25501081356010851560108F0
:102B70007656010845480108A4560108014F000097
:102B8000D4560108085701089C0000204F5701083F
:102B90007B5701083158010869580108A7570108F7
:102BA000D85701080C5801082B4000009358010821
:102BB000EB580108C0580108EF580108DC09002053
:102BC0001A590108914B34AE3380914BB570119373
:102BD0001B78904DF070012B24D1E86A002821D099
:102BE0003200202106F096FB002808D020238A4AD4
:102BF000009039000520FEF7BBF91E2492E7F37818
:102C0000864F0393B37839000293737802200193BF
:102C10003378834A00932023FEF7AAF9119B1B788F
:102C2000012B01D002247DE7E86A0028FAD029218F
:102C30007C4A06F06FFB002803D029237A4A0090D3
:102C4000D7E70323039402940194009339002633B9
:102C50000220764AFEF78CF9119B1C78012CE1D1F9
:102C6000ED6A002DDED020AB1B78002B00D159E798
:102C70006F4B052034AC349306F0EAFC3D2128006C
:102C8000220006F047FB6549051E03D03D23694A33
:102C90000090AFE7E07823780290A078664A019030
:102CA000607800900220FEF763F925700825634ED6
:102CB000376E584BD86A002848D034AC2200002127
:102CC0000AF0FAFB002841D123782B423ED05C4A1F
:102CD00052490230FEF74CF90123129A50AD13709D
:102CE0002B78584C13716B7840AE5371564B3200B1
:102CF0002380524B55491B6E5548E36023690133CD
:102D0000236100236380E3802372139B06F029F97B
:102D10003388129AA380129B280014995B7812784A
:102D20000AF0E8FE1298129B40789B780390129864
:102D3000484A4079394902901298007901901298D6
:102D4000C07800900220FEF713F980E50A2006F013
:102D50007FFC9622336E5200DB1B9342A9D334AB27
:102D600004201B783C4A2D49B4E7102B00D0D3E354
:102D700073785A1E032A01D901F043FA17AFB978C4
:102D8000364A01911199022000912900FEF7F0F8CE
:102D9000334B204E1879FDF758FE31008C310978FD
:102DA0000300029131006031097802200191310065
:102DB0008E3109782B4A00918D362900FEF7D8F81C
:102DC0003378002B00D18AE340A90B78134D264AB3
:102DD000102B00D080E3BA78C8784E781392049014
:102DE00089780193139B03910093290003201F4AC4
:102DF000119B0296FEF7BCF8701E032800D969E308
:102E00000DF06EFB36006003E101660301D4FFFFA5
:102E1000440300201C03002044590108EB5801081A
:102E20006F59010849480108A6590108D0590108FD
:102E3000F420014F065A0108365A01089C00002070
:102E4000615A0108DC09002001030000E5090020A7
:102E5000F8090020AF5A0108845A0108E55A010810
:102E60004C030020215B01085B5B01088D5B0108BE
:102E70001022002150A810F0F9FAF04EF04C3079F1
:102E8000FDF7E3FDEF4D030029000320EE4AFEF7B6
:102E90006FF8230060331B78002B08D03079FDF7E2
:102EA000D4FD29000300E94A0320FEF761F800275A
:102EB000230020000125260010223900603348300D
:102EC0001F7010F0D3FA636E28005B19303663660A
:102ED00035710CF075FA636EDD4ADA490320FEF7AE
:102EE00047F823008E331D702300DA4E9033326E84
:102EF0003900246B1A602AA8072210F0B7FA0822BA
:102F0000390034A8209710F0B1FABC4228D002232F
:102F10002900200034AA06F005FDB84220D107227E
:102F200034A92AA810F0EEFCA37BBB4205D10722EE
:102F3000E01D2AA910F0E6FCA5732AA8857903787C
:102F400005954579C44A04950579BE490395C57828
:102F5000029585780195407800900120FEF708F8E9
:102F6000FF21200020AA06F0CCF9209DFF2120009F
:102F7000013520AA209506F0CDF9326E0026D10940
:102F800053034B40290053405A0459404A405B09BF
:102F90005A40AB4BA94C14921293300007210DF00C
:102FA0008FFB9020149A06ABF2401B185B5C20A9A3
:102FB0005340032232408A5C371953406B227243DC
:102FC000013653403B72102EE7D1237A0295A17A45
:102FD0009C4F0191617AA14A00918E383900FDF72A
:102FE000C7FF1298042321219D4A006B06F0DAFCEA
:102FF00000280BD0390005209A4AFDF7B9FF0022BE
:103000008E4B05241A71984B1A704BE0042339003B
:10301000964A009303201D33FDF7AAFF129850AD86
:1030200004232A002121006B06F07CFC002875D0C7
:1030300000902123390004208D4AFDF799FF0224D6
:103040007E4D20002C717E4E0CF0BAF920000CF061
:1030500091F9139911980AF071F9041ECFD10AF071
:10306000C7FA784F834A39000320FDF781FF28799A
:10307000FDF7EBFCE97A03000591A97A032004919E
:10308000697A7D4A0391297A029131009031096869
:103090008E360191317800913900FDF769FF77484C
:1030A0000AF01AFC654E664D3079FDF7CEFC29001A
:1030B000E9238C31097806AAD21813780491704953
:1030C0008E3509786F4F039129786F4A02910190EC
:1030D000390002200094FDF74BFFE92306AAD3181C
:1030E0001B78012B00D0FCE1002C00D00AE23079E3
:1030F000022801D0FFF7ABFB2B78002B01D1FFF7A3
:10310000A6FBF17A337A0291B17A604A0191717A21
:1031100000913900FDF72CFFFFF799FB3200504971
:10312000280010F07BFB060073427341E97B584A8C
:103130000F91A97B03200E91697B0D91297B0C9146
:10314000E97A0B91A97A0A91697A0991297A089109
:10315000E9790791A979069169790591297904910D
:10316000E9780391A9780291697801912978009111
:103170003900FDF7FDFE002E00D160E7E17D237AE6
:103180000E91A17D434A0D91617D04200C91217D1A
:103190000B91E17C0A91A17C0991617C0891217CD1
:1031A0000791E17B0691A17B0591617B0491217BD5
:1031B0000391E17A0291A17A0191617A009139003B
:1031C000FDF7D6FE3BE734AC10220021200050AEC4
:1031D00010F04CF910220021300010F047F9184B84
:1031E000164D14932879FDF730FC164903002A4A3E
:1031F00003201291FDF7BCFE164BE87A196E149B62
:10320000264A8E331B780490A87A0390687A02903D
:10321000287A0190149890300068091A00910320D0
:103220001299FDF7A5FE2B79022B3BD005201C4AF5
:103230001299FDF79DFE042434E7C0464C0300209C
:103240001C030020EB580108DA5B0108075C010849
:10325000485C01089C000020735C0108A25C010826
:1032600054030020D25C0108AA030020E95C010895
:10327000205D0108625E0108805E0108E25E0108CF
:103280007C030020CCBB010825620108766201089E
:10329000595D0108E55D0108F15E0108195F01084B
:1032A000665F0108032314982B7122002521006B0F
:1032B000013306F037FB071E07D000902523E24AB2
:1032C00012990520FDF754FE99E6E17823780291E2
:1032D000A178DE4A01916178032000911299FDF7EF
:1032E00047FE14983100383009F042FFE97D2B7A0F
:1032F0000E91A97DD64A0D91697D03200C91297DFF
:103300000B91E97C0A91A97C0991697C0891297C3F
:103310000791E97B0691A97B0591697B0491297B43
:103320000391E97A0291A97A0191697A009112993F
:10333000FDF71EFEE17B23780E91A17BC54A0D911E
:10334000617B03200C91217B0B91E17A0A91A17A98
:103350000991617A0891217A0791E1790691A17921
:1033600005916179049121790391E1780291A17825
:103370000191617800911299FDF7FAFDF17B3378A4
:103380000E91B17BB44A0D91717B03200C91317B7E
:103390000B91F17A0A91B17A0991717A0891317A97
:1033A0000791F1790691B17905917179049131799B
:1033B0000391F1780291B17801917178009112999D
:1033C000FDF7D6FD3B00E25CF15C01334A40174358
:1033D000FFB2102BF7D1A14D002F3DD12B000426B9
:1033E00030331E712B008C331F70AB6E9C49013340
:1033F000AB669C4B20001A6EEF656A671A6E9A4B9B
:103400005B6B9B18AB652B00012260331A7009F0CF
:10341000AFFE03200BF0D4FF30000BF0ABFF13998D
:10342000119809F08BFF041E00D0E8E50AF0E0F8DF
:103430002B008E338D4A8E491F700320AB6EFDF733
:1034400097FD94358B480AF047FA2B68002B00D182
:1034500028E68348984725E62C0029000526EA6ED1
:103460008C3401322378EA667E4A3031126E0133A1
:10347000DBB2AA670E71804A7D4930002370FDF7E8
:1034800077FD30000BF09CFF04200BF073FF1399C5
:10349000119809F053FF002800D0B0E50AF0A8F811
:1034A0002B0098331B68002B01D0207898472A0006
:1034B0000023303271488E3513712B7001240AF0CD
:1034C0000BFAEFE56E4A29000320FDF751FDE9E50F
:1034D0006C4AF8E733006C4A29000420A9E6062468
:1034E000E0E5032B0ED13079FDF7AFFA674B3900D9
:1034F0001B78674A02932B780090019302202300E7
:10350000FDF736FD14235B422341DB0701D4FFF7AF
:103510009EF91F24FFF79CF9202B01D000F071FECB
:1035200040AB5B78013B022B01D900F06AFE290019
:10353000432517AB9B7802200093564A119BFDF759
:1035400017FD06ABED1801232B70534B534C1B7822
:10355000002B01D100F052FEE369002B01D100F0F5
:103560004DFE236A002B01D100F048FE1A7930335A
:1035700014921B78042A01D1002B38D1484A3C49C7
:1035800000930420149BFDF7F3FC0021E36B2A0059
:1035900001330800E36309F009FF012009F052FF3D
:1035A000287809F071FF09F0EFFF022311933D4BDA
:1035B0002A4D1879FDF749FA2B0060331B783A4CF5
:1035C00001930090119B21000220384AFDF7D0FCA6
:1035D000119B062B01D8FFF73AF9082B01D1FFF711
:1035E00036F92100324A0520FDF7C2FC91E702209E
:1035F00009F028FF11900028D9D120AD0100252223
:1036000028000FF033FF2A003021E06905F079FE31
:10361000174E00280BD03023264A00903100052099
:10362000FDF7A6FC062009F00DFF0723BEE70823DF
:103630003121E06921AA06F075F9159000283DD0E6
:1036400031231D4A0090E9E7825F0108B65F010857
:10365000E85F01084F600108B56001081C03002005
:10366000640300209C0000209C0100201B610108D5
:10367000EB58010845610108526101088B6101089E
:1036800095610108CC610108FB6101087C03002001
:10369000C562010809630108DC0300209C030020C7
:1036A000376301084C030020CCBB01080964010802
:1036B000346401085D630108846301088C212023C0
:1036C00006AA52181370E9792B780691A97902207D
:1036D00005916979CA4A049129790391E97802919F
:1036E000A9780191697800913100FDF741FC2B78B0
:1036F000202B07D00323C34A1193936B0127013377
:1037000093634BE020AEF3781193002BF2D17378E2
:103710001393013B022BEDD818AF202211993800EA
:10372000B5780FF0A3FE119B02200293139BB64ABB
:103730000093B64920230195FDF71AFC139B022B39
:1037400000D13AE1AF4B1293139B032B00D1FBE165
:10375000022D0FD02B00103B042BCBD828001138A2
:1037600050AC032800D97FE00CF0BAFEBA00C700C5
:10377000050115013379012B01D900F046FD50AE4A
:10378000300005F0A8FD002867D005F067FD002592
:1037900007009C4A1595536B01335363432406ABD2
:1037A000E4182200159918A809F000FE002800D09E
:1037B0003BE7380009F046FE002800D035E72078C6
:1037C00009F062FE002800D02FE709F0DDFE119B12
:1037D000002B00D0EBE68E4B11981978894A1870AF
:1037E000002900D1E3E6106F002801D005F030FF7A
:1037F000BFF34F8F874B884ADA60BFF34F8FC046C5
:10380000FDE7509B1B0ADAB2844BDB7F012B03D010
:10381000023B59424B415B00A52181487172B27253
:103820003100F372FEF7EAFB071EAED1200027221B
:103830003100443010F066F8230001226B331A7017
:1038400023006C331A70642320A94879434323670B
:1038500018AB1A700A795A709BE7337A002BD0D1D3
:10386000119B3B80032794E7200005F03FFD0028D3
:103870008BD13022357906A97679FF32521852ABB6
:1038800031002800DB7FD27F05F0FDFC002801D14C
:1038900000F0BBFC2E2306AAFF339B18DD7797238D
:1038A0005B009B18DE772000FEF75CF82000FEF737
:1038B00001FC0123051E09D112982F22210074302A
:1038C00010F020F80122574BDA77002350AA928C8F
:1038D00028003A80BB7005F0C1FC0325070058E7BB
:1038E000200005F003FD0025A84202D1A38C3B80F7
:1038F000023505F0B3FC07004BE7200005F0F6FCAD
:10390000002800D041E720AB1D79280005F0B0FC6D
:10391000002801D100F079FC002D08D0972306AAD9
:103920005B009B18DB7FAB4201D200F06EFC5022A3
:1039300006ABFF329B181D702000FEF713F8200025
:10394000FEF7B8FB0126051E08D112982F22210090
:1039500074300FF0D7FF334BDE772E005022280053
:1039600006ABFF329B181B787E703B7005F076FC2F
:10397000022507000DE7200005F0B8FC0025A8424D
:10398000B7D152ABDB7F06AA3B7097235B009B1835
:10399000DB7F7B70ACE7200005F0A8FC002809D194
:1039A0005AAB1B7878703B70788005F057FC0700A5
:1039B000149DEEE600231493F7E7681E052800D94E
:1039C00098E60CF079FD0303356A89A8164A174C6E
:1039D000D37F0133191CDBB2002B00D10121D17739
:1039E00005F0DAFA631DDB7F3B70002801D003236A
:1039F0001393139B7B70636BBB700023FB70D4E746
:103A0000AF6301089C030020E9630108EB5801083B
:103A10000804002000ED00E00400FA051F02002069
:103A20001800002020040020210400201C04002095
:103A30000023A24C1A0021000125A1480E7D002E72
:103A400003D02E009E40324392B2013308310B2B3B
:103A5000F4D1002301251900267D002E06D0667DB5
:103A6000002E03D02E009E40314389B2013308342A
:103A70000B2BF1D1431DDB7F7A703B70436BF970E8
:103A8000120A090ABA7039717B712830037C082543
:103A9000BB710023FB711F007BE620AB1A790A2A59
:103AA00000D9B2E33A70854B0232D2009B181879E4
:103AB0008349787058799B79B8700020FB708B1817
:103AC0001B6B38711A0A7B71BA711A0C1B0EFA71D2
:103AD0003B72092507005CE620AB1E790A2E00D94F
:103AE00093E3784A764CD37F0133191CDBB2002B69
:103AF00000D10121D17705F04FFA3E70023628340B
:103B0000F600A41923797B706379BB70A379FB70ED
:103B100000233B71EDE620AB1B79A52B00D074E3AD
:103B2000674C5822200000213C30644D0FF09EFC71
:103B300000226A702A740125634B3D701B6E1700CA
:103B400022636263E36224E6681E072800D9D1E598
:103B50000CF0C6FC080014009700C000600174015E
:103B6000E901950234A805F0C1FB0025A84200D068
:103B7000BFE63D9B053518933871BAE634A805F0C9
:103B8000B5FB002800D000E620AB1A7AD10704D597
:103B9000BD21187906AC0919C877910704D5BE2153
:103BA000587906AC0919C877BF2706A97F185107AD
:103BB00001D59979F97736AE120701D5DB79F3771C
:103BC000DD20DC2406A9091806A80019F37FFA7F76
:103BD0000978007805F057FB002800D115E334A8D8
:103BE000FDF7C0FE34A8FEF765FADB3C051E37D1B1
:103BF00050A8FEF785FA051E32D12E23DC2106AA35
:103C0000FF339B185218DB7F1278DD209A1A531E5F
:103C10009A41972306A95B005B1809180978DB7F96
:103C20002A485B1A591E8B41D318302206A9FF324D
:103C30005218D47FFA7F34A9A41A621E94411C1929
:103C400052ABF27FDB7F9B1A5A1E93412F22E4185E
:103C5000631E9C410FF056FE01221D4BE4B2DA7741
:103C60003D9B189318AB1C71002C07D0002D00D180
:103C700057E1280005F0F2FA070000E000270525CB
:103C800087E534AC200005F031FB0025A84200D0C8
:103C90002FE6E12306AA9B180A221B7853431A1C1D
:103CA000FF2B00D9FF223EAB1B7805253B70638DAF
:103CB0007A707B8000233B711BE6C04644040020E1
:103CC0001C040020210400209C000020100400207F
:103CD0002004002034AE300005F008FB002800D09E
:103CE00053E520AC257AEB0704D5E021237906AA19
:103CF00052181370AB070BD56079002804D00A2145
:103D000009300CF04DFBC0B2E12306AA9B181870D5
:103D10006B0704D5E223A27906A95B181A70E32287
:103D200006ABD2182D0701D5E3791370E02106AB5D
:103D30005B181B7812781343012B00D965E2E1234D
:103D400006AA9B180A221B785343002B00D15CE281
:103D500006A9D83252181178002900D155E21A1C50
:103D6000FF2B00D9FF22D2B28A4200D24DE23000AE
:103D7000FEF7A0F90124051E3AD150A8FEF7C0F9BC
:103D8000051E35D13EAB1C785AAB1B7806AAE41A47
:103D9000631E9C41E1239B18522206A9FF32521850
:103DA00012781B7812989B1A5A1E9341A922E41884
:103DB000E22352005B18521812781B7874309B1A59
:103DC0005A1E93415422E418E323FF325B18521821
:103DD00012781B7831009B1A5A1E93412F22E41847
:103DE000631E9C410FF08EFD0122B14BE4B2DA77E5
:103DF0003EAB1B7806AA3B70E1239B180A221B7876
:103E000053431A1CFF2B00D9FF22738D7A707B80DD
:103E10003C7129E734AC200005F05DFA00280BD195
:103E200063793B70A3797B70E379BB70237A387137
:103E30005A1E9341FB705CE500255AE534AD28001D
:103E400005F049FA002800D09FE420AB1A7AD10788
:103E500001D519796971910701D55979A97151076E
:103E600001D59979E971120703D5DB795A1E93417F
:103E70002B726B79052B00D9C7E1AB79012B00D9E7
:103E8000C3E1EB79032B00D9BFE129008948FEF794
:103E9000B5F82B7A06005A1E9341DBB212936B7968
:103EA00001241393AB791493EB791593002828D14F
:103EB00050AF3800FEF798FC061E22D1139B7C7988
:103EC000149AE41A631E9C41BB7929009B1A5A1E5E
:103ED0009341159AE418FB7977489B1A5A1E93412F
:103EE000E4183B7A754F5A1E9341129A6B37534030
:103EF000E4182722631E9C410FF004FD0123E4B265
:103F00003B70139A18AB1A70149A1C715A70159A58
:103F10009A70129ADA70002C00D1AFE6301E00D0F1
:103F2000A8E60527ABE620AD6B79A52B00D06CE1A8
:103F30002B79022B68D834A805F0D8F9061E00D0DA
:103F400091E00100952006AB40002C22C0180FF034
:103F50008DFA562101225A4B50AC2380FF31AB2001
:103F600006AB5B181A700423400006A909180B70F1
:103F7000638C54499B0B9B030B4363840223FF33E5
:103F8000A38406A94D33C9184F4B53360A70FF3628
:103F9000238506ABF618052320003370FDF7E2FCFD
:103FA0002B793278218D012B66D8A720DC2606AD2F
:103FB000400028180578A08C06ACA4192080BF20EA
:103FC00006AC0019C57752A8C47F36A8C477002B69
:103FD0000CD134AB1985E22306A95B181A7054235F
:103FE000FF335B181A78E3235B181A7034A8FEF7C6
:103FF00061F8061E37D112982F22743034A90FF0C1
:1040000081FC01222A4BDA7720AB1B79002B02D0EE
:104010000026032B27D1912006AB26220021C018B1
:104020000FF024FA9022012406AB9B1895211C70F6
:10403000032306AA52181370962206AB9B181C7015
:10404000023206AB9B181B481C702AA9FDF7D6FF4D
:10405000061E08D11298272244302AA90FF052FCDC
:10406000129B6B331C7020AB1B7930003B7033000C
:104070005A1E93417B7079E4022BB7D1A9E720AB9C
:104080001E79032E00D9C0E000D184E050A805F0CD
:104090002DF9051E1AD005F0E1F8002407000125CE
:1040A000002E7BD0002218AB1C705D705A807FE41C
:1040B0002004002018000020E00300209C030020C2
:1040C000A370000009240000010A0000504BDC7FAF
:1040D000002C5DD0022E59D02E22129B06A9FF3251
:1040E00052187933DB7FD47F129AE41A631E9C4105
:1040F00097235B007A325B18D27FDB7F07009B1A25
:104100005A1E9341E4183023129AFF337B325B1816
:10411000D27FDB7F9B1A5A1E9341E418129B52AA4E
:104120007C33D27FDB7FD31A5A1E9341E418002ED2
:10413000B8D1384A5AA912780978374B891A4A1ED9
:1041400091415222180006AFFF32D2199D300078FB
:104150001278121A501E82418A18A92118004900AB
:10416000C9199E30007809789F33091A481E814189
:1041700052185421FF31C91909781B780027CB1A2E
:10418000591E8B41D318E418E4B289E70400D0E744
:104190000225139F84E700273D003C0034AE300029
:1041A00005F099F8002804D005F058F8139D070091
:1041B00078E71A4B184A1B78002B1CD044325179EF
:1041C000737990795B1A591E8B41B179091A481E8F
:1041D0008141D0795B18F179127A091A481E814120
:1041E0005B18511E8A41317A481E81414A409B1812
:1041F000E418E4B256E7139F149D53E70823FFF732
:10420000D5F92900064AFEF73DFB0823FFF773FAAC
:1042100020040020380400209C0300200704002014
:1042200050640108F0B5C24CC24D277D28798FB08B
:10423000C0B2FCF717FCC04EFFB23B00009031004B
:104240000220BE4AFCF794FE637D0220012B2CD194
:10425000237D012B08D02B79012B05D13100B84AE1
:104260000018FCF785FE43E0237DDFB2012B08D167
:104270002B79FF2B05D131000420B24AFCF778FEE0
:104280002F71237DDDB2012B1FD10026AE4BAF4F26
:104290001A69267501329D711A613A6E9A6123007E
:1042A00030331B78B34202D11F200FB0F0BD3A6EFD
:1042B000E36BA749D31A312B1CD82800A54AFCF779
:1042C00057FEA369002B00D09E719A4A1379D9B288
:1042D0000891012B50D0247D1079E4B2C0B2FCF7D4
:1042E000C1FB23009C4A944900900420FCF740FE47
:1042F0000020DAE7E369E263A2690133E361002A9F
:1043000034D09079002831D096712800934AFCF778
:104310002FFEA0693E6E09F039FA636B002B01D0C5
:1043200028009847386E236A676AC018801BC51931
:104330002062002D17D00023894A00210CF0E4F9F7
:104340000023884A06900791380000210CF0DCF920
:10435000069A079B12184B41100019002A000023EF
:104360000CF0B2F90500A562E662AEE704207E4AD1
:10437000FCF7FEFDFF25CCE7FF2300261371FD3B74
:104380000693062200210CA80FF070F86F4B04AAC8
:104390001B6E099300239377D3771E236A4D04AADB
:1043A0009B181A000021280009F086F8031E2BD064
:1043B0006E4A61490420FCF7DBFD0A2005F048F94C
:1043C000624B099A1B6E9B1A962252009342E4D3C9
:1043D0001F2104A809180978574C04AB9B7F0420BF
:1043E0000091634A2100FCF7C3FD002E00D17EE05E
:1043F0002B0030331879FCF728FB8E352978030021
:1044000000915C4A210070E71F2304AA9B181A0040
:104410000121280009F050F8474C071E03D0030083
:104420002100554AC6E704A9C97F04AB9B7F534AC4
:10443000009102202100FCF79BFD102204AB9B7F22
:104440001342BAD021004E4A0220FCF791FD85218B
:1044500028003B00182249010CAD09F0FDF82800A6
:10446000FEF7DAF9002800D01EE72B78012B1FD1C8
:104470006E78AB7803966979022002912979414AD6
:104480000191E97800912100FCF772FD012E0FD116
:104490003100152008F096FB031E09D132001521CA
:1044A000062008F03BFB21000220374AFCF760FDA4
:1044B0003649069A244B0879012A1CD0022833D1A8
:1044C0001A008E321278002A17D00127CD7A304B8D
:1044D00004958D7A2F4A03954D7A0295097A0097B3
:1044E00001912100FCF744FD089E069749E7210051
:1044F000294A0220B5E6022816D119008E331B780E
:104500003031002B10D0C87A214B0490887A234A8E
:104510000390487A0290097A0220019101210091CA
:104520002100FCF725FDE3E61D4A0349E1E7C0460B
:104530009C04002000000020CCBB01087E64010820
:10454000A5640108DF6401081C0300209C00002012
:10455000EB580108206501087465010843650108EE
:1045600018AB0000B60300005E6501084F57010854
:10457000D16501080A6601087B570108A7570108A1
:104580009A6501087A660108AE6601084C030020AE
:10459000CD660108D96601084F6601083467010835
:1045A00098670108F7B505006424104B104E00937E
:1045B000104B376E0193336EDB1BAB420CD20122E2
:1045C000019B1A70336EFB1A5B19A34209D2346E39
:1045D0003C1B6419002C04D10122009B40331A704B
:1045E000F7BD200005F034F8E5E7C0469C04002044
:1045F0009C000020DC040020F8B5040001270E4DCB
:104600000E4E0378002B01D11800F8BD29000FF0E1
:104610005BF90028F9D0844205D0431E1B780D2B8E
:1046200001D00A2B06D183780D2B03D83200DA4053
:104630003A42EAD10230E4E735AA01080124000039
:1046400070B50500002405291ED9FFF7D5FF0134F8
:10465000002819D12800FBF750FE0400012813D0D0
:1046600028000A490FF030F900280DD00A2128004F
:104670000FF0E2F80124002806D10D2128000FF0E8
:10468000DBF8431E9841C4B2200070BDC767010823
:1046900070B505000C1E01D000230B602B780220A2
:1046A000002B09D0280011490FF00EF900280ED078
:1046B0000B30002C02D1072070BD01300378202B75
:1046C000FBD0092BF9D00EF02EFE2060F3E7280076
:1046D000FBF713FE03000620012BEDD02800FFF7A7
:1046E0008BFF43425841C000E6E7C046C767010858
:1046F000F0B50124344B354E87B0039333780590E1
:10470000A34250D1324B334D1B6E334A0293039B6D
:1047100042331B78A34204D0304BDB7F012B17D1EF
:104720002F4A29000220FCF723FC00270026284BF3
:10473000029A04931B6E9B1A059A9A421ED83B005C
:1047400029000520274A0096FCF712FC0C242AE0D9
:1047500029000220244A254BFCF70AFC3778012F58
:1047600009D107F00FFC002805D129003800204AA4
:10477000FCF7FEFBDAE71F4A1649D3E708F000F919
:104780000400031E12D10122039B029942331A70C6
:10479000049B02201B6E184A5B1A019329003B0000
:1047A0000096FCF7E5FB200007B0F0BD01361E2E99
:1047B00005D12900114A0520FCF7DAFBC6E7C8201D
:1047C000FFF7F0FEB3E7C0469C040020DD040020A4
:1047D0009C000020384F0108D36701081F02002009
:1047E0000F680108A4680108436801081027000049
:1047F000676801087C680108CF6801080269010840
:1048000070B50124194B1B78A34216D107F09CFC0C
:10481000174D184A29000320FCF7AAFBFA230822A7
:10482000154916485B0006F005FB002807D0290053
:104830000420134AFCF79CFB0834200070BD96202E
:104840004000FFF7AFFE0F48FFF752FF041E06D0EF
:10485000030029000C4A0420FCF78AFBEDE729003D
:104860000A4A0320FCF784FBE7E7C046DD0400208A
:10487000384F01082A69010842690108A006002092
:104880004B690108A86100006A6901089D69010877
:10489000024B80001B1818697047C0464048010849
:1048A000F0B5254C1600A5446A4600230124538127
:1048B000224A050012780F00A2421BD19E4200D06E
:1048C0003370AF212B001E4AC90004A80EF010FF60
:1048D0000A236B441A001B4904A808F021F8041E9F
:1048E0000CD0012F06D000902B000220164A174949
:1048F000FCF73EFB2000164B9D44F0BD154803A974
:10490000FFF7C6FE0400002E00D0307000280CD047
:10491000012F08D0FFF7BCFF2B0000900E4A0220A9
:104920000A49FCF725FB1F24E4E72B000B4A074943
:104930000120FCF71DFBDDE774FAFFFFDD0400201A
:10494000B869010888130000C7690108384F0108D9
:104950008C05000028070020ED6901080F6A010896
:10496000F0B500242600250089B006230220284A3D
:104970002849FCF7FDFA04940594172702ABFF18A9
:1049800000233A00012128003B70FFF789FF00282F
:104990001CD1059B01330593FBF7C6FB1E4B681C1E
:1049A0001B78022B28D801221C4B1A7007280BD128
:1049B000049B1B4A01931749059B02940096022011
:1049C000FCF7D6FA09B0F0BD0500D6E71F2806D1DE
:1049D000FD223B78063B13420CD10136DCE7030095
:1049E000093BDBB2012B01D90C2803D1049B013315
:1049F0000493D1E70134CFE7062700900197042004
:104A0000084A04497F1BFCF7B3FAE419D0E7C04613
:104A1000266A0108384F01089C000020DC040020B1
:104A2000A26A01084B6A0108F0B5FA27A54D93B0B8
:104A30002B6E7F000593A44BA44A039303990300B4
:104A4000069000970220FCF793FA3800FFF7AAFDC2
:104A5000059A2B6E00269B1A069A9A4209D89C4A00
:104A600005200399FCF784FA01229A4B1A701F243F
:104A700062E001235B420493974B03960793002166
:104A800006ABD981079B0A911F78012F65D10CAC29
:104A9000082220000EF0EAFC07F072FF8A4D061E85
:104AA00015D00300290003208C4AFCF761FA1F2E61
:104AB00000D09DE000241F260122864B82491A70F7
:104AC00005203300864A0094FCF752FACFE7854A66
:104AD00085498648277007F0D7FF854A061E0BD107
:104AE0000E2306AA9B181A0082488349677007F0B4
:104AF00017FF061E04D0814A330029000520D4E7A1
:104B00007F4E0EAF38700BA93000FFF7C1FD041EB9
:104B100015D1380006F03FFE041E10D12900794A55
:104B20000320FCF725FA674B059A1B6E29009B1A98
:104B30000220754AFCF71CFA200013B0F0BD072CC8
:104B40004CD130000AA9FFF7A3FD0A9C05202300E1
:104B50006E4A5D49FCF70CFA0C262000FBF7F8FAC8
:104B600005000128A8D0002C00DC81E0049B012571
:104B7000A34202D1039D0135EDB20420524F644A95
:104B80002300390001900095FCF7F2F9012204940A
:104B9000042D71D1002306AA13820122524239004A
:104BA0000B920E935B4A23002800FCF7E1F95A4868
:104BB00051490AAA07F0B4FE031E03901AD0390027
:104BC0002800564A0094FCF7D3F9554A3E49039B06
:104BD00000940420FCF7CCF90C24ADE72000FFF78B
:104BE00057FE290003004F4A0520FCF7C1F961E791
:104BF0000024B2E70BA806F007FF07280DD14048B4
:104C00000EA9FFF745FD484A0E9B00943900280085
:104C1000FCF7AEF90C230393D7E7002805D0FFF784
:104C200037FE2300414A0090F0E70B9B3900032038
:104C30003F4A00940393FCF79BF9039B002B13D18D
:104C4000284A3C493C4807F01FFF03900028BCD18C
:104C500039003A4A0320FCF78BF93948FFF7A2FCE8
:104C600001235B4204930AE7364A039B0094CDE795
:104C7000012302005B420493124B0699186E059BB8
:104C8000C31A994210D81049012A03D100932E4A21
:104C900023009EE701200F4A10702C4A01940096D1
:104CA0000430FCF765F9E2E6059B181A069BC0186C
:104CB000FA235B00984200D91800FFF773FC0395B4
:104CC000DDE6C0469C000020384F0108F56A010867
:104CD0003F6B0108DF040020DD040020776B010832
:104CE000F76C01089F6B0108AE6B0108B86B0108F7
:104CF000C46B0108F06B0108B80B0000FA6B0108E7
:104D0000280700202B6C01085F6C0108876C0108E4
:104D1000206D01084F6D0108A66D0108B16D0108F5
:104D2000A46F0108CC6C0108086E01085B6E0108D5
:104D3000B46E0108919A0108FA6E0108066F010825
:104D4000DC050000446F01080D7001087470010853
:104D500010B5002805DB05300A210BF0CBFB00B2B3
:104D600010BD0538F8E737B500236A460124D38023
:104D7000174B1B78A34213D1164D174A2900022066
:104D8000FCF7F6F86B46154815499A1D07F0C8FD63
:104D9000041E07D0030029000520124AFCF7E8F89A
:104DA00020003EBD21001048FFF772FC041E09D010
:104DB000FFF76EFD290003000C4A0520FCF7D8F828
:104DC0001F24EDE729000A4A0220FCF7D1F8E7E7A3
:104DD000DD040020384F0108B2700108FA6E0108A6
:104DE000905F0100D570010828070020F2700108CB
:104DF0000B710108F0B50126002589B07642040048
:104E0000039601200295AC423AD029005822200096
:104E10000EF02CFBFF23A3706B46A3486670991D10
:104E2000DD8007F001FEA84206D103A806F0ECFDE4
:104E3000A8420DD1039B6370039B002B22DB012B47
:104E400020D001232370994B1B6EE364002017E0F0
:104E50000728F1D1964802A9FFF71AFC029D280005
:104E6000FBF776F90128E7D12B00924A92490430EA
:104E7000FCF77EF802231F2023708C4B1B6EE3642B
:104E800009B0F0BD6A4600238C48911DD38007F01D
:104E9000CBFD00283CD1864D04A92800FFF7F8FB84
:104EA000002835D1280086490EF00EFD051E2FD0B2
:104EB00007352B78202B10D0092B0ED028008149E4
:104EC00006AB05AA0EF048FC022821D1069B032B55
:104ED00000D087E02B00202102E00135E9E7013313
:104EE0001A788A43FBD118000278854277D22C2A9F
:104EF00073D1451CAB4274D900230A22280007A9AC
:104F000007930EF0A5FA0323079AE37095426BD13D
:104F10006A4600236C48911DD38007F085FD002868
:104F20001BD1634D069006A92800FFF7B1FB0028AE
:104F300013D1280065490EF0C7FC00280DD00730BA
:104F40000378202B58D0092B56D0614907AA0EF0C0
:104F500003FC012801D1079BA3700422E37893434B
:104F6000012B67D16A4600235A48911DD38007F070
:104F70005BFD00285ED14E4D207207A92800FFF787
:104F800087FB002856D1280053490EF09DFC0028CD
:104F900050D009300378202B30D0092B2ED025009B
:104FA0002C2108350EF048FC002838D001224B4E49
:104FB00001300378093BDBB2192B23D83100D940EB
:104FC0000B00134011421BD1E71DC25C0D2A1BD9F7
:104FD000222A22D02C2A1CD11FE0013884E72C2A57
:104FE00087D00323E37093E78022520290428FD24E
:104FF0000123A080A3718BE70130A1E70130C9E74D
:105000000130D6E70023DFE7354E012116410E427D
:1050100003D00133FA543F2BD7D10022EA54237A2C
:10502000002B07D028002F490BF0A8F9002801D049
:105030000123E3716378FF2B0CD0012B0AD00123ED
:1050400023701A4B58221B6E2100E36426480EF091
:1050500059FCFBE6E378032B05D004229343012B94
:1050600012D00323ECE7A17901290BD1A2880823F0
:10507000132AE5D01A2A05D81C4BD3400B4201D085
:105080000923DDE70723DBE7A378012B01D022709A
:10509000D7E7E379012B01D00523D1E7062222705F
:1050A000220048321370CCE7A66D01089C00002056
:1050B0002807002017710108384F010832710108D4
:1050C0003E710108AECB010846710108527101081A
:1050D0008EC301085A71010867710108010080023E
:1050E000FEDBFFFF71710108E004002004010004F1
:1050F00003000448092B03D8034A9B00D218906B85
:105100007047C0467971010840480108F0B5C34BAB
:10511000B1B00793C24B1B78012B01D00AF038FACB
:1051200074220021BF48C04C0EF0A0F90022BF4BF2
:1051300001201A77BE4BBF491A6E23000133D8777E
:10514000BD4BA262029002300093BC4ABC4B01905E
:10515000FBF70EFF582200211AA80EF087F9B24F74
:1051600001213A00B74B3A3208931378B14E01331C
:10517000DBB21370AE4A03200992126EFA62089AEB
:10518000D177B149B14A00913100FBF7F1FEFA2025
:105190008001FFF7ADFAAE4A051E0FD1A04B1C7877
:1051A000012C5DD1AB48FFF73FFC051E5AD0079B91
:1051B000A94A43331B78012B5CD1A84A3100052052
:1051C000FBF7D6FE2C00A64BDD773B0058223A3386
:1051D0001D7804AB9B181878FFF78AFF5B2204AB9D
:1051E0009B181A789F4B052A03D89F4B92009B1857
:1051F0001B6E1CA904911AA989788E4E9B4A0391B3
:10520000029301902B00310004200094FBF7B0FEC4
:10521000874B854D1B6EAA6A9B1A079A43321278F8
:10522000012A00D0B4E0924A31000520FBF7A0FE2D
:105230001F2406226B1CDA772B1DDC770335EA7FEF
:105240008848022A03D8884B92009B18986F0090D8
:10525000884B894A774901940520FBF789FE64E071
:105260000125A4E7854A8649864807F00DFC051EFE
:1052700006D0854A2B0031000520FBF779FEA1E717
:10528000824A31000220FBF773FE0223089AD3778B
:10529000634B1B78012B4BD0380058223C301AA9A5
:1052A0000EF030FB3A1D7B1CD477002C8DD10322ED
:1052B000DA770AAA76487749148007F031FB5D4E09
:1052C000031E3BD031000220734AFBF751FE0AF067
:1052D000ABF931000220714B714AFBF749FE012501
:1052E0006E4B0AA91800079307F09AF9002838D1E5
:1052F0000AAB0193079B310000936A4A2B000230EE
:10530000FBF736FE099B1CAE1D6EBB6A3A37ED1AE1
:105310001AAB1878FFF7ECFE3B78634A01904549D9
:10532000032002960095FBF723FE200031B0F0BD6C
:1053300043481AA903F028FA0400ADE721005B48AE
:10534000FFF7A6F9002806D0FFF7A2FA3100030004
:10535000574A0120B9E73100564A0220FBF708FE00
:10536000B5E7344B022007930323534A0093079970
:105370002B00FBF7FDFD032D05D1504A07990220B4
:10538000FBF7F6FDBEE74348FFF70CF90135A7E749
:105390002A003C321278691C082A03D1AB1CDB8F2F
:1053A000474A41E7092A03D1AB1CDB8F454A3BE75B
:1053B0000C2C20D1032A1ED12A0042321278012A55
:1053C00019D01A4A107F012815D001231377022221
:1053D000CA77002203353100EA7704203A4AFBF706
:1053E000C7FD264A264927480AF048F8FA20C00097
:1053F000FFF7D8F8AEE62A00344F38321178681C2F
:10540000BB4267D92800029439300078304A0190B5
:10541000009131000520FBF7ABFD0AE79C0400205A
:10542000DD0400203C0200201C0200201C0500209E
:105430009C000020384F0108C02709008171010835
:1054400060EA00001D020020E8710108C97101082E
:10545000F271010844480000217201080672010837
:10546000200200207971010840480108EB7301080F
:1054700031740108707701087677010847720108D6
:10548000527201085D7201086A7201089772010880
:10549000A4720108B80B0000B0720108397301084A
:1054A000487301085D730108B073010828070020E4
:1054B000D77201081A7301087F7301089B730108F2
:1054C00071740108C274010814750108BF2709002E
:1054D0006F750108022936D804240127C477C91939
:1054E000E81CC777C9B20237117020002E4A019319
:1054F00000970B003100FBF73BFD310020002B4AE9
:10550000FBF736FD2A4A2B492B4807F0BDFA041E4B
:1055100000D08EE62948FFF745F8FFF724FC041E6B
:1055200006D003003100264A0520FBF721FD80E666
:105530002248FFF737F80AF02BF8224A31000320FF
:10554000FBF716FD06E62A0039321778002F25D121
:1055500005210124C17703350339E977147031003F
:10556000194A0193042023000094FBF701FD310048
:10557000164A0420FBF7FCFC154A31002000FBF71B
:10558000F7FC3800FCF7C4F8C82004F061F82000EC
:10559000FCF7BEF809F0FCFF0E4ACFE701930E4A74
:1055A0000B000294009734E7AF750108E475010819
:1055B0001F7601082976010833760108DC05000012
:1055C0003F760108667601088B760108C0760108EF
:1055D000F0760108067701082B770108F0B5002462
:1055E000844B854F9DB002931C707B1DDC77834BF1
:1055F000834E03930123039A3100D377029B814AA0
:105600001B6E03203B63804DFBF7B2FCFFF7A8F94C
:10561000029B1B78022B0AD97C4A31000420FBF73D
:10562000A7FC0222FB1CDA770C34250026E0784B1D
:105630001B78012B00D0C4E0EA7F032A00D0ABE046
:10564000744A7549754807F01FFA0500FAF76CFDB2
:10565000029B1B78022B08D8002D24D02B00310090
:105660006F4A0420FBF784FC75E0310004206D4A8A
:10567000FBF77EFCFB1C02222C00DA7703225F4B37
:105680000020DA77FCF744F85D49061E00D19EE061
:105690000223654A0520FBF76BFC0223634AD3779C
:1056A00030001DB0F0BD0223039AD377029B1B6E1E
:1056B0000593504B059A1B6E51499B1A5C4A039106
:1056C000934205D904205B4AFBF752FC0C2636E0D6
:1056D00006AC5822002120000DF0C8FE2000FFF784
:1056E00089FB0600031E4DD13800210058223C30B2
:1056F0000EF008F92078FFF7FBFCE57803004E4C2C
:10570000052D03D84D4AA9005218146E04AA927AA6
:105710000320049204994A4A019100940399FBF7EB
:1057200027FC002D03D004AB5B7A012B2FD0049B08
:1057300003200093434A23003149FBF719FC300052
:10574000FAF7F2FC002E33D00C2304203E4A2C49F9
:10575000FBF70EFC0C25274B294E1B78022B29D872
:105760003A4A3B493B4807F08FF90400FAF7DCFC62
:10577000002C00D182E723003100374A0420FBF7D8
:10578000F7FB7BE70420354A0399FBF7F1FBFA208E
:105790008000FEF707FF8CE7274B062A03D8304B23
:1057A00092009B185B68310003202E4AFBF7E0FB58
:1057B0000025D0E7310004202B4AFBF7D9FB2B4B07
:1057C00059E731002A4A0420FBF7D2FB2DE70423D6
:1057D0000A4AD377029B274A1B6E7B637B1DDC77CB
:1057E000124BD877244B019400950320FBF7C0FBA4
:1057F00056E7C0469C0000201C0200201E0200202C
:10580000384F0108A37701081D020020F87701082E
:10581000DD040020627801086D78010878780108BD
:10582000B579010885780108F97A0108200200207D
:10583000973A00005D790108797101084048010834
:10584000E37801080F790108807901081E7A0108C0
:105850002976010833760108877A0108367901082C
:10586000C0480108EE7901082B7A01081F020020C8
:10587000BF7A0108277B010812710108F0B56D4C51
:1058800089B003006C4A0691009104202100FBF7C7
:105890006FFBFFF7A3FE002808D00223210004209D
:1058A000664AFBF765FB002009F068FE644B1D7833
:1058B000082D28D0A827092D26D0FBF7A7F900240A
:1058C000604B2200142106201C71069B07F026F96C
:1058D000C42201215C4B52009954043A491899544E
:1058E0005A4B5B4DDB7F042000935A4A23005A49F0
:1058F000FBF73EFB09352000EC7703F071FCA0427A
:105900005FD01E205DE03027FBF780F90123534C68
:105910002374A574FBF785F8012867D1FCF772FDA5
:10592000022845D1FCF79CFD02284CD101234C4AAA
:105930006374D27F4B4B012A4FD0002219004831AB
:10594000497801294ED1196D5B6D012A06D1626932
:10595000914203D304D8A2699A4201D36161A36141
:105960002800FFF7C5FBA56907903F4928000AF00A
:105970009DFD0800FA2189000AF012FD3B490490C0
:1059800028000AF093FD080037490AF009FD37495D
:10599000039028000AF004FD02906369344E0193DD
:1059A0003200079B234900970420FBF7E1FA86E7C2
:1059B000002806D139002F4A2F48FBF78FFD002819
:1059C000B0D009B0F0BD0028FBD139002B4A2C48DB
:1059D000FBF784FD0028A9D0F3E7996A6161D96AD1
:1059E000A161ABE7012A00D067E7B9E70023637440
:1059F000E12380221B017B43E361154B52021A66AF
:105A00008023204A20495B020320FBF7B1FAE669B4
:105A10001E4B2800F618E661FFF76AFB03008020A2
:105A2000400201901A4A0349029600970420FBF7AE
:105A30009FFA44E7CCBB0108617B0108A77B010802
:105A4000580200209C0500202C080020240500207E
:105A50001C050020FF7C01082B7D01089C01002013
:105A60009E0200209C02002060EA000080EE3600CA
:105A7000ED7B01085A530108BC0200209053010835
:105A8000E4020020587C0108117E01080000FFFF9D
:105A9000907C0108F0B514000F270A4D46180378D2
:105AA0001B09EB18DB7F2370037801303B40EB18B8
:105AB000DB7F63700234B042F1D1002349008B5484
:105AC000F0BDC046C1480108F0B504008BB001200C
:105AD000002C00D18BE0637A002B00D187E0238873
:105AE000444A934200D882E008202056424A05905A
:105AF000A079424904906079039020790290E0787F
:105B00000190A07800900220FBF732FA2000FAF70B
:105B100032FB06000F00FAF784FF394B069300288A
:105B200035D11900374A0230FBF722FA2388069351
:105B3000E378A578079326796779A479330029005B
:105B4000079A069801940097FAF70AFE079B2E4AD7
:105B50002B4901930320069B04940397029600951A
:105B6000FBF706FA0023294A294953670B80CB70BB
:105B7000111DCB7711004831936713849362D36270
:105B80000B80CB70136553652249234A2BE008A88C
:105B9000FBF708FA002803D00420204A0699C3E73F
:105BA00008A8FAF7E8FA361A8F41FA1739001500F3
:105BB0005140754013000F002E00B61A9F4102207D
:105BC0003300174A0699FBF7D3F9002F02DC08D1FE
:105BD0001E2E06D91E23134A06990220FBF7C8F988
:105BE000A4E7114A06990320FBF7C2F900200BB085
:105BF000F0BDC046E30700002E7D0108384F0108C4
:105C0000117E01086C7D0108157E01089C020020B0
:105C10000C030020CCBB0108427E0108967D0108E0
:105C2000B87D0108D27D0108F07D0108F0B5B94CBE
:105C30000500A5440027B84E0991282802D8B74B83
:105C40008200D658B64BB74A0893099B089900932F
:105C500001203300FBF78CF98623B34CFF33E55466
:105C6000B24B00201A6ECE235B00E25001220C33AF
:105C7000E250203BE05403F0B3FA0A90002801D030
:105C800001F04FFC681E272801D901F045FC0AF0FD
:105C900027FC2800430CBC00C300CA00C300EB0073
:105CA000CF00F000FB0015011E0172017901C10156
:105CB000C801D2011502BE001D0228028803BB03E1
:105CC000D209D809E309E709ED09F809110B150B09
:105CD0005B0B660B7E0B820B950BA50B3A0C220C13
:105CE0003E0C002303211A00180006F017FF0023C2
:105CF00004211A00012006F011FF002307211A00D9
:105D0000022006F00BFF002309211A00032006F0F1
:105D100005FF00230D211A00042006F0FFFE0023DA
:105D200011211A00052006F0F9FE002314211A00A3
:105D3000062006F0F3FE002318211A00072006F0C3
:105D4000EDFE00231B211A00082006F0E7FE0023C9
:105D50001F211A00092006F0E1FE002323211A006A
:105D60000A2006F0DBFE002325211A000B2006F096
:105D7000D5FE0021032006F025FF011E00D08EE095
:105D8000042006F01FFF011E00D088E0072006F067
:105D900019FF011E00D082E0092006F013FF011E4A
:105DA00000D07CE00D2006F00DFF011E00D076E053
:105DB000112006F007FF011E00D070E0142006F04D
:105DC00001FF011E00D06AE0182006F0FBFE011E54
:105DD00065D11B2006F0F6FE011E60D11F2006F0E3
:105DE000F1FE00285BD10121233006F0EBFE011EFD
:105DF00055D1252006F0E6FE002850D1C2235B00D5
:105E0000E0540A984A4B9D44F0BDFAF709FFC223BB
:105E100001225B00E254F4E7002305211A0001206F
:105E200006F07CFEF3E70122002306211000F7E7CD
:105E3000099B012B18D1FA2308993E4A9B000420A4
:105E4000FBF796F88022FA203B4B52009A618000C3
:105E500003F0FEFB72B6BFF34F8F384B384ADA605F
:105E6000BFF34F8FC046FDE7002308211A00022030
:105E7000D6E7A02000220421C005FAF733FF002353
:105E80000A211A000320CBE768342478012C09D1B9
:105E900021000B2006F096FE2200031E04D01B23D7
:105EA0000A93AEE700231A000B21032006F036FE0A
:105EB000C22201211C4B52009954A2E701210C205F
:105EC00006F080FE031EEAD101220C21DAE7FBF77F
:105ED00089F9051E05D003001A4A04200899FBF72A
:105EE00047F8B6AE3000FBF75DF8002830D004204C
:105EF000154A0899FBF73CF8280003F0BFF8031E89
:105F000004D00420114A0899FBF732F82B00002234
:105F10000921B7E7ACF7FFFFD74B01082449010877
:105F2000CCBB0108A87E01082C0800209C000020A2
:105F300054080000CC7E01080004005000ED00E091
:105F40000400FA05ED7E0108237F01086C7F01083B
:105F500032889A4BB178534364224A439B18F278B3
:105F60009B18974A91688B4201D09360C4E7022046
:105F7000944A0899C8E707F0C5FB00231A000E21D0
:105F800004204DE7904C914E277D3079FFB2C0B28E
:105F9000FAF768FD8E4B8F4D08931B78290001930B
:105FA00000903B0002208C4AFAF7E2FF237DDFB22B
:105FB000012B19D139000F2006F004FE031E00D07A
:105FC0006DE73A000F21042006F0A8FD247D30790A
:105FD000E4B2C0B2FAF746FD2300009029007F4AE0
:105FE0000220FAF7C5FF63E7089B1B78012B0CD151
:105FF000247D3079E4B2C0B2FAF734FD230000907A
:1060000029000420764AFAF7B3FF00230E211A0074
:1060100004204BE7FEF706F9021E00D0ABE10300B7
:10602000ADE7002310211A00042006F077FDC223FB
:1060300001225B00E2546B4809F010F904000120D2
:1060400003F006FB002C33D1674809F007F9040080
:10605000012003F0FDFA002C2AD1012003F0F8FA08
:10606000604809F0FBF80400012003F0F1FA002C6D
:106070001ED15E4809F0F2F8002819D1B6AC03230E
:106080002200E0215A4808F09DFE002810D120008F
:1060900009F0F2F8A37883420AD12288554B564979
:1060A00052BA13408B4203D1544809F0D7F8FFE6A7
:1060B000534A54490520FAF75BFFF9E60021132003
:1060C00006F080FD002800D1F2E6E8E60121152067
:1060D00006F078FD021E00D0E1E60300152106203F
:1060E0009EE6D4210023484C0EAA56AE52183370B7
:1060F0001370237C012B00D09BE0637C012B00D02C
:106100000BE1FAF78EFC012817D0A07CFEF7F0FF18
:106110003E4A030008990420FAF72AFF2849002282
:106120000B0060331A700B000A71613362311A7010
:106130000A70130014210620B8E6B6AD2800FAF75D
:1061400031FF002800D016E12A881C4BA978534360
:1061500064224A439B18EA7867699B189F4206D8D5
:106160005CD12800FAF792FCA369984256D2264CDB
:10617000A07CFEF7BDFFA6690500254930000AF0A6
:1061800095F90800FA2189000AF00AF921490390DB
:1061900030000AF08BF908001D490AF001F91D4989
:1061A000029030000AF0FCF81B4C01902B002200FA
:1061B000089900970320FAF7DBFEAFE710270000ED
:1061C0009C050020AA7F01089C04002000000020FC
:1061D000B4080020CCBB0108F47F01081E80010830
:1061E00047800108173500005D800000C8EF0000FF
:1061F000A80500203F0800000708000098B0000034
:10620000838001088E8001089C0100209280010893
:1062100060EA000080EE3600DA800108A07CFEF71C
:1062200067FF0300654A08990320FAF7A1FEFAF711
:10623000EDFC634A634B1278012A64D063331B7808
:10624000012B60D1FCF7DEF8022843D0002800D0F3
:1062500091E05D4D31002A005C485D4C06F0C8FEBF
:10626000002800D087E03378012B33D12800FCF7D9
:1062700059FA307000282DD1B6A976A8FCF782FA19
:10628000002827D1B69D534928000AF00FF90800CD
:1062900051490AF085F8E76A4E49049028000AF04F
:1062A0007FF8769E03904B49380002960AF0FEF87C
:1062B000080049490AF074F84649019038000AF08C
:1062C0006FF80090A36A0320444A4549FAF750FE4C
:1062D000A662E562FCF7C4F8022843D156AB1A78EF
:1062E00043AB1B783749012A47D10800613002705F
:1062F000080062300370012A03D0013B5A42534127
:10630000DAB260310A700121162006F05BFC031E30
:1063100000D0C4E5012216210DE7E569002D1BD050
:1063200080235B029D4200D91D002E4B2E4A2F492F
:106330001D6603202B00FAF71BFEE669A07C761B86
:10634000E661FEF7D5FE2A4A0300089901960095FA
:106350000320FAF70DFEE1E6A07CFEF7C9FE254A10
:10636000030060E7002806D1234A244843A906F029
:106370003FFE0028B2D01F2392E5012BB5D00022AA
:10638000062013000A71142106F0C8FBC222012165
:106390001B4B5200995403201A4A1149FAF7E8FDA1
:1063A0002FE5012009F0EAF80121172006F00AFC88
:1063B000031E00D073E50122172190E63681010803
:1063C000FC0500209C0500205A530108BC02002057
:1063D0009C02002080EE360060EA0000FE81010889
:1063E000CCBB01081C050020587C0108117E010867
:1063F00068810108C381010890530108E40200206C
:106400002C08002059820108D74BB6AE1B7830000B
:106410000993D64CFBF774FEFD231842ABD1D44B45
:106420000EAA9B18DD7F099B012B00D12CE2D14ADB
:1064300008990320FAF79CFDCF4F03203900CF4A7B
:10644000FAF796FDCE48FEF753F9002800D02FE268
:10645000CC4CCD492200CD4808F0CCFF2200CC49DD
:10646000CC4809F00BF82200CB49CC4806F00CFBD5
:10647000002800D01CE22200C949CA4806F004FBEB
:10648000002800D014E22200C749C84806F0FCFAF0
:10649000002800D00CE2FEF7B3F9002800D007E294
:1064A0003900C34A0330FAF763FD2200C149C248EC
:1064B00006F0EAFA002800D0FAE1FEF754FC0028C2
:1064C00000D0F5E12200BD49BD4808F093FFBD4B67
:1064D000BD4D180022002900099308F08BFF22000F
:1064E000BA49BB4808F086FF2200BA49BA4808F00A
:1064F00081FF2200B949BA4806F0C6FA002800D048
:10650000D6E1FEF703FE002800D0D1E19D4C290022
:106510002200099808F06EFF09F0C8F909F084F824
:106520003900B04A0320FAF723FD2200AE49AF48F4
:1065300006F0AAFA002800D0BAE12200AC49AD4822
:1065400006F0A2FA002800D0B2E12200AA49AB4826
:1065500006F09AFA002800D0AAE12200A849A9482A
:1065600006F092FA002800D0A2E12200A649A7482E
:1065700006F08AFA002800D09AE12200A449A54832
:1065800006F082FA002800D092E12200A249A34836
:1065900006F07AFA002800D08AE12200A049A1483A
:1065A00008F028FFFEF72CF9002800D080E1390020
:1065B0009D4A0330FAF7DCFCFA208000FDF7F2FF79
:1065C0009A4B1C78012C37D19948FEF72DFA031EFF
:1065D00034D0984A39000420FAF7CAFC09F0DAFAF4
:1065E00009F064F90220944A6349FAF7C1FC0124D6
:1065F00076AE0A22002130000CF038FF90210023F3
:1066000049000EAA521813808C488D4956AA06F0EC
:1066100087F9594D00284BD00A2301900093290097
:1066200023000420874AFAF7A3FC0A2C00D094E048
:1066300029000420844A4BE00123CAE7514A8349D8
:10664000834806F021FA031E01D0824AC2E7010006
:10665000582230000CF00AFF744B1B78012B11D12B
:1066600031007D4802F090F8041E0BD13078FEF71F
:106670003FFDB8A903000091784A39000320FAF7DA
:1066800077FCABE73078FEF733FDF278744B052AE0
:1066900003D8744B92009B181B6EB178724A02911A
:1066A00001930090230039000420FAF761FC95E77C
:1066B000300005F001F9002841D1737A002B3ED05B
:1066C0003000FFF701FA002832D12900674A023072
:1066D000FAF74EFC3900664A0320FAF749FC654A8E
:1066E00008990320FAF744FC02F04AFD002800D084
:1066F00041E6FEF773FF041E00D03CE60125FAF7E1
:1067000085FA1A4B184A142115701A006032147059
:106710001A006233613214701C70220023000620BC
:1067200006F0FCF9C222544B52009D54FFF769FB5E
:1067300001232900514A0420FAF71AFC75E7FEF7F5
:10674000A7F84F4B019002930A23390000934D4A5A
:1067500023000420FAF70CFC67E7FA208000FDF71D
:1067600021FF013444E7C046FF0500209C050020BE
:10677000A702000091820108384F0108D182010868
:10678000A861000004830108128301081A8301082C
:1067900024830108348301084683010853830108D8
:1067A000628301087F8301089E830108BF8301087B
:1067B000E283010819840108248401083184010856
:1067C0003B84010851840108478401085D84010865
:1067D000F06B0108658401086F8401087B8401085F
:1067E0008684010893840108C3840108D9840108C0
:1067F000028501081B850108478501085E8501089F
:106800007785010888850108B3850108C3850108DB
:10681000008601080D8601081C86010838860108DB
:10682000568601086686010878860108DD04002086
:10683000E02E0000B4860108CB870108F587010827
:10684000B80B000000880108C988010852720108CD
:106850005D720108FB86010830750000338701086E
:1068600079710108404801086E8701083B880108DA
:106870000B890108408901082C0800205188010873
:1068800028070020868801082379012B0AD1AE4A07
:1068900008990320FAF76CFB02F072FC002800D084
:1068A00069E52071FEF732FC011E09D0A74802E01D
:1068B000A74B01001800FEF7E1FF0A90FFF7A1FACD
:1068C0006B425D41EBB22500613513932B78012BB0
:1068D00007D1230062331B78012B6ED0139809F087
:1068E00065FA62342678012E00D073E3994D9A4AF6
:1068F00029000320FAF73CFB09F04CF908F0D6FF19
:106900001BA819ACFBF7FCFB1BA8FBF714F9002331
:10691000220056A91BA82780E770677104F024FDA8
:10692000238807000993E3780E9363791293002874
:1069300000D079E301004C2243A80CF097FD099B9D
:1069400033AD2F70002B04D08023099A9B009A420C
:106950003CD93700002301200693129B0590049335
:1069600019AB19797D4D03910E997A4C02919B7860
:1069700021000193099B7A4A00932B00FAF7F8FA59
:10698000002F00D026E3774B0EA95B181B78764AC0
:106990000593764B03205B181B7821000493C8AB4A
:1069A0001B880393724B0293B8AB0193B6AB1B7871
:1069B00000932B00FAF7DCFA0CE304206D4A0899E7
:1069C000FAF7D6FA2B78012B8BD187E727A8FBF7AC
:1069D00097FBFD231E271842BCD127A8FAF7C2FF58
:1069E00031AB1B7829001493634B1800089305F012
:1069F00017FE0400071E02D12B78002B15D15F4A29
:106A00005449089B0520FAF7B3FAD42101230EAAB2
:106A10005218137043A9023B4C22B6A844930CF0C1
:106A200071FF002C96D11F2794E7D4220EAB9B1840
:106A30001E70012334005B422900953A45A8449317
:106A40000CF02EFF4E4B0B934E4B0F9301220F9BDE
:106A50001A700B9B41331B780C93934200D007E1D3
:106A6000AF210023484AC900B6A80CF041FE00231C
:106A70000EAA9384454917AAB6A805F051FF07004E
:106A8000031E21D00520424A3249FAF771FA032346
:106A9000304D00932900230002203E4A0197FAF767
:106AA00067FA032C00D0E5E029003B4A0520FAF7FD
:106AB0005FFAD42102230EAA5218137043A94C2264
:106AC000B6A80CF01FFF45E7344D769076A9280054
:106AD000FDF7DEFD0D9000280BD0FDF7D9FE030079
:106AE00076982F4A00901B490520FAF741FA1F2794
:106AF000CDE701235B4218932B78002B10D02800A0
:106B000000E0013003780D2BFBD00A2BF9D0303B8D
:106B1000092B12D8234918AA0CF01EFE01280CD10B
:106B2000189B0C490893002B40DA1C4B1E4A052089
:106B3000FAF71EFAFDF714FFD9E72B78002BDBD00C
:106B400001350A2BF9D1D7E77D890108C5890108EC
:106B5000AF890108384F0108278A0108248E0108EF
:106B60003D8F0108EB0200008C8F0108EA02000053
:106B700071170000D1890108408A0108528A010872
:106B80009C040020DC0400206C8A010888130000AB
:106B90008D8A0108098B0108298B0108280700202C
:106BA000A98A01088EC30108CC8A0108089B01202C
:106BB000C74AFAF7DDF901230F93C64B1593C64B6D
:106BC0001093C64B1B780133DBB2002B58D0C34A5D
:106BD0001E0013700122159B33AF1A7001233C78FD
:106BE0005B421793002C00D1B0E1AF21099BB6ADF9
:106BF0000293BB4BBB4A01930097089BC900280036
:106C00000CF076FD099A0999540024182A1856A800
:106C1000FEF740FFAF21C900091B281922243300C9
:106C2000B14A0CF065FDB149AD4B0B910999B04AE1
:106C3000029101930B99089B009702200396FAF7A3
:106C400097F90EABE418002322002800A9492380FD
:106C500005F066FE2488071E14D00300A64A05200E
:106C60000B990094FAF784F90A2F25D10A2724E01A
:106C700037000CE7FA208000FDF794FC0134E5E6CC
:106C80000C9BA4E776AD2900200005F05BF918A95C
:106C9000119028001897FDF7FBFC071E22D0FDF786
:106CA000F7FD03001199954A0191189902950091F9
:106CB0000B990520FAF75CF90C27032302200093B7
:106CC0008F4A0F9B89490197FAF752F90F9B032BC3
:106CD00000D193E1FA208000FDF764FC0F9B0133A3
:106CE0000F936CE732002800089917ABF9F72CFBDB
:106CF000002820D1179B012B14D1824A089B0B99A5
:106D000000960230FAF734F9149A78497E4B012A3A
:106D100000D071E17D4A0420FAF72AF90C9B099C06
:106D20000D931AE101937A4A089B0B99009605206E
:106D3000FAF71EF9C0E7FE2C11D92300754A0B990A
:106D40000520FAF715F932002800089917ABF9F772
:106D5000FBFA0028B0D1179B012BADD1D4E76E48C8
:106D6000109B109A98666D4B0F21D3665B4A151DD8
:106D7000FF222A81FE3A6C816F73AF732A73026817
:106D80001162E11804F072FE041E08D005F0EEF85E
:106D90002300634A0B990520FAF7EAF866E7AB7B14
:106DA000012B07D105F0E2F85E4A0B990520FAF7AE
:106DB000DFF85BE75C4B1B6E11936B899AB20B9209
:106DC000FE2B1ED8130022220EA976AC52180B9867
:106DD0002100138005F0B6F8544B10939B7B012BD8
:106DE00012D105F0C3F80F224B4B40491B68052018
:106DF0001A62109B4E4A5B8900949BB2FAF7B8F86E
:106E000034E7FF230B93DEE732002000089917AB2D
:106E1000F9F79AFA002816D105F0A8F8179B33491C
:106E2000012B0BD1404B11981B6E424A1B1A019348
:106E30000096089B0220FAF79BF865E701933E4A0B
:106E4000089B009673E7109B5B89FE2B0FD905F01A
:106E50008DF8109B394A5B8924499BB20520009428
:106E6000FAF786F832002000089917AB6FE72E4B2F
:106E7000119A1B6E9B1A324A934221D905F076F87B
:106E80000F22254B08991B6820001A62320017ABAD
:106E9000F9F75AFA154900280BD1179C294A089B83
:106EA000019400960230FAF763F8012C00D003E752
:106EB0002AE70B9B244A01930294089B0096F8E66C
:106EC0000122044B0A201A7002F0C2FB75E7C0468B
:106ED000F18A0108DC0400209C0500200006002047
:106EE00071170000428B01083BCF0108384F0108A1
:106EF000598B0108881300008E8B0108B48B0108A0
:106F0000018E0108E98B0108248E01082F8E0108EB
:106F1000138C01084F8C0108A006002028070020D0
:106F2000798C01089C8C01089C000020040600203C
:106F3000C18C0108EC8C01081F8D0108548D0108DB
:106F4000973A0000828D0108B48D01080520DE4AC1
:106F5000DE49FAF70DF80C9F0D94002208981100F5
:106F6000FDF79EFCD949002F4AD1099B02200193CD
:106F7000D74BD84A0093029633ABF9F7F9FF0623B3
:106F800043A90B70089B0EAA449355AB1C808F231A
:106F90005B009B181E702023FF339B180D9AB6A828
:106FA0001A704C220CF0AEFC002F00D0D2E40E9BE5
:106FB000002B00D1CEE41800FAF7DEFFC349071E0C
:106FC000C54B25D00E98C54A01901E200090193857
:106FD000F9F7CEFFC24AC34B1278012A01D1FFF75D
:106FE00088FB62331B78012B01D1FFF782FB1398DA
:106FF00008F0DCFEFFF77DFBBB4A8CE60024ACE723
:107000000523BA4A18000097F9F7B2FF0523B7E73E
:10701000B748B84A807D01900E9800900320F9F798
:10702000A7FF0C9B129395E42900AB4BB24A0420B6
:10703000F9F79EFF8EE4002319211A000720FEF7BE
:10704000EFFE01211A2005F0BDFD031E01D0FEF761
:1070500026FF01221A21F1E7002318211A00EDE78B
:1070600000231C211A000820FEF7DAFE00211D2053
:1070700005F0A8FD021E01D0FEF711FF03001D213F
:10708000F1E700229D498B6D8A650C210B4200D1EE
:10709000E7E090200EA9400009180A7080300EA980
:1070A00009180A709A0801241100DB0821402340C6
:1070B00009910B93224272D0FBF720F9002867D187
:1070C000B6AC2000F9F76EFF002801D0FEF7E7FE0E
:1070D00022888B4BA178534364224A43844F9B18E8
:1070E000E2787D6F9B189D423FD8BE6F04D120008F
:1070F000F9F7CCFCB04238D33B0070339C7881491F
:107100003000614309F04CF964235D43FB6F45197E
:107110009D422AD02100B6A8FD6705F0EFFF0028A8
:1071200001D0FEF7BCFEBC6F7749200009F0BEF924
:107130000800FA21890009F033F972490390200010
:1071400009F0B4F90800704909F02AF96D49029074
:10715000200009F025F901907B6F6C4E00933200FE
:107160002B0003200899F9F703FF0B9B002B19D183
:1071700001210A2005F026FD002801D0FEF78FFE30
:1071800001220A210B9B033005F0C8FC604A5EE037
:10719000604B0341234201D0FEF781FEE5E70B9BE4
:1071A000002B58D0FBF72EF9002804D15A4A5B482F
:1071B00056A905F057FE1C2801D9FEF770FE584C61
:1071C0002300C340DB0701D4FEF769FEFBF748F953
:1071D000002804D1534A544876A905F043FE1C28E0
:1071E00001D9FEF75CFEC440E40701D4FEF757FE68
:1071F0003C4A56AB10001978394B6230197076ABA7
:107200001B780370012903D0013B59424B41D9B28D
:107210001300603319700999002900D184E100231B
:107220001371364A3C3313664049414A0320F9F74B
:107230009FFE01210A2005F0C5FC031E01D0FEF7C8
:107240002EFE01220A21032005F068FC394A3A4942
:107250000320F9F78DFE00231E211A000820FEF7F7
:1072600025FE364A1F4B1478012C0FD12100152022
:1072700005F0A8FC031E01D0FEF711FE2200152127
:10728000062005F04BFC2E4A0899E1E71A79012AFD
:10729000E1D00124152021001C7105F093FC031E90
:1072A00001D0FEF7FCFD22001521062005F036FC7A
:1072B000244AE9E700231E211A00D4E600232021F6
:1072C0001A000920FEF7ACFDEA8D0108384F0108CD
:1072D00071170000828E0108248E0108D38E0108E8
:1072E000FD0500209C0500205A8E0108A98E01088A
:1072F0009C020020058F0108308F01081C0500202A
:107300001027000080EE360060EA0000D38F0108ED
:1073100075900108FBFFFFEF5A530108BC020020E3
:107320000500001090530108E4020020117E0108BE
:10733000587C01081A900108CCBB0108FC0500200C
:107340001A910108659101080121212005F03AFCFC
:10735000031E01D0FEF7A3FD01222121B1E77D4BE1
:107360001A79012A13D00125152029001D7105F075
:1073700029FC031E01D0FEF792FD2A0015210620EC
:1073800005F0CCFB0320744A0899F9F7F1FD0023BE
:1073900022211A0095E73300704A08990120F9F775
:1073A000E7FD0121242005F00DFC0122031E01D080
:1073B000FEF775FD24210A20FEF732FD330020265A
:1073C000674D664A08990120F9F7D2FD0120AE61A8
:1073D00002F03EF90023AE621A00EBE776AD28001A
:1073E000FBF702FA5F4F022804D138002900183059
:1073F000FAF704FE769A2B79120A1B061343A2228F
:10740000380001330EA9FF325218190A1370517057
:10741000190C1B0ED370917018302900FAF7EEFD8D
:10742000514E524A31000220F9F7A2FD31002B786B
:107430004F4A0220F9F79CFD769A2B79120A1B0617
:10744000134331004B4A0220F9F792FD31006B796A
:107450000220494AF9F78CFDAB794849002B03D04B
:107460004749012B00D14749009102203100464A8B
:10747000F9F77EFD002576ABEB18DB79002B06D003
:10748000009331002B000220404AF9F771FD0135CD
:10749000202DF0D1B98CFB1CDB7F022000913C4AEF
:1074A0003100F9F765FDB6A8FAF72AFE022802D1E5
:1074B000B6A8FAF7FFFDB6A8FAF73DFB0121262092
:1074C00005F080FB031E01D0FEF7E9FC0122262116
:1074D0000B20FEF7A5FC2F4B1A78012A13D00125AB
:1074E000152029001D7005F06DFB031E01D0FEF76D
:1074F000D6FC2A001521062005F010FB0320264AA1
:107500000899F9F735FD002327211A00E0E7C22387
:1075100003225B00FEF77EFCC22302225B00FEF723
:1075200079FC1E23FEF7BCFC1C78012C00D092E6EF
:10753000099B21001520137105F044FB002801D0A0
:10754000FEF7ADFC22001521099B063005F0E6FA96
:10755000124A7CE69C050020A89101085593010879
:10756000000400500000002003920108E991010886
:10757000079201081D920108349201081150010878
:107580001D500108165001084A9201086592010831
:10759000F15101081406002080920108CA900108E8
:1075A000012310B5282802D8FEF740FB030018007D
:1075B00010BDF0B58FB008AC200003F037FE0028F6
:1075C00061D1A678AF4B282E02D8AF4BB200D3586A
:1075D0000120AE4AAE49F9F7CBFC351C282E00D964
:1075E0002825A168AB4AEDB200291DD0681F2028CC
:1075F0001AD808F061FF1111194219404040193E94
:107600003E3E193C3C193A3A3A1938381936363662
:107610001919191946464400012301205B01D318AA
:1076200018729D48006ED861C3235B00D55488232F
:10763000E078FF33D05460681133D050C82008334D
:10764000D150E16840000433D15013580133135036
:1076500004381358013313502800FFF7A1FF0FB06F
:10766000F0BD0823D9E70723D7E70623D5E705238D
:10767000D3E70423D1E70323CFE70223CDE70B238E
:10768000CBE70A23C9E71C28E9D1FAF737FE02281D
:1076900033D10023814A824C7E4D0492185D0B2821
:1076A0000ED84201AA181769002F09D07A4E9269A4
:1076B000316E002A00D19BE08A1A974200D897E0E9
:1076C0000133032BEAD1734A00231400107A0028F7
:1076D00000D13FE1049A6E4C9B00D3182100714AFF
:1076E0005B6B0120F9F744FC210001206E4AF9F799
:1076F0003FFC002001F074FDB1E70028AFD106ACDB
:107700002000F9F74FFC0028A9D12288674BA17807
:10771000534364224A43664F9B18E2787D6F9B185F
:107720009D42B6D8BA6F049205D12000F9F7AEF9A0
:10773000049B8342ADD83B0070339E785D4904982A
:10774000714308F02DFE64235D43FB6F45199D4294
:107750009FD031002000FD6705F0D0FC03000590AC
:107760000120002B00D07AE70122534B4A4E494CAE
:107770001A70336E5149E367BB6F1800049308F029
:1077800095FE0800FA21890008F00AFE4949039095
:10779000049808F08BFE0800484908F001FE4549AE
:1077A0000290049808F0FCFD01907B6F444A00931E
:1077B0002B00374D03202900F9F7DAFB2900414B54
:1077C000414A0220F9F7D4FBC3230A20326E5B0042
:1077D000E0521233E25001220833E250059A04339A
:1077E000E250C6225200A35805990133A35034E752
:1077F000013828240A280ED808F05EFE062A313AFD
:107800006A737C858F99A100EB1DDC7F042C02D06C
:10781000062C00D005241C4BA000C3582B4A1C4941
:107820000120F9F7A5FBC3235B00EC54882300215A
:10783000326EFF33E9541133EA50C6220833E9505F
:1078400052000433E950AB5820000133AB5004E739
:107850002B0046331C78072CDDD00824DBE72B00F7
:1078600066331C782300093B032BD4D90A24D2E7C2
:107870002B0086331C7823000D3B022BCBD9102420
:10788000C9E7C046D74B010824490108C092010846
:10789000CCBB01082C0800209C000020C048010837
:1078A000F14801085E930108719301081027000058
:1078B0009C02002080EE36009408002060EA000060
:1078C000D192010820930108339301084C930108D9
:1078D0002B00A6331C78112C9DD0132C9BD0122486
:1078E00099E72B00C6331C782300143B032B92D955
:1078F000152490E72B00E6331C78182C8BD01A2C1B
:1079000089D0192487E72B00FF33DC7923001B3B48
:10791000022B00D87FE71E247DE793235B00EC5CFD
:1079200023001F3B032B00D875E7202473E7A32314
:107930005B00EC5C232C00D16DE724246BE7B323C0
:107940005B00EC5C252C00D165E7262C00D162E7BA
:10795000272460E70133DBB220320C2B00D0B5E6E0
:107960000C4A0D490120F9F703FB86230222FF335D
:10797000E2540A4B0120196ECE235B00E150CA216C
:107980004900635801336350C4235B00E054043B57
:10799000E254AFE690930108CCBB01089C000020A4
:1079A000F7B5314B0192C55A0400954205D900251F
:1079B000C5522E4BC552643BC5544B190093019BD5
:1079C000AB4203D8284B019AE252F7BD009B1978CD
:1079D000264BE35A0D2901D00A2936D1002B26D097
:1079E00090210022C900E3185B181A70635C93426F
:1079F00018D060261E4F5F32E35D61185E43A61902
:107A000030000BF04DFF00225F363270E05D0C213C
:107A1000013008F04BFD174AE155A35C0B2B0BD846
:107A20000133A3540023114AA352643AA354009B88
:107A30000135ADB20133C1E79C26F600A05D0C21F3
:107A4000013008F033FDA155ECE75E2BEFD8074875
:107A50005A1C92B22252E31864381B181970002382
:107A6000A21812181370E2E7E6040000E404000014
:107A7000E1040000E2040000F7B5040008000E0075
:107A800008F086FC002560270D4B0190E35C009315
:107A9000009AEBB29A4201D80020FEBD9C23DB0085
:107AA000E05C0C21401908F001FD7943019A60184F
:107AB00031000BF0E4FE01350028E9D10120ECE7AC
:107AC000E2040000F7B5041E24D0002560271A4BFD
:107AD000C65C1A4B0193EBB2B3420BD3002560276F
:107AE000174B0193EBB29E4215D820001549FFF7C2
:107AF000C3FF0FE09C23DB00E05C0C21401908F081
:107B0000D5FC79436018019908F038FC013500284C
:107B1000E1D10120FEBD9C23DB00E05C0C2140197B
:107B200008F0C4FC79436018019908F027FC01357E
:107B30000028D7D1EDE7C046E204000035AA0108CD
:107B4000C84B0108C76701080023F0B597B01600BD
:107B500004AA0927049005911372082E00D1023F50
:107B60000024250040235B1B039306AB5819059B9B
:107B70000E491B5DA74200D90D4900910D4A03999A
:107B80000BF0B6FD039B834205D901342D18A642A4
:107B900001D03E2DE6D906AB0093074A0749049B66
:107BA0000220F9F7E5F917B0F0BDC046B28501082B
:107BB00066D10108B7930108AC930108384F01085A
:107BC000012213B50A4B0230C000181802714A4254
:107BD0004A414271074A817112688260002903D1CB
:107BE0009A6801329A6013BDDA680132DA60FAE706
:107BF00044040020FC0000200300074A0749C8682D
:107C0000034202D1013A002AF9D1CA681E20134268
:107C100000D000207047C046410D030000280040FE
:107C2000CA2310B50A4C0B4A6362773B6362A368B0
:107C300004201340A360FFF7DFFFE368064A134008
:107C40008022E360054B52035A61FF23636210BD3B
:107C500000280040FFBBFFFFFFFBFFFF00040140C7
:107C600072B6C046FDE7F0B50600120110360023DB
:107C70008D18EC5CC75C7C40C4540133042BF8D1F4
:107C8000043004328642F2D1F0BD020010B506493C
:107C90001032031D04780C5D047001309842F9D154
:107CA0008242F6D110BDC046404A010830B50028D6
:107CB0001FD0104B1A7BD4B2012A0AD11A68904205
:107CC00007D10F2102681162956907392943916133
:107CD0009C73094B1A7BD4B2012A0AD11A689042CC
:107CE00007D10F2102681162906907390143916140
:107CF0009C7330BD100B002004060020806A002217
:107D0000030010B55A331A80FFF7D0FF10BD836A05
:107D100030B51A0000245A3214801A000F2002CA0B
:107D200008628D690738284388612021D1671C6665
:107D300030BD010070B541310A780300D5B2022090
:107D4000202A17D11C0040342278012A12D0242284
:107D50000A701B68233A1868074E90431860186829
:107D600030401860186818601868024300201A60D4
:107D70000D70207070BDC046FFEFFFFF010070B5B1
:107D800041310A780300D5B20220202A15D11C0007
:107D900040342278012A10D024220A701B68233A2A
:107DA0001868064E904318601868304018601868CC
:107DB000024300201A600D70207070BDFFF0FFFFBD
:107DC00070B586B018220500002168460BF04EFB06
:107DD000144B154A1868137C6C46012B05D1D17CD5
:107DE0000F2904D9536A0133536206B070BD537C26
:107DF0000F26002B01D0013BDEB26060182001236A
:107E000070432370E370A360084B5674A5701B1871
:107E100061CC61C361CC61C3536901310133D17459
:107E20005361E2E7FC000020100B0020AC0C0020A6
:107E3000A023DB0510B51C6910231C40E306DB0FF3
:107E4000054A06490220F9F793F863425C411F2076
:107E50006442204010BDC046799701088F97010801
:107E6000F7B505000C00CA7A8B7A12021A430B7B15
:107E70004E7B1B04134336061E43C71C30000A21E9
:107E800008F014FB300001910A2108F089FA0A2158
:107E9000009008F085FA0A210600009808F006FB19
:107EA000019B0901194339703B00013F9D42E5D117
:107EB000E27BA37B12021A43237C1B041343627CE4
:107EC00012061343120E6A741A0CAA741A0AEA7480
:107ED0001F222B75637D6B75A37C9343AB77E3788F
:107EE0005B070BD504342100193A281D0BF00AFD5D
:107EF0002800062221000A300BF004FD012306357C
:107F0000EB77F7BD70B506000D001C0011000120D5
:107F1000002D0ED02B880C301A19802A09D8002C7D
:107F200006D02200F0180BF0EDFC2B88E4182C8012
:107F3000002070BD37B5040088470100050020000F
:107F4000FFF73EFE084BA400E3580849002D04D17A
:107F50000220074AF9F70CF837BD064A00950520BC
:107F6000F9F706F8F8E7C046C84901088F970108F5
:107F7000949701089C9701088023224A5B05916B26
:107F800070B50B43936380221F4B52001968114355
:107F900019601E491868104202D101390029F9D12F
:107FA0001B68134219D0F8F7D9FAFF26022801D02E
:107FB00090267600164CE368DB0620D4CA23802581
:107FC0006362773B6362E36840202B43E360FFF723
:107FD00013FE002803D0FF2363621E2070BDA36838
:107FE0000C4A1340A360FE23DB03334323610A4B97
:107FF00020606360E368AB43E360FF2363620020BB
:10800000ECE7C0460010024000700040410D030044
:1080100000280040BFBBFFFF0121000070B5060033
:108020000D00FFF7A9FF00280FD1CA23154C164AEF
:108030006362773B6362A36804301340A360FFF779
:10804000DBFD002803D0FF2363621E2070BDE368C0
:108050000E4A13408022E3600D4B52035A61731E97
:1080600063610723A2689A43033B1343A3608823F9
:10807000A268DB011343A360FF236362002DE5D0F8
:108080002E60E3E700280040FFBBFFFFFFFBFFFF80
:1080900000040140F8B50027DA4E05000123DA4C50
:1080A0003770420709D5300008F072F95F22D749CE
:1080B000121A30000BF0CEFB3B002A0718D5002B1C
:1080C0000AD126002836300008F062F95F22D04934
:1080D000121A30000BF0BEFB26002836300008F0E4
:1080E00057F95F22CB49121A30000BF0B3FB002383
:1080F000EA0618D5002B0AD126002836300008F0F1
:1081000047F95F22C249121A30000BF0A3FB260088
:108110002836300008F03CF95F22BF49121A3000BF
:108120000BF098FB0023AA0618D5002B0AD12600D5
:108130002836300008F02CF95F22B549121A3000B9
:108140000BF088FB26002836300008F021F95F226A
:10815000B249121A30000BF07DFB00236A0618D5D5
:10816000002B0AD126002836300008F011F95F22D2
:10817000A749121A30000BF06DFB2600283630009C
:1081800008F006F95F22A649121A30000BF062FBD4
:1081900000232A0618D5002B0AD1260028363000E5
:1081A00008F0F6F85F229A49121A30000BF052FBE1
:1081B00026002836300008F0EBF85F229949121AA1
:1081C00030000BF047FB0023EA0518D5002B0AD13D
:1081D00026002836300008F0DBF85F228C49121A9E
:1081E00030000BF037FB26002836300008F0D0F8BE
:1081F0005F228D49121A30000BF02CFB0023AA05D8
:1082000018D5002B0AD126002836300008F0C0F817
:108210005F227F49121A30000BF01CFB2600283623
:10822000300008F0B5F85F228049121A30000BF0D8
:1082300011FB00236A0518D5002B0AD12600283629
:10824000300008F0A5F85F227149121A30000BF0D7
:1082500001FB26002836300008F09AF85F227449A6
:10826000121A30000BF0F6FA00232A0518D5002B5D
:108270000AD126002836300008F08AF85F226449C7
:10828000121A30000BF0E6FA26002836300008F00B
:108290007FF85F226749121A30000BF0DBFA0023E7
:1082A000EA0418D5002B0AD126002836300008F041
:1082B0006FF85F225649121A30000BF0CBFA2600F5
:1082C0002836300008F064F85F225B49121A30004B
:1082D0000BF0C0FA0023AA0418D5002B0AD12600FF
:1082E0002836300008F054F85F224949121A30004D
:1082F0000BF0B0FA26002836300008F049F85F226B
:108300004E49121A30000BF0A5FA00236A0418D562
:10831000002B0AD126002836300008F039F85F22F9
:108320003B49121A30000BF095FA2600283630002F
:1083300008F02EF85F224249121A30000BF08AFA38
:1083400000232A0418D5002B0AD126002836300035
:1083500008F01EF85F222E49121A30000BF07AFA4C
:1083600026002836300008F013F85F223549121A2B
:1083700030000BF06FFA0023EA0318D5002B0AD166
:1083800026002836300008F003F85F222049121A30
:1083900030000BF05FFA26002836300007F0F8FFB7
:1083A0005F222949121A30000BF054FA0023AA0365
:1083B00018D5002B0AD126002836300007F0E8FF38
:1083C0005F221349121A30000BF044FA26002836B7
:1083D000300007F0DDFF5F221C49121A30000BF05D
:1083E00039FA00236A033FD5002B31D12600283605
:1083F000300007F0CDFF5F220549121A30000BF064
:1084000029FA25E0380B0020100B0020AF97010857
:10841000BB970108BD970108C9970108D1970108CA
:10842000D7970108DD970108E3970108E99701084C
:10843000EF970108F5970108FB97010801980108DB
:10844000079801080D980108149801081B98010865
:1084500026002836300007F09BFF5F221E49121AC3
:1084600030000BF0F7F900232A0318D5002B0AD1AE
:1084700026002836300007F08BFF5F221749121ABA
:1084800030000BF0E7F926002836300007F080FFB7
:108490005F221349121A30000BF0DCF90023ED02C1
:1084A00017D5002B0AD125002835280007F070FFCA
:1084B0005F220A49121A28000BF0CCF92500283552
:1084C000280007F065FF5F220649121A28000BF00A
:1084D000C1F920002830F8BD22980108BB97010897
:1084E0002998010830980108F8B5002601234D4C61
:1084F0000500267218420BD027000837380007F015
:1085000047FF3F224849121A38000BF0A3F9330005
:10851000AA0718D5002B0AD126000836300007F02C
:1085200037FF3F224149121A30000BF093F9260021
:108530000836300007F02CFF3F223D49121A300068
:108540000BF088F900236A0718D5002B0AD1260002
:108550000836300007F01CFF3F223449121A300061
:108560000BF078F926000836300007F011FF3F22A3
:108570003049121A30000BF06DF900232A0718D584
:10858000002B0AD126000836300007F001FF3F22F9
:108590002649121A30000BF05DF92600083630002B
:1085A00007F0F6FE3F222449121A30000BF052F970
:1085B00000236A0018D5002B0AD1260008363000A7
:1085C00007F0E6FE3F221949121A30000BF042F97B
:1085D00026000836300007F0DBFE3F221749121A4A
:1085E00030000BF037F90023002D17DA002B0AD1E9
:1085F00025000835280007F0CBFE3F220B49121A50
:1086000028000BF027F925000835280007F0C0FEE8
:108610003F220B49121A28000BF01CF920000830E9
:10862000F8BDC046900B002037980108BB970108A1
:108630004098010847980108117E01084C980108EC
:10864000D74B010813B50B4CE36C18430A4BE0649D
:108650001B6823650023E3716372FFF745FF030086
:10866000206D064A0190E06C054900900120F8F762
:108670007FFC13BD3C050020FC0000205998010838
:108680001A96010830B5134C134D237A85B0012B8F
:1086900006D129000420114AF8F76AFC05B030BD64
:1086A000E36A08200133E362FFF7CCFF1C20FFF7E9
:1086B00087FB2420FFF784FB094BA06B996C029089
:1086C00001915B6D29000093064AE36A0120F8F7E7
:1086D0004FFCE3E73C0500202B7D01087998010859
:1086E000900B00209F980108F8B51E0000230F0092
:1086F00013702349337015000BF0E6F803230028AC
:108700001BD006300378202B19D0092B17D002007C
:108710001378002B30D00D2B01D00A2B11D1141A55
:10872000042C10D1220017490BF0A9F823000028CF
:1087300003D101232B70337000231800F8BD0130E2
:10874000E0E70132E4E7E11F04233829F5D803000C
:1087500019780E00303E092E01D92E290ED1013391
:108760009A42F5D10100220038000BF0CBF800232B
:108770003B5501332B70DFE70923DEE70423DCE7F9
:10878000F7980108FE980108F0B5A7B00C1E0A90F2
:1087900004D05822002120000AF068FE00252E0097
:1087A0005822002110A80AF061FE7D4B02201B68B0
:1087B0007C4A0E937C490A9BF8F7DAFB0A9B0B95DF
:1087C0000C930D9508950795754B10AF1B683800F5
:1087D0000F93FCF70FFB079B0990013307933B6551
:1087E000089B7B651F2811D13878FCF781FC0300BA
:1087F0006E4A6D490520F8F7BBFB002C04D05822C7
:10880000200010A90BF07EF81F2327E0099B002B06
:1088100026D00120664A6449079B0090F8F7A8FB20
:108820005F4B0E9A1B689F1A0C9B9F4200D2B2E0CE
:108830002800FCF75DFC0B9B0090039305205D4A2C
:108840005949079B02960197F8F792FB002C04D038
:108850005822200010A90BF055F80C2309936BE067
:108860003878A8421CD0FCF743FCFA788446524B77
:108870007878052A02D8514B9200D35812AF10AD28
:108880000597AF884E4A0497AF78029363460190EC
:10889000009301204449079B0397F8F769FB2D7863
:1088A0000F9B0E9A9F1A032D2BD110AB9A79012A98
:1088B00057D05B78012B54D1731C5A1E9341F61884
:1088C0000B9B012BACD00A9BBB42A9D810AB1A78EA
:1088D000032AA5D19B79012BA2D0072EA0D9394A12
:1088E0000A9B944663440C930293079B04200093D5
:1088F000354A63462C490196F8F73AFB01230B935E
:108900008EE7681E08282CD807F0D6FD27192B2BD8
:108910002B05351F2300079B0320019312AB009307
:108920002A4A3B002049F8F723FB002C04D05822A8
:10893000200010A90AF0E6FF099827B0F0BD244AEC
:1089400019490520F8F714FB57E710AB9B88214A1B
:108950004FE710AB9B88204A4BE70D9B012B02D1C0
:108960000D950026ACE71D4A0F490120F8F700FBE2
:10897000FCF7F9F9F4E7089B0B4901330893022B44
:1089800001D9174A36E70323164A00930120089BB2
:10899000F8F7EEFAE5E7FA20C000FBF703FE13E76D
:1089A000FC00002003990108384F010827990108AD
:1089B0004D990108439B010879710108A0480108FD
:1089C0006A990108C0D40100EC9A0108B499010821
:1089D000EE990108179A01084D9A0108849A010836
:1089E0009B9A0108CD9A0108F0B50126ABB00D9312
:1089F000E34BE44A09930A9003000C000220099912
:108A0000F8F7B6FA1422002118A80AF02FFD7642D2
:108A10000622FF2115A814960AF028FD422006AB75
:108A20000622FF21C0180AF021FD492006AB0422CE
:108A3000FF21C0180AF01AFD4F2306A81B180422B4
:108A4000FF2118000AF012FD572006AB0222FF2179
:108A5000C0180AF00BFDCC4B14AD5921AB83FF239A
:108A600006AA521813705A2206AB9B181E701EAF2E
:108A7000C64B00212B3A3800AB84AE756E750AF0F8
:108A8000F5FC3800F9F730F83800F9F739FBFD2329
:108A900006001E40184217D11FABDA7F3D2306A9FE
:108AA0005B187D21DA7706ABC9184F2306A81B187F
:108AB000042218000AF026FFBB199B78002B00D077
:108AC00047E201360A2EF7D1B14E3378012B10D18F
:108AD000B0782874002810D00138C0B20EA9F9F778
:108AE0001DFA002809D128000EA9FFF7B9F90123C2
:108AF00004E0F9F783F90028EAD00023A54AA64943
:108B00001278012A00D0EEE028005D31FFF7A8F9C5
:108B10005C233E2706A9C9180B78A04A059306AB2B
:108B2000FF18FB7F099904932B7C032003930123F7
:108B3000029301930F3300930A9BF8F719FA492126
:108B40004B20149B1ABA0C9206AA521813780131C2
:108B500006AA5218127806A9091812021A430B78AD
:108B60004C211B04134306AA5218167857223606C6
:108B70001E4306ABD21813005B7812781B02134316
:108B80005BBA9AB209990B924938854AF8F7F0F91D
:108B9000297C36BA2B7803960491E978814A0291B0
:108BA000A97802200191697815AE00910999F8F72A
:108BB000DFF9697A2B790491297A7B4A0391E97963
:108BC00002200291A9790191697900910999F8F738
:108BD000CFF9E97BAB7A0491A97B744A0391697B55
:108BE00002200291297B0191E97A00910999F8F715
:108BF000BFF9E9786B7C0691A9786D4A059169788F
:108C00000220049129780391297D0291E97C019148
:108C1000A97C00910999F8F7ABF9A97FAB7D019187
:108C2000697D644A009102200999F8F7A1F9697FEA
:108C3000EB7D0591297F604A0491E97E0220039132
:108C4000A97E0291697E0191297E00910999F8F728
:108C50008FF9FB7F06A904935C23CB181B78574A36
:108C60000393F37F022002933B235B18DB7F019386
:108C70003A235B18DB7F099900930B9BF8F778F98F
:108C80001E23A97FEB5688064906C00FC90F4C4A20
:108C9000DB0F0190009102200999F8F769F9FA7F3A
:108CA000484B012A00D1484B354F0C99474A009157
:108CB0000220390014ADF8F75BF9262229003800AC
:108CC00006F01EFBD52323700A9B6370062B00D988
:108CD000E6E0180007F004FC7C003B0110003B01BB
:108CE0007C003B01BA00012B00D111E75D210F236D
:108CF00006AA521813700BE7A71C0422290038009B
:108D00000AF000FE06223100A01D0AF0FBFD200043
:108D1000422106ABC91806220C300AF0F3FD2B7C69
:108D20002000A374492306A95B18190004221330FC
:108D30000AF0E8FD20004F216B7D0422E375AB7D36
:108D40001930237606ABC9180AF0DCFD2000532148
:108D500006AB0222C9181D300AF0D4FD6B7F06AAAB
:108D6000E3773D239B18DB7F0134E3773E239B1899
:108D7000DB7FFB77222300200D9A13702BB0F0BD10
:108D8000EB580108B09B010809100000FF0100002A
:108D9000B0020020EC0B0020900B0020C19B0108CA
:108DA000219C01083C9C0108739C01089C9C0108C3
:108DB000C69C0108049D01083E9D01086E9D0108A6
:108DC000BC9D0108AC9B01082B960108E79D01089A
:108DD00004222900A01C0AF095FD06223100A01DE6
:108DE0000AF090FD2000422106ABC91806220C3083
:108DF0000AF088FD2B7C2000A374492306A95B1888
:108E00001900042213300AF07DFD200057216B7DEC
:108E10000222E375AB7F1930237606ABC9180AF03E
:108E200071FD3A2306AA9B18DB7FE3763B239B1850
:108E3000DB7F2377F37F63773D239B18DB7FA3776B
:108E40003E239B18DB7FE377202394E7042229004D
:108E5000A01C0AF057FD06223100A01D0AF052FDA9
:108E60002000422106ABC91806220C300AF04AFD48
:108E70002B7C2000A374492306A95B180422190047
:108E800013300AF03FFD6B7D06AAE3753D239B1866
:108E9000DB7F23763E239B18DB7F63761A236AE70A
:108EA000A71D04222900A01C0AF02CFD0622310077
:108EB00038000AF027FD2000422106ABC91806221F
:108EC0000C300AF01FFD200049212B7C0422A374E2
:108ED00006ABC91813300AF015FD20004F216B7D39
:108EE0000422E375AB7D1930237606ABC9180AF06E
:108EF00009FD2000532106ABC91802221D300AF0DB
:108F000001FD200057216B7FAA7FE377631CDA778E
:108F100006ABC918022221300AF0F4FC3A2206A955
:108F20005218D27F231DDA773B225218D27F631D5D
:108F3000DA773D22F37F5218D27FFB77E31DDA7791
:108F40003E235B18DB7F0834E377282313E70120F7
:108F500014E7FB8806A91A0AEA7739225218D37750
:108F6000B2E5F8B50F00060011001D001C1C402BD7
:108F700000D94024E4B2002D07D140220021121B69
:108F800030190AF073FA3C70F8BD220030000AF084
:108F9000B9FC3F2DF1D9F6E737B5294C02202378EB
:108FA000012B4CD1274B06301B78012B47D10021D8
:108FB0006370254B58221B6824486360A160E16000
:108FC0000AF054FA224D234A29000320F7F7D0FF74
:108FD00002202149FEF7AEFF05202049FEF7AAFF37
:108FE00023003D331B78012B03D004201C49FEF7DE
:108FF000A1FF06201B49FEF79DFF07201A49FEF737
:1090000099FF08201949FEF795FF09201849FEF736
:1090100091FF0A201749FEF78DFFE16800230A003F
:10902000501E8241637052421333134023740091E7
:1090300003202900104AA368F7F79AFF207C3EBD61
:1090400044040020CC010020FC0000205804002033
:109050008F970108069E01080D98000891BB000833
:10906000799C0008B1C9000861A40008EDA20008BD
:109070000D990008317E0008289E010873B52F4C19
:10908000050023780220012B4BD12D4B06301B7895
:10909000012B46D1002163702A4B58221B682A48B5
:1090A0006360A160E1600AF0E1F9284E284A3100CE
:1090B0000320F7F75DFF02202649FEF73BFF29005A
:1090C0000520FEF77DFD244B002D2BD13100022021
:1090D000224AF7F74DFF06202149FEF72BFF072014
:1090E0002049FEF727FF08201F49FEF723FF09202C
:1090F0001E49FEF71FFF0A201D49FEF71BFFE1680E
:1091000000230A00501E8241637052421333134001
:109110002374009103203100164AA368F7F728FF53
:10912000207C76BD3100144A00950520F7F720FF1A
:1091300004201249FEF7FEFECDE7C046440400209D
:10914000CC010020FC000020580400208F9701086B
:109150005C9E01080D980008809E01089497010804
:10916000B1C9000861A40008EDA200080D9900082B
:10917000317E0008869E01089C970108799C0008B2
:1091800070B5114D114A29000220F7F7F1FE104C7D
:109190006C22002120000AF069F901230226002236
:1091A00023700C4B26741A70FFF7F6FE002806D1C8
:1091B00029003000084AF7F7DBFE002070BD2900C7
:1091C0000420064AF7E7C0468F970108BC9E0108B5
:1091D00044040020050C0020EE9E0108249F010895
:1091E000F0B5184F184D3B68184987B0EE79E87113
:1091F000059102932B7A0400019300903300012023
:10920000134AF7F7B5FE012C18D13B686B65A642EF
:1092100011D0F7F714FDD4212B7A490003936B7A10
:109220000C4A02930C4B5B580090019301202300E1
:109230000599F7F79DFE002007B0F0BD00236B7283
:10924000E5E7C046FC0000203C0500202B7D01081E
:10925000649F0108A39F01082C080020030006203A
:10926000132B01D8014AD05C7047C046F44901086D
:10927000012310B5002804D0F8F763FB03005A1E41
:109280009341D8B210BDF8B506000C0017001D00C0
:10929000FFF7EEFF00281DD02000FFF7E9FF0028B0
:1092A00018D03800FFF7E4FF002813D02800FFF79C
:1092B000DFFF00280ED03300234303D0002C09D059
:1092C000A64201D9002005E0002D03D00020AC42C9
:1092D0004041C0B2F8BD10B50400F9F785FA022884
:1092E00003D12000F7F7A4FB002010BD10B5040047
:1092F000F8F706FF022803D12000F8F7F5FB00205D
:1093000010BD042310B5002802D004F01FFD030097
:10931000180010BD042310B5002802D004F014FC7E
:109320000300180010BDFEE7FEE77047024A13680D
:10933000013313607047C046FC000020F7B580255C
:10934000314C63692B4220D0F7F708F990210600D1
:1093500080204900800205F0DDF9F7F7FFF8236D62
:109360002A4A0700134023653000F7F7E7F80600A4
:109370003800F7F7E3F8236D254A01930090330096
:1093800005202449F7F7F4FDA561E021224B234C89
:10939000DA68C90062650A4234D0CA2110005962F5
:1093A00077395962AD3108400A4205D0D96817486B
:1093B00001400630D960FF30910505D5D968184DB8
:1093C0002940D960082108430100520509D59A684F
:1093D00014490A409A60DA6813490A401021DA6099
:1093E0000143A26C0A43A264FF225A62002803D000
:1093F00080220E4B92025A61C90603D580220B4B84
:1094000052035A61F7BDC04600100240FFFEFFFF45
:10941000E29F0108784C010800280040900B0020D2
:10942000FFFDFFFFFFBBFFFFFFFBFFFF000401404D
:109430007047704770B5114D114A6B691E00164098
:1094400013421AD00F4CA26D3243A265DB0613D52E
:1094500001220D4B1A700D4B1A701878C0B2F7F735
:1094600001FB0B4A03000B490220F7F781FD802323
:10947000A26C9B001343A3646E6170BD00040140A5
:10948000F0FF0000900B0020B0040020040000203A
:1094900030A00108CCBB0108174B10B59A6F51687A
:1094A000890510D59168C9070DD50221134C494291
:1094B000916020781249002806D0002020700833DF
:1094C000DB6FC860136010BDC868092802D8C8687F
:1094D0000130F4E780230B4A5B0011680B431360F3
:1094E000094B0A4A1A650A4A5A650A4A9A650A4A9B
:1094F000DA650A4A1A66E6E7900B0020DC040020D1
:10950000100C00200070004000280040EFBEADDECF
:109510007856341202000200030003000400040025
:1095200010B509F0ABFF16230360FEE770B50E001F
:1095300014000025A54201DB200070BD00E000BF43
:1095400070550135F6E770B50E0014000025A542F0
:1095500001DB200070BD705D00E000BF0135F6E763
:10956000012040427047002070470B490B4A03001E
:10957000521A0B4910B50869002801D10948086141
:10958000C318934206D909F079FF0C230360012028
:10959000404210BD0B61FCE70004000000500020B9
:1095A000100C0020C80F00207047FA21134B10B593
:1095B00089000400186806F0F3FE802301385B047C
:1095C000984201D3012010BD0D490E4A4860C020C9
:1095D000136A00061B021B0A0343136200200723C1
:1095E00088600B60032CEDD8136AA1071B021B0ACD
:1095F0000B431362044B1C60E5E7C04600000020EB
:1096000010E000E000ED00E02800002030B5431C31
:1096100011D0032583082840A840C024FC3585408C
:1096200089018140084A9B009B18A4001A59AA434B
:109630001143195130BD054A8907136A1B021B0AE1
:1096400019431162F6E7C04600E100E000ED00E0DA
:10965000431C10B55C1EA341034AC018116813686F
:109660005B1A8342FBD310BDFC000020F0B5ABB009
:1096700009935C4B0F001B78022407900892012B82
:1096800051D1594B1B68002B4DD00B3440294AD87F
:109690001320032606AB3D220021C01809F0E6FE88
:1096A0000AACBB196370D5233A0007990CA8A370C4
:1096B000267027710AF026F93A00FE2108323B0095
:1096C000A154002209331D00354033422ED19B089E
:1096D000049322D09B009BB20593402B1DD82E00F3
:1096E000404B01361B78B6B2012B16D13E4B1B689E
:1096F0000693002B11D00220FFF7AAFF22003100B1
:109700000698FFF707FE002815D0384B384A39492C
:10971000019000960520F7F72BFC0520364A3549C5
:10972000F7F726FC1E2420002BB0F0BD591CE318CF
:109730001A708BB2C7E7049B0434B342D0D11AAB82
:109740000693284B01351E78ADB2012EE5D1264B8C
:109750001C68002CE1D00220FFF77AFF20002900CE
:10976000069AFFF7CEFD041E05D0204B234A21495F
:1097700001900095CEE7069B04330693049BAB4211
:10978000DFD1059A0AA91AA80AF048F8194D00284D
:1097900007D02900154B1A4A00960520F7F7E8FB79
:1097A000BBE71848059A0AA905F0AAFD089B002BFB
:1097B00014D1099B002B01D0049A1A700499079BBD
:1097C000114A1B7803910121029107990197497869
:1097D000022000912900F7F7CBFBA4E7089B1E802D
:1097E000E7E7C046440300204803002053A00108D7
:1097F0005AA00108EB580108F5A001088DA0010846
:10980000C6A00108EAA0010814A10108F0B5324B76
:10981000324A1B68032093B093421CD18023002658
:109820002F4DDB032A68082413432B60FFF710FF3A
:1098300037002C48F6F7C8FD04902B48F6F7C4FD16
:10984000049B2A4A013B9BB2934206D92B68284AC3
:1098500013402B60132013B0F0BD264B9842F5D077
:10986000049B013CFF183618002CE2D1FB0804933E
:10987000F3080593204B21481B880499584306F0B0
:109880008FFD070005981E49784306F089FD2B6877
:10989000174A460013402B60FA23DB009E42D9D9B9
:1098A000059B184A184900930220049B02960197D1
:1098B000F7F75EFB06A8F8F723FC3000642132308E
:1098C00006F06EFD3F23184007ABD87706A805F0D9
:1098D000BDFF2000BFE7C046A000002000240140DB
:1098E000082701400000024402000004FDFF0000C0
:1098F000FFFFBFFFFFFF00007800F81FB80B00005C
:10990000FF0F000062A101088F97010870B52025A4
:10991000034C0120A561FFF79BFE0020A56270BDEE
:1099200000040050F0B587B00F001D0003900592B1
:1099300000280FD0002D0DD080224B1EEB189BB2BB
:10994000920093420AD33B000520134A1349009525
:10995000F7F70EFB0424200007B0F0BD0026059B9E
:10996000B2009A18BB1904936B460398198AFFF743
:10997000C8FC041E08D00190094A0849049B0096BF
:109980000520F7F7F5FAE6E702200136FFF760FE5B
:10999000AE42E4D1DFE7C04697A10108EB580108C9
:1099A000CBA10108F0B587B00F001D000390059210
:1099B00000280FD0002D0DD080224B1EEB189BB23B
:1099C000920093420AD33B000520134A13490095A5
:1099D000F7F7CEFA0424200007B0F0BD0026059B5F
:1099E000B2009A18BB1904936B460398198AFFF7C3
:1099F00091FC041E08D00190094A0849049B009676
:109A00000520F7F7B5FAE6E702200136FFF720FE5A
:109A1000AE42E4D1DFE7C04601A20108EB580108DD
:109A200036A20108084B13B504000849186806F06F
:109A3000B7FC44430194019B002B00D113BD019B53
:109A4000013B0193F7E7C0460000002040420F00B1
:109A500030B5841DE27F0300022A06D00422C263CF
:109A6000012000220533DA7730BD02680E2011682C
:109A70001C258143116001211068884310605A6CD5
:109A8000186C2A400D00954045600020E177E8E71A
:109A90000E21036810B51A681C248A431A6001223B
:109AA000196891431960436C016C234014009C4079
:109AB000831D4C60DA770022431DDA77836B934273
:109AC00000D09847002010BD0122084B00205968A3
:109AD00011420AD0EFF3108172B60548D8600548EC
:109AE000D86081F310885868104070470020024009
:109AF000EFCDAB89050403020023F0B585B00A68F9
:109B00001400DC4001D105B0F0BD012514009D40DA
:109B10002C4000942A4200D19CE04A685F009446A1
:109B20000322644622400324BC40E4430194541EB3
:109B3000012C2ED88668019C2640CC68BC4034435A
:109B4000846044680126AC432500644624093440FF
:109B50009C402C434460C568019C25408C68BC40F7
:109B60002C43C460022A16D107250F261D40AD00E4
:109B7000AE40DC08A40004190294246A039626006F
:109B8000039CA64334000E69AE402643029C266225
:109B900001E0032ADFD1BA400468019D25402A4331
:109BA000C02402606246A402224253D001252A4CFE
:109BB000A027626BFF052A436263284A9C08A40021
:109BC000A4180F2202351D40AD00AA40A668964396
:109BD0000022B84214D0224F0132B84210D0214F97
:109BE0000132B8420CD0204F0132B84208D01F4F8A
:109BF0000132B84204D01E4A8218571EBA410532BB
:109C0000AA4067463243A2601A4A009C9668009DAB
:109C1000E4433543FF0201D4350025406746956093
:109C2000D668009D3543BF0201D435002540674604
:109C3000D5605668009D3543BF0301D435002540EB
:109C4000674655601568009E2E43FF0301D42540EA
:109C50002E001660013352E7001002400000014060
:109C60000004005000080050000C0050001000508C
:109C700000E4FFAF00040140F0B5364B364A1B68E4
:109C8000032091B0934260D10A223449684608AE5D
:109C900009F038FE20220021300009F0E7FB304AAD
:109CA00030490220F7F764F90122A0201100C00515
:109CB000F7F718F83220FFF7CBFC1022002104A898
:109CC00009F0D4FBA020082303A9C0050393A02713
:109CD000FFF712FF32206D46FFF7BAFC0024FF05A4
:109CE0002A5DA020531E9A410421D2B2C005F6F786
:109CF000F9FF3B691B07DB0F335501340A2CEFD109
:109D00006420FFF7A5FCA0200821C005F6F7D8FFC6
:109D10006420FFF79DFCA02000220421C005F6F777
:109D2000E1FF6420FFF794FCA02000220121C00580
:109D3000F6F7D8FFF6F7EDFF0023F15CEA5C9142FD
:109D400005D101330A2BF8D1002011B0F0BD0B2052
:109D5000FBE7C046780A002000440040084A01089A
:109D60006DA201088F970108F0B5050089B00120A8
:109D7000002D50D02E00413633782C68D9B2002BFC
:109D800022D12B0040331970142203A809F06EFB76
:109D9000394B9C4241D10222384F3948FB6A03A912
:109DA0001343FB62FB6A13400293029BC0231B0117
:109DB0000393122304930C3B0793FFF79DFE80232C
:109DC000BA6BDB031343BB63242333702268233B4A
:109DD0009A432260E122D2002261A26829492A48DE
:109DE0000A40A26080221202A260626802406260A1
:109DF0006068264A024300206260E2680A40E2602E
:109E0000E06020602268134323602023686433707D
:109E100028634235287009B0F0BD1D4B9C42D3D158
:109E20000422164F1B48FB6A03A91343FB62FB6A1B
:109E300013400193019BFB6A033A1343FB62FB6AE5
:109E400013400093009B80239B000393EF3BFF3B59
:109E500004930B3B0793FFF74FFE8023A0205B008A
:109E6000039303A9FD3BC0050693FFF745FE80233E
:109E7000BA6BDB05A6E7C046005800400010024060
:109E800000040050FF7FFFFFFFF7FFFF008000028C
:109E9000007800400008005030B5734C87B0616D09
:109EA000002922D123001422503301A81970A16582
:109EB00009F0DCFA6D4B22689A4216D180226C4B75
:109EC0009200596BA0200A4301215A63DA6AC00547
:109ED0000A43DA62DB6A0B400093009B0223019382
:109EE0005B1801A90293FFF707FE636DDB0603D43D
:109EF00023689A68520709D51023626D0120134325
:109F0000636500235034237007B030BD616D594A3A
:109F100011400632FF320A436265032299681140FC
:109F2000554A012902D11868084219D18025616873
:109F3000ED0548004008A84203D080200006814279
:109F400076D1186980008008186118690143196189
:109F50001820D9688143D960D968A0680143D960C5
:109F60001168464801401160616B10684906014361
:109F70001160802299685205114202D199680A4302
:109F80009A60DA683E49256B0A40DA60621CD17F2C
:109F9000E268D8682A430243A06980030243E0696B
:109FA000C00302434803024320002C3000784000E5
:109FB0000243206902384542684180000243C220C2
:109FC000DA60626AFF30824204D0A56AD8682A4308
:109FD0000243DA60A21CD27F012A06D1002933D1C4
:109FE0008022D96852020A43DA60E16B1A690129BA
:109FF00032D12448656C02401A61226C18692A43E8
:10A00000A56C2A4302431A611A6911431961072199
:10A010005A6900208A435A615A69A16B0A435A61FE
:10A020000323A065626D9A43023B134363656BE7AC
:10A030001869154D8000800818611068284010606C
:10A0400010680143116083E72021606D0143616561
:10A05000A16D0A43A265C8E701210A42D7D01A6957
:10A060008A431A61D3E7C046A000002000240140C3
:10A0700000100240FDFEFFFF08270140FFFFFFFD2B
:10A080001902FEFF03FCFFFFFFFFC3FFF0B50368EB
:10A0900085B09E69102503913100040029400020FD
:10A0A0002E420DD0DD61844605002021374F98698E
:10A0B000084263D1002D39D00421624601201143AA
:10A0C00080259A696D002A4202D00120DD6101439A
:10A0D0008025ED002A4203D00820DD6101430738C6
:10A0E0008025AD002A424DD00222DD6111439A69DC
:10A0F000920701D500229A6201229869104202D18A
:10A10000986902439A615A68214802405A60636C18
:10A1100020220B436364230041331A702200002382
:10A12000423240341370012023702DE03868039EC2
:10A13000801AB042BBD9586801902000423006789E
:10A14000F0B2802602909869360230420BD080200F
:10A15000019EC001064206D1029E202E03D05A68FD
:10A16000104358603A68094E986908429FD1306898
:10A17000801A1928F8D98C46012598E7002D9BD123
:10A18000D96199E70028B2D105B0F0BDFC000020EC
:10A1900000E800FEF7B504000D00160001932768E3
:10A1A000BB692B405B1B5A425341B34201D0002094
:10A1B0001FE02000089A0199FFF768FF002817D1D7
:10A1C0000C4B089A1B689B1A019A9342E7D9BB690A
:10A1D0002B405B1B5A425341B342E0D12022636CB7
:10A1E000134363642300403441331A705870207065
:10A1F0000120FEBDFC000020F0B589B007000393EC
:10A20000002304910592079341373B780400022014
:10A21000202B47D125688023AA691B021100194011
:10A220001A423FD1230040331A78012A3AD0012242
:10A230001A7024233B706164E368012B23D1284BFF
:10A24000049A1343274A6B601168A869AB698006BA
:10A25000DB06C00FDB0F034317D0AB6910261A00D3
:10A260000091324033421FD120212000039BFFF791
:10A2700091FF002815D12200202341324034EB61A8
:10A28000137020700EE0184BDAE71068039E401A36
:10A29000B042DAD920223A70616C40340A436260DD
:10A2A0002370012009B0F0BD002220212000039B73
:10A2B000FFF770FF0028F4D12023EE61EB61079ACD
:10A2C000059901320792079A8A42B5D3220041329A
:10A2D0001370626C4034134363602070E1E7C04642
:10A2E00000200002FC00002000280002F0B54D4EC6
:10A2F0004D4B3268032489B09A4200D088E0702127
:10A300004A4F4B4B4B4A009102203900F6F730FE82
:10A3100014230222E0213000FFF76EFF023C0028E8
:10A3200076D1454804F09AFF04000120FFF790F928
:10A33000002C00D06FE0414804F090FF002800D0CE
:10A3400069E00F3006ADFFF783F906232A00E0210C
:10A35000300004F037FD041E5DD1280004F08CFFAE
:10A36000AB78834257D1132602ABF618300004F0C5
:10A3700083FF6B7983424ED1288840BA80B206F0C1
:10A38000D7FF2F4906F0BAFA2E4906F0CDFB2E4929
:10A3900006F01CFD0490707833780002184340BA30
:10A3A00080B206F0C5FF264906F0A8FA274906F054
:10A3B000BBFB061C264804F051FF049806F048FF3A
:10A3C0000590301C06F044FF050006F061FF011CFB
:10A3D000301C06F0FBFC1D4906F0A6FB06F038FF1A
:10A3E00002900598019506F053FF011C049806F0B1
:10A3F000EDFC164906F098FB06F02AFFC317C018BB
:10A400005840009039000220059B124AF6F7B0FD33
:10A41000200009B0F0BD05200F4A1049F6F7A8FD4D
:10A420001F24F5E7A8050020007800408F97010859
:10A430008EA2010893A2010817350000667800007B
:10A4400000FF7F4700002F43000034420000C84255
:10A4500098B00000B8A20108D7A201088E800108B8
:10A4600013B50C4C0C4B626903209A4211D1513048
:10A470000A4B0B4A0B4900905238F6F779FD200041
:10A4800014230222A8211430FFF7B6FE002800D0C2
:10A49000142016BD100C002000580040EB58010895
:10A4A00093A201088F97010830B5039C00682343ED
:10A4B0000B4312041343054A4568640D22435B00B5
:10A4C00095435B082B43436030BDC046FF63FF03E9
:10A4D0000C221A4B10B5D9680A40082A2CD00C2A35
:10A4E0000CD0042A20D11868102318404342584148
:10A4F000134B40421840134BC01810BD12488A023B
:10A50000120F825C0902D868890F0131C00304D59B
:10A510000E48504305F044FFEFE71B68DB0601D50A
:10A520000848F6E70A48F4E780205B6800021B044D
:10A530005B0F01339840E0E70448DEE7001002407B
:10A54000001BB70000093D00E547010800127A0032
:10A550000024F400044B054ADB6805495B055B0FEA
:10A56000CB5C1068D840704700100240000000200B
:10A57000124A0108044B054ADB6805499B045B0F3E
:10A58000CB5C1068D84070470010024000000020EB
:10A59000124A0108F0B504008BB0002803D101264F
:10A5A00030000BB0F0BDC76F0568CF4E002F2BD128
:10A5B000030078331F701422390005A808F056FFF5
:10A5C000CA4B9D424DD18022C94BD202996BC948DA
:10A5D0000A4304219A63DA6A0A43DA62DB6A0222D6
:10A5E0000B400493049B032305A905930893DB18F0
:10A5F00006920993FFF780FA39001D20FFF706F84D
:10A600008022BD4B92051A6024230122E3672B6848
:10A61000E06993432B602B68B84AB94913400C2278
:10A62000034313432B606B680B406B60AB68B54909
:10A630000B40AB60B54260D1AD4B093ADB6C1340C7
:10A6400080221202022B00D136E1032B00D12DE132
:10A65000012B00D123E1904200D1E2E0FFF78AFF15
:10A66000E4E0B54223D180220127A14BD201596BEE
:10A67000A0200A435A63DA6A05A93A43DA62DB6A20
:10A68000C0053B400393039BC023DB0005930223DB
:10A690000693DB190893DB190993FFF72DFA3900AC
:10A6A0001B20FEF7B3FF8022934B1205ABE7964BBE
:10A6B0009D42A9D180228E4B9202996BA0200A4321
:10A6C00001219A63DA6AC0050A43DA62DB6A0B4049
:10A6D0000293029B0C2305930A3B06935B18089395
:10A6E0005B1805A90993FFF707FA39001C20FEF74C
:10A6F0008DFF8022804B520585E7834B9D4218D108
:10A700007B4BDB6C1340082B00D115E10CD8002BE0
:10A7100000D0C4E080231B02984200D084E0FFF701
:10A7200019FF00281ED013E10C2B00D1BEE001263A
:10A7300019E0764B9D42EDD0754B9D42EAD06B4BB4
:10A740009D42F4D1C0218020694A0901D36C0001E7
:10A750000B40834242D03CD8002B5FD1FFF7FAFE7A
:10A76000031E42D100260027A766E766012E00D10E
:10A7700015E76B68674A13402A226B60AB68934306
:10A78000AB602B68293A13432B6023000833DF6743
:10A79000614B1B6801932B681B074DD5802120005E
:10A7A0005E4B019A890304F0B5FAB84244D0EFF346
:10A7B0001081012383F3108880202268136883436B
:10A7C000136081F310882023783463602770032698
:10A7D000E6E68B42ABD180231B0206E01368504AA9
:10A7E000DB06DB1713404F4A9B1803216268514375
:10A7F00099429CD811038B4299D800275608190E0C
:10A800001802801979413B0005F05EFF464BC218E3
:10A81000464B9A428BD8354BD860A3E7FFF758FEDA
:10A820009EE7FFF7A7FE7CE7FFF794FE002899D08C
:10A830004CE0FFF74DFEF9E72500236878351B68EB
:10A84000271D5B0723D580212000344B019AC903C3
:10A8500004F060FA00281AD0EFF31080012282F38E
:10A8600010882168324E0B6833400B6080F31088EB
:10A87000EFF3108082F3108821688B6893438B601C
:10A8800080F310882023FB6700232B709FE7202391
:10A89000E367FB670023236663662B7080E68023F3
:10A8A0001B029842C5D1FFF713FE3AE780231B0233
:10A8B00098424DD0180009E0904241D00C4B1868E6
:10A8C000174BC006C0171840164BC01861684B08DC
:10A8D000181805F065FD0200164B103A9A4200D98F
:10A8E00025E7E8603EE7C0460038014000480040E8
:10A8F000001002400008005000E100E0F369FFEFA3
:10A90000FFCFFFFFFFF4FFFF00440040004C00407A
:10A9100000500040FFB7FFFFFC000020FFFFFF01D9
:10A9200000E548FF0024F40000FDFFFFFFFC0F00DE
:10A93000DFFEFFFFEFFF000080231B029842BDD126
:10A940000E4B18680E4BC006C01718400D4BC018B0
:10A95000616840004B08C01805F022FD02000A4B58
:10A96000103A9A4200D9E2E60F23020000079A4308
:10A9700093B2400F0343EB60F4E6C0460010024080
:10A9800000E548FF0024F400EFFF00008223F7B544
:10A9900001681B01020019424CD080200025704B39
:10A9A00040059C6B0195044204D19C6B2043986345
:10A9B0000120019080246B486400056825427AD00C
:10A9C0005468C02527001868AD032F402840009721
:10A9D000874204D190682840009DA84209D0C02039
:10A9E000250080020540854203D11D680120AD038A
:10A9F0006FD41E6DC020350080020540064269D12B
:10AA0000080500D596E088060DD5C02080020440D8
:10AA1000844205D11868544D2840009D2843186091
:10AA2000186D04431C650198012803D1986B4F4CA5
:10AA300020409863CB0706D503244948C36CA34341
:10AA4000D4682343C3648B0706D50C244448C36CE5
:10AA5000A34314692343C3644B0706D54048444CC1
:10AA6000C36C234054692343C3640B0706D53C4899
:10AA7000404CC36C234094692343C364CB0506D583
:10AA800037483D4CC36C2340D4692343C3644B0611
:10AA900006D53348394CC36C2340546A2343C364FE
:10AAA000090606D52E493648CB6C126A034013437B
:10AAB000CB6400200DE00568324E25430560376801
:10AAC0000568254200D07BE73568ED1B642DF7D97A
:10AAD0000320FEBD26000640AE4201D08E0607D4FC
:10AAE00096683040A84200D18AE7080500D48AE77A
:10AAF000186D1E6D204DB4468026674636033E43D2
:10AB00001E651E6D204F05403E401E651D65C0053B
:10AB100000D475E71B4D1D4E286884468027186DAC
:10AB2000BF00384200D06BE767462868C01BB042C0
:10AB3000F4D9CDE79668C0203500800205408542F3
:10AB400009D118688446674607483840C027BF03C4
:10AB50003E4030431860186D05431D6553E7C046FD
:10AB60000010024000700040FFFFCFFFFFFFFFEF2B
:10AB7000FFF3FFFFFFCFFFFFFFFFFCFFFFFFFFFB28
:10AB8000FFFFF3FFFC000020FFFFF7FF881300002A
:10AB90000023092803D81B011843C0B270470A38A4
:10ABA0000133C0B2F5E7F0B59DB0069007910D9264
:10ABB000FDF7E2F9071E00D0A9E012AB0100187002
:10ABC00058709870002223200AAB1B92C0182132C3
:10ABD00008F04CFC069B89491B790893069B5B791E
:10ABE0000993069B9B790A93069BDB780B93844B16
:10ABF000DA7F012A00D18AE001220C68881CDA770A
:10AC0000CA210223C3776162079877396162AD3147
:10AC1000884200D07FE0FA26A3687A49B6000B404C
:10AC2000A360A36878490B407849A3600D68E36886
:10AC30001800104013425FD00121FF23744A636261
:10AC4000D17700216E4A734ED177802292027261D1
:10AC5000802207995200914200D073E0E2681A40C6
:10AC60006D4BFA211343E3606C4BC901186805F082
:10AC700097FBFA2301229B00434311930C93604BF3
:10AC80000898DA77624B9218DA77A368FFF780FFAB
:10AC900005000998FFF77CFF0E900A98FFF778FFF0
:10ACA0000F900B98FFF774FF0E9B2D041B021D43A2
:10ACB0000F9B079A1D43CA236362773B00066362BA
:10ACC000AD3305439A4200D076E0A3684D4A134065
:10ACD000A360E268504BD2B21343E360119B013B87
:10ACE0001193119A002A31D1FF2303216362484B4B
:10ACF000D977434BDA770AE00B685B1BB34296D9EE
:10AD0000FF2303226362424BDA773D4BD8771E273D
:10AD100038001DB0F0BDFA26A2684149B6000A40CD
:10AD2000A260A2683F490A403849A2600D68E26803
:10AD3000100018401A4200D07EE70A68521BB24247
:10AD4000F5D9DDE7E2681A40374B8AE70122E3686C
:10AD50001342C3D00023E5616364A2680133FF336B
:10AD60001343A3608023A2685B011343A360802385
:10AD700032689B021A433260B2682C491343B360B5
:10AD8000FF2301226362224B0320DA7700221C4B4F
:10AD9000DA770A9B264A0593099B0493089B039341
:10ADA0000B9B0293069B9B780193069B1B88009349
:10ADB0000D9BF6F7DDF8ABE7A368194A1340A360D3
:10ADC000E268194BD2B21343E3600C9B1193119BC1
:10ADD000013B1193119A002A00D185E70222E36812
:10ADE0001342F4D000232562A3648023A2689B0051
:10ADF0001343A3608023A2689B01B6E724010020CF
:10AE000025010020FFFEFFFFFFEFFFFFFC000020F9
:10AE100026010020000401407FFEFFFF000000200B
:10AE2000FFFDFFFFFFDFFFFF7FFDFFFF117E01083A
:10AE3000E2A20108F7B50193C36F04000D000220E0
:10AE4000202B3CD18023A1685B01994206D1236964
:10AE5000002B03D1013318001D4230D123000026FE
:10AE60000833DE672123E3671E4B27001B68523738
:10AE70000093230050331A8080233A805B0199426B
:10AE800004D12369B34201D12E001D003B88002B61
:10AE90000AD1019B40212000009A03F03BFF2023B0
:10AEA00000280AD1E3670AE080212000019B009A74
:10AEB00003F030FF002803D020230320E367FEBD0A
:10AEC0002268002D09D133880236DB05DB0D936241
:10AED0003B88013B9BB23B80D8E72B7801359362DE
:10AEE000F6E7C046FC00002030B5EFF310840122E5
:10AEF00082F310880168124D0B682B400B6084F3BD
:10AF00001088EFF3108482F3108801688B689343F4
:10AF10008B6084F31088036E93420AD1EFF31081A3
:10AF200083F31088102402681368A343136081F32D
:10AF300010882022031DDA6700230366836630BD74
:10AF4000DFFEFFFFF7B504000068A74BC169066884
:10AF5000856819420CD12023194200D185E01E4298
:10AF600000D182E0A36E002B73D02000984770E0E0
:10AF700001232F009D4A1F4032403A4300D174E024
:10AF800025000835194205D0F20503D50362EA6FA2
:10AF90001343EB670223194206D0002F04D003624B
:10AFA000EA6FDB181343EB670423194206D0002F26
:10AFB00004D00362EA6F023B1343EB670823194294
:10AFC00007D0202232403A4303D00362EA6F134392
:10AFD000EB6780231B01194206D0720104D503627E
:10AFE0002023EA6F1343EB67EB6F002B31D0202354
:10AFF000194206D01E4204D0A36E002B01D02000BF
:10B0000098472268EB6F4027966828223E401340FD
:10B0100020001E4325D0FFF767FF23689B683B4253
:10B020001BD0EFF31081012383F31088226893680B
:10B03000BB43936081F31088606F00280DD06C4B88
:10B040008363831DDB7F022B04D00423C363FCF7DF
:10B0500055FEF7BDFEF71CFDFBE72000FCF726FEC2
:10B06000F7E7FCF723FEEE67F3E7236E012B00D032
:10B0700094E01022114200D190E0164200D18DE000
:10B0800002628168200040260D005830008835405B
:10B09000314253D0616F0D68696889B2002943D08D
:10B0A000884241D920005A300180296820200D00B3
:10B0B00005400095014232D1EFF31081019183F3F5
:10B0C0001088256829680F004A490F402F600199B0
:10B0D00081F31088EFF3108783F310882568A9683F
:10B0E0009943A96087F31088EFF3108C83F31088DD
:10B0F000210080C9BD68B543BD608CF31088C86766
:10B1000000992166EFF3108083F3108821680B68A3
:10B1100093430B6080F31088606FFEF799FC022365
:10B1200063665A34238894E7884200D091E72B68FD
:10B130009B0600D48DE7022363668AE726005A3611
:10B140003188368889B2002E00D182E7884200D14A
:10B150007FE7EFF3108683F310882068264F01689D
:10B160003940016086F31088EFF3108783F310886D
:10B17000210040C9B0689843B06087F31088202050
:10B18000C8672566A566EFF3108083F310882168F1
:10B190000B6893430B6080F31088CCE780235B033C
:10B1A000194203D06D0201D5036252E78023194290
:10B1B00003D01E4201D0E36ED5E64022114200D1F9
:10B1C00047E7164200D144E7EFF31080012383F3F1
:10B1D000108821680B6893430B6080F3108820234C
:10B1E000E3670023E36634E70F0800002001000452
:10B1F000FD7C0008FFFEFFFFDFFEFFFF10B50248E9
:10B20000FFF7A0FE10BDC0461806002010B502488A
:10B21000FFF798FE10BDC046780A002010B502481E
:10B22000FFF790FE10BDC046A0060020F0B5354FD8
:10B23000E7B00490387C012862D1049B002B04D035
:10B24000FB7C0393002B02D11C2067B0F0BD0021D2
:10B250000E008C467B7C059001932B4B029363463A
:10B26000002B32D1019A18335343029AD25C012A3F
:10B270002BD1029AD318049A31CB31C231CB31C2CF
:10B28000059B9C460F23019C013101341C40039B0C
:10B29000C9B201948B42E2D16346002BD4D0C022C4
:10B2A00000215200029808F0E1F8182300227343AD
:10B2B0009C46154B0193624517D10020FB697874B9
:10B2C0000133BE74FE74FB61BFE718251820019A94
:10B2D000754350430C4B06AA52191B1831CB31C28F
:10B2E000013631CB31C2F6B2CCE7019B06A9D018AA
:10B2F0005318010031CB31C1183231CB31C1DAE7FB
:10B300001A20A2E7100B0020AC0C0020F0B500249E
:10B310001600250093B002AB029003911C733121FB
:10B32000039B05AF1B5D0D4A491B781908F0E0F936
:10B330000F2301341C4202D02D18B442EFD1002556
:10B340000220074A0749029B01970095F5F710FE76
:10B35000B44201D03D70E2E713B0F0BD07A301088D
:10B360000DA301080D500108F0B59FB0089300230C
:10B370000F00049006920593002A03D101242000B7
:10B380001FB0F0BD0222049B1B789343A12BF5D183
:10B39000D64D2B78012B00D0B8E1AD78D44B002DE1
:10B3A00000D0D44B009302202B00D34AD349F5F7A9
:10B3B000DFFD002DE2D0089B012B37D100263B2377
:10B3C00005990AAAD218117046220AABD2181300A6
:10B3D000039A18A91A803000120C5A80F6F79EFDC5
:10B3E0003B230AAAD3181B78482105931300462251
:10B3F0009B181A880AAB5B181B8804001B041343B4
:10B4000003930028BBD10222059B134200D084E1A4
:10B41000AD1BBB4B089CEDB20896009302202B009D
:10B42000B84AB649F5F7A4FD012CA7D1049B1E78B4
:10B43000A12E00D179E1A33E73425E41330109930D
:10B440000A230B930E332A1C9D4200D91A1CD3B237
:10B450000793079A089B94466344013BDBB212AE04
:10B46000310018000A93F6F759FD041E00D086E754
:10B470000E2501000622069807F0F8FF2100802221
:10B48000380007F0F3FF049B049A1B7838003B70E8
:10B490000AABED1803232B80049B29005B780C3248
:10B4A000BB70099BFCF72EFD041E00D067E7049BD0
:10B4B00029009A1C38000B9BFCF724FD041E00D0C9
:10B4C0005DE7049A0523290038001C32FCF71AFDB9
:10B4D000041E00D053E7049A0223290038002132C9
:10B4E000FCF710FD041E00D049E72B8801005A1C10
:10B4F0002A80049A09340432D27FFA54B5897389B8
:10B500000FAE0A2230002D041D4307F0AFFF2800C4
:10B510000A2104F0CBFF280031550A2104F040FF36
:10B520000500013CF3D200230EAAB178F07809019E
:10B530000143995401330236042BF6D10E250AA992
:10B540006D1829003800FCF7DDFC041E00D016E75A
:10B5500012A90B7D2A88BB54487D531C9BB2F8541A
:10B56000897C931C9BB2F954049B38005E1DF17FCB
:10B57000D31C9BB2F954531D2B80049B0432063319
:10B58000DB7F92B2BB542900062313AAFCF7BAFC56
:10B59000041E00D0F3E6F37F2D88079A7B556B1CC1
:10B5A0009BB2FA540490059B18AEF37046230AAA86
:10B5B0009B18039A31001A80120C5A800A9B049A35
:10B5C000981AC0B2F6F7AAFCF37804000593338A00
:10B5D000F2891B0413430393002800D0CFE608220E
:10B5E000059B134200D0A6E0049B0133DBB2049319
:10B5F000049A079B9342D6D101235B4209930133FE
:10B60000FF3304930E210AABC918EB1C0B800235E3
:10B61000049BADB27B55099B38000F930FAA0423FE
:10B62000FCF770FC041E00D0A9E60500099B0893F6
:10B63000059B18AEF37046230AAA9B18039A3100A3
:10B640001A80120C5A800A9B581BC0B2F6F766FC8F
:10B65000F37804000593338AF2891B0413430393A0
:10B66000002800D08BE6049BFF2B69D0AB4267D843
:10B6700064D00822059B134262D0039B089A934230
:10B680005ED81300039A9C1A1F4B9C4258D8130093
:10B6900008930E260AABF6180DAA022331003800D3
:10B6A0001480FCF72FFC041E00D068E60135079BD0
:10B6B000EDB2AB42BCD1338838009A1E7A702200BA
:10B6C0000130411CC91B89B28B423BD80699D2B2CA
:10B6D0000A717F2B39D8FA5401337A780B80002312
:10B6E0008A70079A4B71CA7049E6C046B0020020C2
:10B6F0001FA3010824A3010863A3010883A3010871
:10B7000034A3010889A30108FEFF0000F6F776FBC9
:10B710001E24002800D140E631E60136F6B2AE42E2
:10B7200000D04CE60A4B089077E602230B930023E7
:10B7300009930C3387E6039B099363E7099BA7E70B
:10B74000044CA6E741785218BAE70D2417E6C04624
:10B750004CA30108FFFF000030B585B000236A4606
:10B76000C45C303CE4B2092C13D89C5401330F2B39
:10B77000F6D10D00D37308351078547800011C40C1
:10B780002043087001310232A942F5D1002005B0F2
:10B7900030BD0420FBE7F8B5204C05002000F8F789
:10B7A0002BFF002803D1200004F0F2FD2018230015
:10B7B000834201D30320F8BDA34203D05A1E12785E
:10B7C0000D2A0ED1190081420DD00A78202A0CD002
:10B7D000092A0AD0814206D2303A092A03D80A003F
:10B7E00006E00A2AEED00133E2E70131EBE701324D
:10B7F000904208D016783700303F092FF7D90D2E28
:10B8000001D00A2EEFD10520521A0F2AD3D12800D9
:10B8100008F078F80020E873CDE7C046280700203C
:10B82000F0B500240D0095B004AECB1D039034702C
:10B8300002930F272A78130917409F2A23D8402103
:10B8400004A8194A091B001907F052FF01343F2CC4
:10B8500010D0092F1FD84023134A191B30193B0061
:10B8600007F046FF0123E418029B9D4202D00135F8
:10B870003F2CDED10D4A0E49039B00960220F5F7BE
:10B8800077FB15B0F0BD0F2BE3D004A809490019D0
:10B8900008F030F8DAE700230F2FE4D004A80549B8
:10B8A000001908F027F8DDE747920108AAA301086C
:10B8B000384F01084F840108F0B51F2793B002AB41
:10B8C0000026FF182B23050001240B960C960D96DD
:10B8D0000E960F96109611963B70B04238D03100FC
:10B8E0000A2207F0C3FD0A963F4E0AA93000F8F776
:10B8F000CFFE041E2CD130003C4907F0E5FF061EA8
:10B9000000D16DE001223A4906363378093BDBB2BB
:10B91000192B03D80800D84010421CD111AB059355
:10B9200010AB03930FAB02930EAB01930DAB0093DF
:10B930003000304904970CAB0BAA07F00DFF052827
:10B940000BDC330005202C4A2C49F5F711FB0424AD
:10B95000200013B0F0BD0136D7E7072803DC002331
:10B9600011932B333B700B9B632B3BD80C9F7A1EA0
:10B970000B2A37D80D9E721E1E2A33D80E9A0692B5
:10B98000172A2FD80F9A07923B2A2BD8109A944641
:10B990003B2A27D8119A602A24D8FA21C9005918BD
:10B9A000174889B2814206D80220164A1349F5F792
:10B9B000DFFA0924CCE7069B29802B71079B02A99B
:10B9C0006B716346AB711F235B181B78AF70EE7011
:10B9D0002D2B00D15242012352B22A726B72B7E76B
:10B9E0000324B5E70524B3E728070020B6A3010820
:10B9F00001008002BDA30108D3A30108384F01084C
:10BA0000E3070000EBA3010873B50500012400283B
:10BA10001DD00023124E0360694630000093F8F7F2
:10BA200037FE041E13D130000E4907F04DFF0028E9
:10BA300011D006300378202B0BD0092B09D00A49EE
:10BA400001AA07F089FE012807D1019B2B60200085
:10BA500076BD0130EEE70324F9E70424F7E7C0469A
:10BA6000280700201BA401088EC3010870B5041D1F
:10BA7000E26F03000220202A7ED1013800297BD00A
:10BA8000802298685201904205D11A69002A02D199
:10BA90000120014270D100223A481A661A68824297
:10BAA0000FD0526812020CD5EFF31085012282F3F9
:10BAB000108880221868D20406683243026085F339
:10BAC00010881A0059650121583211805180802058
:10BAD000002299689A66400181422BD11A6951422D
:10BAE0004A411202FF3219005C310A801A0000211B
:10BAF0000832D1672222E267EFF31080213A82F305
:10BB0000108819688C6822438A6080F3108880212D
:10BB100098681A69490188422FD1002A1CD11A4A13
:10BB20009A66EFF31081012282F310881A682023AD
:10BB300010681CE0002905D11969FF220029D2D024
:10BB4000803AD0E7802040058142CCD119697F221C
:10BB50000029C8D0403AC6E70C4A9A66EFF3108134
:10BB6000012282F310881A68902310685B00034357
:10BB7000136081F31088002070BD04499966002A83
:10BB8000CFD0EBE70048004071BE00089DBD000823
:10BB9000F0B5594D594C2B6803208BB0A34221D1ED
:10BBA00005225749684607F0ADFE2022002102A871
:10BBB00007F05CFC534A54490220F5F7D9F9A0205C
:10BBC00001220421C005F5F78DF83220FDF740FD74
:10BBD0004E4B64261B78012B00D1C8362B68A3423C
:10BBE00002D00A200BB0F0BD0F27F5F792F828001D
:10BBF00003F058FC08222C6814202762A369134321
:10BC0000A361FDF725FD08222762A36930001343D5
:10BC1000A361FDF71DFD3C4F330039003C4A022073
:10BC2000F5F7A6F96423052269462800FFF702F913
:10BC300003001420002BD5D115220821354C02AE6B
:10BC40002281143A638122732A686373A3730F33CA
:10BC50001362936928000B4393613100256066608D
:10BC6000FFF704FF0028BCD196202B4AC0001168C2
:10BC7000637B012B24D1002564202573FDF7E8FCAC
:10BC8000A0202A000421C005F5F72CF83800152261
:10BC9000310003F035FB15233900204A0220F5F767
:10BCA00067F939001E4A0220F5F762F91D4C300091
:10BCB000277825707B1E9F4102F0B0F9277091E72D
:10BCC000A37B012B06D1280003F0ECFB00230B2003
:10BCD000237387E713685B1A8342C9D3280003F0F4
:10BCE000E1FB0F222B6815201A629969073A0A4373
:10BCF0009A610023237375E7780A0020004400400E
:10BD0000E2A4010822A401088F970108050C002075
:10BD100046A40108100B0020FC00002073A40108B9
:10BD2000A0A401080500002070B5051E29D0194CFB
:10BD3000237BDEB2012B0AD12368984207D16389A5
:10BD4000228901339BB263819A421BD86673124CDD
:10BD5000237B012B15D123689D4212D1638922894F
:10BD600001339BB263819A420BD9227BD6B2012A5E
:10BD700007D161682800C918FFF778FE002800D0B5
:10BD8000A67370BD6168C918FFF770FE0028DED089
:10BD9000A673DCE7100B002004060020011DCA6F0B
:10BDA000F8B50368222A58D104005C345B6A248801
:10BDB000426D234013700200436D5A3201334365D4
:10BDC0001388013B9BB2138013889CB2002B40D197
:10BDD000EFF31086013383F310880568214F2A683A
:10BDE0003A402A6086F31088EFF3108683F31088B8
:10BDF0000568AA689A43AA6086F310882022CA6759
:10BE000002681949846644668A420DD0526812025B
:10BE10000AD5EFF3108183F310880268134C13687E
:10BE20002340136081F31088036E012B12D100228E
:10BE30000266EFF3108483F3108801680F330A68F9
:10BE40009A430A6084F310880268D169194200D0CD
:10BE50001362F8BDFFF768FFFBE7082299690A4300
:10BE60009A61F6E7DFFEFFFF00480040FFFFFFFB9F
:10BE7000021DD16FF8B50368222957D104005C3444
:10BE8000596A2488436D21401980010002334365BB
:10BE90005A310B88013B9BB20B800B889CB2002B64
:10BEA00040D1EFF31086013383F310880568224FE9
:10BEB00029683940296086F31088EFF3108683F3F0
:10BEC00010880568A9689943A96086F31088202125
:10BED000D16702681949846644668A420DD0526867
:10BEE00012020AD5EFF3108183F310880268144C14
:10BEF00013682340136081F31088036E012B12D165
:10BF000000220266EFF3108483F3108801680F3378
:10BF10000A689A430A6084F310880268D16919425A
:10BF200000D01362F8BDFFF7FFFEFBE70822996916
:10BF30000A439A61F6E7C046DFFEFFFF0048004073
:10BF4000FFFFFFFB70B504000D00FF280AD8002892
:10BF500004D022002800044907F0D4FC002320006C
:10BF60002B5570BDFF24F4E728070020002210B5F0
:10BF7000024B03481A7303F095FA10BD0406002023
:10BF8000A00600208022F0B5634C0021A544634C3C
:10BF90005200200007F06AFAFF22614B61481A81C3
:10BFA00000225A815A739A7301321A7318605C60C6
:10BFB00003680E321A629969073A0A439A612100AE
:10BFC000FFF754FD061E06D0FFF7D0FF0A2630000B
:10BFD000554B9D44F0BD9D2234000100D20044A881
:10BFE00007F044FA514B1B6803934D4B9A7B012A8F
:10BFF000EAD05B899AB20092A34278D06B461C8843
:10C00000FF2A00D9FF24A4B244AF04A92000FFF7FF
:10C0100099FF2200380004A9FBF7C2FC9C23DB0037
:10C02000FD5C434BFB5C5B190293424B0193029B0B
:10C03000AB4215D1B02004ABC0000199C01807F085
:10C0400043FC002819D1019904A807F03DFC002801
:10C0500013D1009BFE2B4AD9FFF788FF0C26B6E7C9
:10C0600028000C2104F022FA602359437818019922
:10C0700007F02AFC01350028D9D0FA25FF272B4BE1
:10C080006D001B680093294B009A1B689B1AAB42FA
:10C090000BD3FFF76BFF0022204B27491A550120D5
:10C0A0002300264AF4F764FF91E71D4B5B899BB29E
:10C0B0001C1CFF2B00D93C1CA4B204A92000FFF7D4
:10C0C00041FF44A8220004A9FBF76AFC44A8FBF73F
:10C0D000F9FC0128DDD004A8F8F78EFA0028D8D1A1
:10C0E0000122174B0A301A70FDF7B2FACBE70F4B5B
:10C0F000039A1B689B1A134A934206D9FFF736FF2F
:10C100000F22084B1B681A62A8E701200C4B18701D
:10C11000FDF79EFA69E7C04604FAFFFF28070020F2
:10C1200004060020A0060020FC050000FC00002002
:10C13000E2040000E8A40108384F0108EDA401085A
:10C14000DC0400200F27000010B5FFF70FFF0F22BF
:10C15000064B05201B681A629969073A0A439A61DF
:10C160000022034B9A73F8F71DFA10BDA0060020B9
:10C1700004060020F0B50027644B654C1B68A544FD
:10C18000029005910193614A019913685B1A029923
:10C19000994206D85F4B012F00D15F4B5F4A60493F
:10C1A000A2E001235B4207935E4B15681E78012EC7
:10C1B00004D0012420005C4B9D44F0BDFFF7C4FF78
:10C1C00080225A4C00212000520007F04FF9002233
:10C1D000FF2106AB1A725648564B5A815C605A735F
:10C1E00019819A7318601E7303680F321A62996975
:10C1F000073A0A439A612100FFF738FC041E03D076
:10C20000FFF7B4FE0A24D5E7019B5D1B029BED18E6
:10C21000494B9D4200D91D009D220021D20048A813
:10C2200007F024F9394B1B680493384B049A1B68B8
:10C230009B1A9D4202D8FFF799FE27E001223F4B4F
:10C240001A703C4B9A7B012ADAD05A891B8991B229
:10C25000181C934200D9081C08A980B2FFF772FE8F
:10C2600008A9020048A8FBF79BFB354B48A819001A
:10C270000393FBF701FC060001280AD1FFF776FEC5
:10C28000039908A807F020FB002806D13E003700DC
:10C2900079E70520FDF7DCF9C7E70B300378202BA1
:10C2A00027D0092B25D0274907AA07F055FA0128DE
:10C2B000ECD11B4D079B2900234A0230F4F758FEAE
:10C2C000079B002B00D175E7032B00D172E7042BED
:10C2D000DDD0022BDAD0012B01D0092B0BD10122AA
:10C2E00005990A702900194A0420F4F741FE0C242C
:10C2F00060E70130D2E79A1F012A00D943E72900FD
:10C300000420134AF4F734FE1F2453E7FC000020F6
:10C31000F4F9FFFFB28501080BA50108E5A50108A6
:10C32000384F0108DD0400200C060000280700201B
:10C33000A00600200406002088130000DC04002072
:10C3400025A501088EC3010831A5010856A50108DD
:10C3500095A50108F0B5E1B00290039104F018F83A
:10C36000421E0300954D7F2A08D929000520944AD2
:10C37000F4F7FEFD1F27380061B0F0BD4022002118
:10C38000039807F073F8FFF7DFFEC820F8F70AF903
:10C39000029B60218B4A08A807F0AAF9431E0400FB
:10C3A0005E2B05D92900884A0520F4F7E1FDE1E775
:10C3B000029B2900854A0120F4F7DAFD8022844E91
:10C3C00000215200300007F051F8FF22814B824FCC
:10C3D0001A81002231005A8138005A739A7301324F
:10C3E0001A731F605E60FFF741FB7C4A031E09D190
:10C3F00038007B4BA2B208A9FEF71CFD071E09D02E
:10C400000300784A29000520F4F7B2FD0A27FFF758
:10C41000ADFDB0E7744B1B6804936E4C63899BB20F
:10C420001E00FF2B00D9FF2620AD181CFF2B00D9C2
:10C43000FF20290080B2FFF785FD0590A37B012B2B
:10C4400003D13300694A5D49DDE70024280007A9CC
:10C450000794F8F71DF9A04226D0831FDBB2012B09
:10C460000ED8F8F715FA03000798614A009053496F
:10C4700005200195F4F77CFDFFF778FD0C277AE79E
:10C48000594B049A1B689B1A5A4A93422ED907A902
:10C4900028000794F8F7FCF8484900281FD1564AAD
:10C4A000059B0230F4F764FD4F4B1B680493494D24
:10C4B0006C89A4B2201CFF2C00D9FF2080B220A9D7
:10C4C000FFF740FDAB7B012B17D105204B4A3B49C1
:10C4D00020ABF4F74DFD0A27FFF748FD4BE733008B
:10C4E000474A00950520F4F743FDC5E70122454B77
:10C4F00005201A70FDF7ACF88FE70B250A2604AB70
:10C50000F618ED182B003200039920A8FCF7ECF880
:10C51000002820D1307801280CD03B4A274905203B
:10C5200020ABF4F725FD40220021039806F09EFF82
:10C530000C27D1E72B782149012B05D1334A029BE7
:10C540000220F4F715FDF3E7039B314A0093029BA9
:10C55000F4F70EFDC0E782239B00C3400122134283
:10C56000DBD0214B04991B685B1A2A498B421FD9E7
:10C570002B000399320020A8FCF7B6F833780F4956
:10C58000012B0AD12B781843C0B2002805D1039B98
:10C59000214A00930230029BDAE72300FF2C00D9E6
:10C5A000FF2320A800901D4A0520F4F7E1FCBFE717
:10C5B000144B0A201A70FDF74BF878E7384F010842
:10C5C0001BA601083DA601084CA6010868A60108A3
:10C5D0002807002004060020A006002076A60108F7
:10C5E000B80B000093A60108FC000020ADA60108CE
:10C5F000CFA60108B70B000005A701085DA7010839
:10C600002FA70108DC04002088A70108AFA70108B4
:10C61000CBA701082F750000DCA7010805A80108B9
:10C62000F0B50026012589B0059140220021049033
:10C63000059806F01BFF049B0220334A3349F4F7A8
:10C6400097FC334B1B6806930323304F314A390064
:10C65000019301202B000095F4F78AFC05990498BA
:10C66000FFF778FE041E079010D1294B06991B682E
:10C6700002205B1A0293059B39000093264A049B13
:10C680000195F4F775FC200009B0F0BD1F2806D114
:10C690002B003900214A0520F4F76AFCF3E70A2849
:10C6A0000ED101363300390005201D4AF4F760FC35
:10C6B000032E06D139001B4A0520F4F759FCE2E7A6
:10C6C0000026032D12D1124B06991B68164A5B1ADD
:10C6D00001933900049B05200095F4F749FC4022A2
:10C6E0000021059806F0C2FE0C24CCE7079B0F4AF8
:10C6F0000649009302200E4BF4F73AFC0C48F7F77A
:10C7000051FF0135A0E7C04634A80108384F0108A1
:10C71000FC00002054A8010872A80108B1A8010873
:10C72000C9A80108E0A80108FBA8010837A9010869
:10C73000B80B00008022F0B56F4C0D00A5446F4C83
:10C74000049000212000520006F090FE002D01D040
:10C7500000232B80FF226A4B6A481A8100225A81EB
:10C760005A739A7301321A7318605C6003680E3250
:10C770001A629969073A0A439A612100FFF776F92C
:10C78000061E06D0FFF7F2FB0A2630005E4B9D44E2
:10C79000F0BD9D220100D20046A806F067FE3200DF
:10C7A0005A4B00961B68029603930193584B0593CE
:10C7B0000121059B1970524B997B012913D15A898C
:10C7C0001B8991B21C1C934200D90C1CA4B2FF2CF3
:10C7D00003D80022494BE3181A70FFF7C7FB002D5E
:10C7E000D2D02C80D0E75B899FB2934204D0474BD4
:10C7F0001B68019300230093414B1B89181CBB420B
:10C8000000D9381C06A980B2FFF79CFB06A90200DC
:10C81000040046A8FBF7C4F846A8FBF753F9012823
:10C8200005D0210006A8F7F70BFF01281CD1009ABC
:10C83000364B012A01D01A68029201991A68521ADD
:10C8400001210091272A0FD91B68029A9B1A132BEA
:10C850000AD9FFF78BFB0022284B1B191A7095424F
:10C8600000D192E72C8090E7254B1B89BB421CD856
:10C87000FFF77CFB0022214B1B191A70954200D058
:10C880002C8046A8FBF71EF9012807D0210006A836
:10C89000F7F7D6FE012801D00C2676E71D4A2300C3
:10C8A0001D490220F4F764FB6FE7184B039A1B68DD
:10C8B0009B1A049A934219D3FFF758FB0F22114B8E
:10C8C0001B681A6200220D4B1B191A70954200D08A
:10C8D0002C8046A8FBF7F6F8012805D0210006A811
:10C8E000F7F7AEFE0128D7D10C4AD8E70120FCF7B4
:10C8F000AFFE3A005CE7C046FCF9FFFF28070020C6
:10C9000004060020A006002004060000FC00002011
:10C91000DC04002059A90108384F010886A9010844
:10C92000F0B50125134B144F1C7885B0019002918E
:10C9300003923D70AC421AD103F02AFD86B2002E5C
:10C9400012D0FFF701FCFA2332000C4801995B007A
:10C95000FEF770FA3C700924002805D1039902986B
:10C96000FFF7E8FE04003D70200005B0F0BD2C008C
:10C97000FAE7C046DD040020DC040020A006002009
:10C9800007B500236A46FA2153800748023249005E
:10C99000FFF7C6FF002806D1044801A9F7F778FE83
:10C9A000002800D01F200EBDB3A9010828070020D1
:10C9B000164B174A1B6870B50324934223D10220FB
:10C9C000144A1549F4F7D4FA144B9D78012D0BD075
:10C9D0000120F4F79DFE0634002814D10122104BEB
:10C9E00010481A70F7F784FEFFF7CAFF01220C4BBC
:10C9F00004001A70954206D00020F4F789FE9620B4
:10CA00004000FCF725FE200070BDC046A0060020B7
:10CA100000480040B8A901088F970108BC01002018
:10CA2000DC040020A8610000F0B5B0270600002556
:10CA300087B005917F013000059A1049FFF770FF1C
:10CA4000041E15D03B000122C340134213D0032320
:10CA5000AD180290019304203300094A094900955A
:10CA6000F4F786FA96204000F7F79CFD032DE2D1FB
:10CA7000200007B0F0BD1400FAE7C046B80B000074
:10CA8000D0A90108384F0108F0B585B01500002382
:10CA90006A461C4FD38104002B001B4A00910E00F4
:10CAA00003203900F4F764FA0E236B4420001900C8
:10CAB000FFF7BAFF041E0AD001902B0039000520B1
:10CAC000124A0096F4F754FA200005B0F0BD210098
:10CAD0000F48F7F7DDFD041E0BD0F7F7D9FE2B004A
:10CAE0000190390005200B4A0096F4F741FA1F2403
:10CAF000EAE72B003900084A00960120F4F738FADB
:10CB0000E2E7C046384F0108F2A90108FBA9010875
:10CB10002807002017AA01082FAA0108F0B5224C07
:10CB20001F004301E4188BB016000D00A279A1711B
:10CB30000021E379E6710893237A21720993012396
:10CB40001A4963710968E318A161E1616169DF77DE
:10CB500001316161AA420CD1089BB34202D1099B09
:10CB6000002B1FD01249800040581249920054589F
:10CB700005E00F49800040580F4C282AF5D9069748
:10CB80000027099BAD000493089B0C4A0293094BB4
:10CB90000B49EB580597019303960300009402207C
:10CBA000F4F7E6F90BB0F0BD2C080020FC000020E3
:10CBB000F448010824490108D74B010838AA0108A4
:10CBC000CCBB0108F0B5182587B02A0007000E007D
:10CBD0006846002106F04AFC144B6C461B681A207C
:10CBE0009C46134B1A7C012A06D1D87C0F2805D904
:10CBF0001B205A6A01325A6207B0F0BD997C22703C
:10CC000062464D4301920B4AA77002965219E0CC3E
:10CC1000E0C2E0CCE0C20F22013111409A6901303C
:10CC20000132D874997400209A61E5E7FC00002075
:10CC3000100B0020AC0C0020F0B593B004000F00E6
:10CC40001E000A92F3F7EDFE0D9001281BD0E37849
:10CC5000002B07D0199B04200093674A6749189B53
:10CC6000F4F786F900232380E370A360E360236177
:10CC70006361A361E36123622371636202330993F9
:10CC8000099813B0F0BD002F09D16378012BE9D1C9
:10CC90005B4A5A49189B0320F4F76AF9E2E710ADA2
:10CCA0002800F4F77FF909900028E9D12379A661DB
:10CCB000544E012B02D1236AB3420DD0F3F71AFE72
:10CCC0000A9B3D21584003F0F1FBFA239B004B43A4
:10CCD000E36101232662237102222388FF329342FB
:10CCE00027D1A378BB4224D1236AB34202D1E3788F
:10CCF000012BC5D0230008330A9304330B93424E13
:10CD00002B88AA785E4364235343F618EB782800F7
:10CD1000F618F3F7BBFE3A003C4D0FAB0100009351
:10CD200030006A430EABF3F73FFF002803D00D9BA2
:10CD3000A5E7A770DEE70F9B0E9E0C93A7787D43B7
:10CD4000002D04D02900180003F02AFB0500F3F79A
:10CD5000D1FD2F4B3F066B437740784058400B2165
:10CD6000FA2503F0A3FBAD00E3694D43A26930004F
:10CD7000D2180B9B0C99009352190A9BF3F714FFDE
:10CD80000028D4D10B990A98F5F7D6F9002830D1AC
:10CD90000223FF332380013BFF3BE768E3706562BA
:10CDA0000795E36938000693A3691649059303F0D4
:10CDB0007DFB0800FA21890003F0F2FA1349049080
:10CDC000380003F073FB08000E4903F0E9FA0F493D
:10CDD0000390380003F0E4FA0290A3680D4E01932B
:10CDE000A378320000930549189B0320F4F7C0F89C
:10CDF00046E7099044E7C0466FAA0108CCBB01088A
:10CE000084AA010860EA00001027000080EE3600C6
:10CE1000B179379E9BAA0108F7B5089F06001C0050
:10CE20000800099D1100002E01D10120FEBD002B3C
:10CE3000FBD0002FF9D0B378002BF6D0084A00972A
:10CE40005A432300F3F7B0FE0028EED1390020004A
:10CE5000F5F772F90028E9D1002DE7D02860E5E761
:10CE600080EE36000023F0B591B00EAE04000B70DA
:10CE700030000F000B92F4F795F80A90002800D0CC
:10CE8000A2E03388544DB2785D4364235343ED18D8
:10CE9000F3783000ED18F3F7F9FDA368AB4200D941
:10CEA00095E003D1E268904200D290E0226993427B
:10CEB00004D16269E3689A4200D185E001233B70A6
:10CEC0002300A168E2682433216162610193183B69
:10CED00000932000043BFFF79FFF002800D079E07B
:10CEE0000B98F5F71FFC00282FD10DA90CA8F5F71A
:10CEF00049FC002829D10D9E3849300003F0D6FAAC
:10CF00000800374903F04CFAE568344905903000D1
:10CF100003F046FA0C9F049030492800039703F071
:10CF2000C5FA08002E4903F03BFA2C49029028006C
:10CF300003F036FA0190A36803200093294A0B9B63
:10CF40002949F4F715F8A760E660E768A378380088
:10CF500023496669089303F0A9FA0800FA218900B9
:10CF600003F01EFA1D490790380003F09FFA0800ED
:10CF70001B4903F015FA19490690380003F010FA1E
:10CF80000590A36830001649049303F08FFA080057
:10CF9000FA21890003F004FA10490390300003F0ED
:10CFA00085FA08000E4903F0FBF90C4902903000A5
:10CFB00003F0F6F9019023690C4D00932A00032039
:10CFC0000B9B0949F3F7D4FF0A9811B0F0BD1C235D
:10CFD0000A93F9E70A90F7E71027000080EE360081
:10CFE00060EA000005AB0108CCBB01084DAB0108AD
:10CFF0000023F0B58FB00CAE04000B7030000F00B2
:10D000000B92F3F7CFFF0A9000286AD13388364D90
:10D01000B2785D4364235343ED18F3783000ED1884
:10D02000F3F734FDA368AB425BD802D1E2689042CB
:10D0300057D32269934203D16269E3689A4250D080
:10D0400001233B702300A168E268243321616261FF
:10D050000193183B00932000043BFFF7DDFE0A908C
:10D0600000283ED1E668A37830002049656908931E
:10D0700003F01CFA0800FA21890003F091F91C4919
:10D080000790300003F012FA0800184903F088F9FD
:10D0900017490690300003F083F90590A368280033
:10D0A0001249049303F002FA0800FA21890003F000
:10D0B00077F90F490390280003F0F8F908000B49AD
:10D0C00003F06EF90A490290280003F069F9019013
:10D0D0002369084F00933A0003200B9B0649F3F79E
:10D0E00047FF0A980FB0F0BD1027000060EA00006B
:10D0F00080EE3600B0AB0108CCBB010873B501234C
:10D1000006000D00002829D00800F4F71AFC0123BE
:10D11000984223D108223100684606F0F3FB104BF9
:10D1200030005D43F3F7B2FC290003F039F9013018
:10D1300068430C4B6C46984203D96846F3F7BAFC37
:10D1400000202288084BA578534364226A439B1829
:10D15000E27806499B184B6000238860180076BD72
:10D1600080EE3600FF5B2605102700000C03002030
:10D17000F0B5B7B00AAA0591002311006C4C2578D0
:10D1800001330D7065784D70A5788D70E5780434A5
:10D19000CD700431042BF2D1664906AC0191957B28
:10D1A000167BAC46A5700325517BD77B267061703A
:10D1B000E7702B420FD1604D695CEF5D00916146D5
:10D1C000695CAD5D61700199E5709D084D5D0099E8
:10D1D000A77069402170150000212E780F5D013184
:10D1E0007E402E7401350429F7D1013304322C2BF3
:10D1F000D5D101001022200006F084FB200000227F
:10D200000AA9FAF730FD01251B2706AC2000FAF722
:10D210003CFD627963786270627A6271627B6373EB
:10D220006272A27AA378A270A27BA372A379A27180
:10D23000E27AA373E37BE273E279E272E278E3706D
:10D24000E2710022230003921A7800925A78009823
:10D2500094469A780192DA78029262460299504096
:10D26000019A46004A40010004925140009A4E4003
:10D2700056406246C00940423840464001981E7000
:10D28000504046004E40C00956404042049A384043
:10D2900046405000019A48405040049A5E70D209BE
:10D2A00052423A4050409870009A029842405000D2
:10D2B0004140D209029852423A4041405140039ABB
:10D2C000D9700132D2B203920433042ABCD12A00AD
:10D2D000013520000AA9EDB2FAF7C5FC0A2D95D157
:10D2E0002000FAF7D2FC627963786270627A2000DB
:10D2F0006271627B63736272A27AA378A270A27B6E
:10D30000A372A379A271E27AA373E37BE273E27959
:10D310000AA9E272E278E370E2712A00FAF7A3FC4C
:10D3200010222100059806F0EDFA37B0F0BDC04696
:10D33000980300201A4A0108404A010830B5174AEC
:10D3400003001068062587B0002818D0F42205AC29
:10D35000637022700B1C002900D10123A3704F239E
:10D360003D212200E370FBF7D5FF0D49051E09D0D2
:10D3700000903D2305200B4AF3F7FAFD0525280010
:10D3800007B030BDE07823780290A078064A01907B
:10D39000607800900320F3F7EBFDF0E74C030020EA
:10D3A000EB58010809AC010840AC0108F0B58FB09A
:10D3B00006AD06000C00170000212022280006F010
:10D3C00055F8002E06D0002C04D022003100280091
:10D3D00006F098FAEB7802200493AB78144A039392
:10D3E0006B78144902932B78009401933123F3F75F
:10D3F000BFFD0126002C05D00334A3080736232CDB
:10D4000000D8DEB20C4833002A0031210068FCF756
:10D41000C9FA00280AD0009031230520074A08499C
:10D420000196F3F7A5FD07200FB0F0BD3E70FBE7B6
:10D4300072AC0108CCBB0108B8030020B7AC0108EE
:10D44000EB580108002310B586B005AC207063705E
:10D4500063800A4A0A490393029301930090393387
:10D460000220F3F785FD074B220039211868FBF7EE
:10D4700051FF002800D0072006B010BDEDAC010818
:10D48000CCBB0108B803002007B5094B01AA1380E3
:10D49000031C002800D1012393704F23D370054B48
:10D4A0003D211868FBF736FF002800D007200EBD8D
:10D4B000F4310000B8030020F0B505000E00002490
:10D4C0008BB007922A4A09AB1A8099702F68032300
:10D4D000A821380009AA01F021FE00282AD07B6C7F
:10D4E0006A6941379C463B7801322249DBB26A6166
:10D4F000022C0ED1049363461F4A039302908523A6
:10D500000520019400965B01F3F732FD08200BB073
:10D51000F0BD04936346194A039302908523019456
:10D520005B0104200096F3F723FD0520FCF790F83B
:10D530000134CBE70123A8213800079A01F042FC0F
:10D54000031EE4D02A680B49576C413210786A698F
:10D55000C0B201326A61022C04D1094A04900397D7
:10D560000293CCE7074A049003970293D6E7C0469C
:10D5700010A0FFFFEB5801082BAD010878AD0108A2
:10D58000C7AD010814AE0108F7B56B46DC1D0023DA
:10D590000827124D23702E68114B186800280ED0F2
:10D5A00022000021FFF788FF002808D123783B42A2
:10D5B00005D00C4A0C490230F3F7DAFCF7BD0A201B
:10D5C000FCF746F896222B6852009B1B9342E3D34C
:10D5D00004202378054A0449EEE7C046FC000020F9
:10D5E000B803002063AE0108EB58010885AE0108BE
:10D5F000F7B56B46DC1D00230827124D23702E68FB
:10D60000114B186800280ED022000021FFF754FFAC
:10D61000002808D123783B4205D00C4A0C4903303E
:10D62000F3F7A6FCF7BD0A20FCF712F896222B6848
:10D6300052009B1B9342E3D304202378054A0449FC
:10D64000EEE7C046FC0000204C030020AFAE01080E
:10D65000EB580108D9AE0108F0B58DB005001700F0
:10D66000042008910993002D2DD02B68002B2AD07F
:10D67000102200240AAB1A70099A59709C70DF704E
:10D680001A712E680523A82130000AAA01F046FD70
:10D690008446002817D06A69736C01326A6141368A
:10D6A000022C12D135780593099B04900293002334
:10D6B00005200093104A1149089B06950394019791
:10D6C000F3F756FC08200DB0F0BD307805936346A3
:10D6D0000493099B0A4A0293002308490690039485
:10D6E00000930420089B0197F3F742FC0520FBF709
:10D6F000AFFF0134C5E7C0460BAF0108EB58010886
:10D700006DAF0108F8B5184E04273379174C1A008D
:10D71000BA4306D1164A21003800F3F729FC00204D
:10D7200017E0012330001A001249FFF795FF051E8C
:10D7300010D103233371104B21001B680F4A0120C5
:10D740007362F3F715FC210002200D4AF3F710FC79
:10D750000220F8BD03000B4A21000520F3F708FC66
:10D760002B00094AD7E7C0461C030020EB580108EC
:10D77000D1AF0108A1100000FC000020F0AF0108AB
:10D780001BB0010844B0010862B001080023F0B5E5
:10D7900089B002AA04000425D375937598423BD042
:10D7A0000368002B48D00A20FBF752FF01272568A9
:10D7B000A821642301222800FCF71EFD3C4E011E17
:10D7C0002DD0686C626941352B780132DBB2626121
:10D7D0007D1C052F0FD003930523364A029001913B
:10D7E000009331003B000420F3F7C2FB0220FBF75B
:10D7F0002FFF2F00DBE70290052003930191030028
:10D8000031002D4A0090F3F7B3FB2B002B4A284937
:10D810000520F3F7ADFB0625280009B0F0BD17235E
:10D8200002AA9B181A002000FFF746FE051E05D02D
:10D8300008233100224AEBE70423E7E7162702AB6F
:10D84000FF183A0001212000FFF736FE397802ABBD
:10D85000DB7D1C4A009102203100F3F789FB387808
:10D86000012702ABD97D184A4B083B400593830939
:10D870003B403940C00902930190059B0091022072
:10D880003100F3F775FB2B003A0020000F49FFF73A
:10D89000E3FE0F4B226A1B6831009B18626A2771F6
:10D8A0009B1A23620B4A0220F3F762FBB4E7C046DF
:10D8B000EB58010897B00108E4B001082DB1010848
:10D8C0005CB1010888B10108B3B10108A1100000E2
:10D8D000FC000020E4B10108F0B5144C002723003F
:10D8E00030331B7806003D00207987B0BB420AD058
:10D8F0000F4B051F1F680F4B1B68FF18A36AFF1A09
:10D900006B425D41EDB2F3F7A0F8E36A039704932D
:10D910005C342378084A029300903300074901954C
:10D920000320F3F725FB07B0F0BDC0464C030020F1
:10D93000FC000020D0010020F3B10108EB580108E1
:10D9400001203F4930B53F4B0C683F4D9A69024278
:10D9500000D06DE002229969114200D09A619A6963
:10D96000D20515D49A69920512D49A6952050FD43A
:10D970009A6912050CD49A69920409D49969802293
:10D98000080092021040114202D19A69D2034ED58A
:10D9900098698021020049000A40084205D002220D
:10D9A0002A484469224342610A0080209969800024
:10D9B000014205D00121254C02436569294361617B
:10D9C00080209969C000014205D008211F4C024304
:10D9D000656929436161802099690001014205D090
:10D9E00004211A4C024365692943616180209969C9
:10D9F0008001014205D01021144C0243656929437E
:10DA000061619969890305D52020104C0243616941
:10DA100001436161802099694002014205D04021A3
:10DA20000A4C024365692943616101209A6130BD56
:10DA30000A68121BAA4200D888E70320F7E7C0460D
:10DA4000FC0000200020024050C300002C0E0020EB
:10DA5000F8B504000E0020252768BB692B4201D0D1
:10DA600000201AE0320064212000FCF70FFB0028A0
:10DA700012D10A4B1B689B1B642BEDD9BB691A00A2
:10DA80002A402B42E8D1636C2B436364230040346B
:10DA900041331D705A7022700120F8BDFC00002037
:10DAA000F8B504000D0002262768BB69334201D097
:10DAB00000201BE02A0064212000FCF7E7FA002880
:10DAC00013D10B4B1B685B1B642BEDD9BB691A0090
:10DAD00032403342E8D12021636C0B43636423005E
:10DAE0004034413319705A7022700120F8BDC0468D
:10DAF000FC00002070B50D0001210F4C0600E37002
:10DB0000002321700D49A27009682372E1606169E8
:10DB10002B0001316161320009490A48FBF721FA03
:10DB2000002D03D1A5710023E37170BD3378A3717B
:10DB3000012DF8D07378F7E7DC090020FC00002005
:10DB4000E6090020380A0020F0B58BB006000891E5
:10DB500004200992002E00D1C6E03368002B00D1CA
:10DB6000C2E0002334680793250041352B78202B31
:10DB700000D0C7E0230040331A78012A00D1C1E069
:10DB8000012280211A70694B20001F6809021923A5
:10DB90000097FCF7FFFA002844D121232B702300C3
:10DBA000402242331A70099B6064636204236385D8
:10DBB0005F4B606300938023A82120005B043E3A02
:10DBC000FCF772FC39002000FFF76AFF002825D11E
:10DBD000089B25681B0A39002000AB62FFF760FF35
:10DBE000021E1BD120216B465B181B782000AB6204
:10DBF000603164230097FCF7CDFA00280ED1638DC5
:10DC0000FF2B29D88023628DA82192B222859B0404
:10DC10000090D2B22000FCF747FC25E02300002250
:10DC200040331A7001237269606C01327261079A85
:10DC3000413440492478022A00D065E00293079BD2
:10DC4000039001930423052000933B4A089B04940E
:10DC5000F3F78EF9082047E0FF236A682385374BE6
:10DC60001A40374B13436B6039002000FFF718FF51
:10DC70000028D7D1636A1A780133AA626362638D80
:10DC8000228D013B9BB26385013A638D92B222855E
:10DC9000002B14D0002A12D1642380212000009789
:10DCA000FCF778FA0028BDD1638DFF2B1ED9FF2326
:10DCB0006A682385214B1A40214B13436B60638DA7
:10DCC000002BD1D139002000FFF7C2FE0028A9D1D6
:10DCD0002022EA616B681B490B406B6023004034D3
:10DCE00041331A70587020700BB0F0BD8023628DE4
:10DCF000A82192B222859B040090D2B22000FCF7AA
:10DD0000D3FBDCE702238EE70293079B0E4A0193C5
:10DD10000423039000930420089B0494F3F728F94C
:10DD20000520FBF795FC079B01331BE7FC00002057
:10DD300000200080EB580108BFC40108009C00FCD3
:10DD4000A800FF0100E800FE06C50108F0B50023A9
:10DD5000070087B0049105923C6803932600413682
:10DD60003378202B00D0C6E0230040331A78012AF4
:10DD700000D1C0E0012280211A70674B20001D688D
:10DD8000090219230095FCF705FA031E12D001239E
:10DD90007A69624901327A61039A022A00D0ACE0C2
:10DDA0000193039B052000935D4A049BF3F7E0F881
:10DDB000082092E02222327022004021423211706B
:10DDC000059A6064626204226285564A6063683123
:10DDD000200000920222FCF767FB29002000FFF7D9
:10DDE0005FFE002824D1049B26681B0A290020001E
:10DDF000B362FFF755FE021E1AD16B461B7C402111
:10DE0000B362200064230095FCF7C4F900280FD109
:10DE1000638DFF2B10D8628D434B92B22285009305
:10DE20008023A8212000D2B29B04FCF73DFB0BE02D
:10DE3000002340342370AAE70123726823853B4BFB
:10DE40001A403B4B134373606423002204212000DB
:10DE50000095FCF79FF9002899D123685A6A636AF4
:10DE60001A70636A228D01336362638D013A013B4C
:10DE70009BB26385638D92B22285002B16D0002A57
:10DE800014D16423802120000095FCF783F9002839
:10DE900000D07CE7638DFF2B21D9012321682385E6
:10DEA0004A68244B1A40244B13434B60638D002B6C
:10DEB000CAD129002000FFF7CBFD002800D066E77B
:10DEC000202123681D4DD9615A682A405A602300D9
:10DED0004034413319705870207007B0F0BD802372
:10DEE000628DA82192B222859B040090D2B22000BC
:10DEF000FCF7DAFADAE702234AE70193039B104AB8
:10DF000000930420049BF3F733F80520FBF7A0FBF4
:10DF1000039B013320E7C046FC000020EB580108BA
:10DF20004FC501080020008000240080009800FCFC
:10DF3000A8240101009C00FCA800010100E800FEEB
:10DF400078C5010801200023012170B50A4D404227
:10DF5000EA5C50400822040046080C40084200D009
:10DF6000064C3000013A6040002AF4D101333C2BCA
:10DF7000EED1C04370BDC0466C0100202083B8EDD7
:10DF8000124B70B51A680F26936A436013695B04DD
:10DF90005B0C836013680E4A13409A0DC2700A220C
:10DFA000D9B21D0C1C0A9B029B0F534335405B19D1
:10DFB000E4B203702309534334401C190B095A433C
:10DFC0003140521844708270002070BD240100203E
:10DFD0007F7F7F000F4B104A1B6870B55B680F2571
:10DFE00013401A04520F02700A221C0AD9B21E0CE6
:10DFF0001B0D53432E409B19C370E306DB172C40C7
:10E0000013401B1943700B095A4329405218827060
:10E01000002070BD240100203FFFFF00F0B5B1B02B
:10E020001AAD01001522280005F06CFC2B78682B36
:10E0300000D09EE2EB78682B00D09AE26F78AB7844
:10E040000A939F4200D09CE22B7D162B00D09AE2CF
:10E050002B790B936B790C930C9A0B9B9B18AA79D9
:10E060009B18DEB200230D92EA18D2790133B6185C
:10E07000F6B20C2BF8D1EB7CB34200D085E2C94C50
:10E08000C94A21000120F2F773FF3F211C9B0220A7
:10E090000E932B7A13936B7A1493AB7A1693EB7AD5
:10E0A00017930EABC9184A780B7812021A438B7873
:10E0B0001B041343CA78210012061A43EB7B0F920C
:10E0C00010932B7CB94A11936B7C1293AB7C159304
:10E0D000F2F74EFF68232100B54A0220F2F748FF0D
:10E0E0003B002100B34A0220F2F742FF2100B24A6E
:10E0F0000A9B0220F2F73CFF68232100AF4A02206E
:10E10000F2F736FF2100AE4A0B9B0220F2F730FFF8
:10E110002100AC4A0C9B0220F2F72AFF2100AA4AF8
:10E120000D9B0220F2F724FFEB792100A74A022081
:10E13000F2F71EFF179B21000293169BA44A01933E
:10E14000149B02200093139BF2F712FF2B7B2100FC
:10E15000A04A02200A93F2F70BFF6B7B21009E4A34
:10E1600002201393F2F704FFAB7B21009B4A0220AD
:10E170001493F2F7FDFE159B21000293129B984A1F
:10E180000193119B02200093109BF2F7F1FE3300E4
:10E190002100944A0220F2F7EBFE16232100924A56
:10E1A0000220F2F7E5FE2100904A0220F2F7E0FE9D
:10E1B0000E98F3F7A9FB21008D4A0E9B0B9000905F
:10E1C0000220F2F7D5FE0F98F3F79EFB0F9B21007C
:10E1D000884A0C9000900220F2F7CAFE20AE182266
:10E1E000002126A805F042F914220021300005F094
:10E1F0003DF900231993F2F714FC19AF051E00D066
:10E20000B4E0210005207C4AF2F7B2FE0D9510958E
:10E210000E950F95129511950F22149B0827134008
:10E220001A00139B1B09012D00D104371B011A434F
:10E230007F230A9E13920A9A9E433F3B1A4200D0C4
:10E240001E4320230A9A1A4200D01E431F23002493
:10E250000A9A01941A40694B14920A930D9B684ADA
:10E260000893109B0A9907930E9B022006930F9B1D
:10E2700002970593129B0493119B0393614B0093A8
:10E280002300F2F775FE012314995F4A0391139955
:10E29000069401910C990594049300910B9B0A99A3
:10E2A00002200296F2F764FEB306DB0F05937306B5
:10E2B000DB0F0493F3090393012302937B07DB0F26
:10E2C000524A0A9906940193009423000220F2F71F
:10E2D0004FFE119A26AC2271129A0B9962710F9A15
:10E2E0000EABA2710E9AE770E271109A20A822720A
:10E2F0000D9A62726A22D2180B0C118053806E2222
:10E300000C990EABD2180B0C538001231180149A78
:10E310002375139BE27421001822A674637505F01F
:10E32000F1FA012D36D13A4B1D78012D00D17DE057
:10E33000384E02203100384AF2F71AFE3748012DD4
:10E3400000D0EDE00025364B2900182219AE1D70D3
:10E3500005F08CF82822280033002100FAF744FB4E
:10E36000304D021E00D1C8E02A72D7E03000FFF71E
:10E3700007FE337838000E93737801251093B37835
:10E380000D93FFF727FE7B781293BB780F93FB78F2
:10E39000119341E70420244A0249F2F7E9FD1F20C6
:10E3A00031B0F0BD809E0108B2C50108C9C50108A1
:10E3B000E6C50108FBC5010810C6010825C601080D
:10E3C0003AC601084FC6010864C6010879C60108AB
:10E3D0008EC60108B0C60108C5C60108DAC6010824
:10E3E000EFC6010811C7010826C701083BC701088D
:10E3F00058C7010875C7010892C7010883A301081F
:10E40000A4C70108E8C70108F5C7010856C80108F4
:10E4100005000020EB5801081BC90108ED0B002086
:10E42000EC0B0020DC090020BCC80108584B5949FE
:10E430009B78482B00D15849019148210220009136
:10E44000564A0A99F2F794FD514B1B78012B03D0E1
:10E45000F3F7D4FC0028A2D11822200020A905F04F
:10E4600051FA01234A4E3B43E370B38823800023D3
:10E470001A00A15C01324B40162AFAD1A375B37879
:10E480007078472B27D8C018482102F00FF81822BF
:10E49000A0235143DB00C8182100F3F753FC0028E8
:10E4A00000D07CE7B3780133B370B3880133B38015
:10E4B000F3F772FC002800D071E7B3783549482B98
:10E4C00000D1354901914821354A009102200A992D
:10E4D000F2F74EFD2CE71822A0235043DB00210069
:10E4E000C018F3F72FFC002800D058E770784821B7
:10E4F000013001F0DBFF7170D7E73678030031009F
:10E500002000FBF7B3F8021E00D02DE7AB69310005
:10E510000133AB6103002000FFF7ECFA00203FE776
:10E52000182220A905F0EEF901221E4B19AF1A702E
:10E53000210027323B000020FAF756FA1A4D021E3E
:10E5400000D011E73F78030039002000FBF78EF878
:10E55000021E00D008E7AB6939000133AB6103004C
:10E560002000FFF7C7FA3100104A0220F2F700FD41
:10E57000D4E702230E4A0F495B420520F2F7F8FC6C
:10E580000DE70323F6E70423F4E70523F2E7C0468B
:10E59000B0020020ABC50108A3C50108DAC8010814
:10E5A000FFC80108EC0B0020DC09002032C901087B
:10E5B0005CC90108809E0108F0B540240E49002086
:10E5C0000B68DA6822420CD18022FA27DD68BF008E
:10E5D0002A430A4DDA602E68DA68224201D1012806
:10E5E00000D1F0BD2A68921BBA42F5D904208A1CDA
:10E5F000D0770338F0E7C04624010020FC0000205B
:10E6000080200F4A70B51368D9688143D960996832
:10E610006038014201D0002070BDFA2609490A4C39
:10E62000D9602568B600D9680142F4D12168491B38
:10E63000B142F8D9042302320120D377ECE7C04677
:10E64000240100205FFF0100FC00002070B52B4B6F
:10E650002B4CDB7F2568DAB2002B11D1631CDA77F3
:10E66000284B9D420CD18023274ADB02116D0220EA
:10E670000B4313650121FAF7C9FF0422234B1A60EB
:10E680000222A31CDA77EB68DB0604D50123002005
:10E690000234E37770BDCA236B62773B6B62FFF78E
:10E6A0008BFF002806D00120FF2223685A62002831
:10E6B000ECD0EFE7236816499A6820690A409A600F
:10E6C000626899680243A06902430A439A60E2685B
:10E6D0001A61A268196912040A431A61FFF790FFD0
:10E6E0000028E0D1032122686569D36C8B43D36491
:10E6F000E369D16C2B430B43D364D5E7260100209B
:10E7000024010020002800400010024000E100E049
:10E71000BFFF8FFFF0B52027050091B03A000391AD
:10E7200008A8002104AC04F0A1FE06AE2000F2F718
:10E7300039FC300006970795FCF728F9002803D02C
:10E740000625280011B0F0BD0D4B0E4A58601A6026
:10E750007F229A60039A1861DA6058619861D861E3
:10E76000FFF774FF051EEBD1A6792379E278A17833
:10E770002088019664790094F1F7F2FFE1E7C04642
:10E78000240100200028004070B5002801D101209C
:10E7900070BDF021204C214B1A68E2688A43E26088
:10E7A00022689205F3D50C20E268ED398A43E260D5
:10E7B0001B4A1C4E1568E16801421AD101211868F4
:10E7C00008421CD1E368184A1340E360E368174A23
:10E7D0001340E360FBF77CFEE368154A1B061B0F42
:10E7E000D35C1449D840144B08601868FAF7DDFE72
:10E7F000CEE71168491BB142DDD90320C8E718688C
:10E80000084E88431860156818680842DAD0106806
:10E81000401BB042F8D9F0E700100240002002404F
:10E82000FC00002088130000FFF8FFFFFFC7FFFF78
:10E83000EE4701080000002028000020F0B5050088
:10E8400085B0002802D1012005B0F0BD0C23C14CD9
:10E850000168E668E2681E4080235B021A401F00E0
:10E860000192C8073ED4890700D585E02B68DB06F6
:10E8700028D5002E00D0DBE023689B0502D5EB698C
:10E88000002BE0D080276268B3496B6A0A401A43C4
:10E890005B0B01333F029F40626061682A6A090294
:10E8A000090A12060A436260E168AC480B061B0FB6
:10E8B000C35CAB4ADF40AB4B17601868FAF775FED4
:10E8C0000028C1D12A68130700D5E3E0530700D51B
:10E8D00001E1920600D586E1AB6A002B00D0B0E1E1
:10E8E0000020B1E7082E04D00C2E09D1019A002A8D
:10E8F00006D023689B03B6D56B68002BB3D1A2E783
:10E900006868B84211D12068034323609648802785
:10E910000368BF029C4623683B42A4D16246036859
:10E920009B1A642BF7D903208EE7A027FF02B84279
:10E9300005D180202768C00238432060E3E72768BC
:10E940008A4A1740276027683B400393039B884F00
:10E9500023683B4023600028D8D183488027036880
:10E96000BF029C4623683B4200D17CE762460368B5
:10E970009B1A642BF6D9D6E72021EB680B4203D013
:10E9800020688B4308432060042E04D00C2E26D12F
:10E99000019A002A23D12268520702D5002B00D108
:10E9A00051E761682A697348120201400A4309214C
:10E9B000626022688A4313432360FBF789FDE368A2
:10E9C000664A1B061B0FD35C6549D840654B08603F
:10E9D0001868FAF7EAFD002800D147E734E76249F2
:10E9E000002B16D00920226882431343042223609F
:10E9F00008682368134207D062682B695D491B02CF
:10EA00000A401343636031E70B681B1A022BF0D9ED
:10EA100089E701222368934323600868033223684F
:10EA2000134200D122E70B681B1A022BF7D97AE7B1
:10EA3000EA694D4B002A1DD08022216852000A430A
:10EA4000802122601868890022680A420DD063681C
:10EA5000414A13406A6A1343636062682B6A120278
:10EA60001B06120A134363602CE71A68121A022A63
:10EA7000EAD958E7226840490A4080212260186894
:10EA8000890022680A4200D11CE71A68121A022A79
:10EA9000F7D948E768690121334B00280DD0206D74
:10EAA0000143022021651F68216D014200D00DE75E
:10EAB0001968C91B0229F7D935E7206D88432065FD
:10EAC00002201F68216D014200D1FFE61968C91BB1
:10EAD0000229F7D927E780230020A16B5B0501906D
:10EAE000194204D1A16B0B43A3630123019380203E
:10EAF000224940000F681C4B074218D08021A868AB
:10EB00004900884240D1216D014321651C49802084
:10EB10008C461F688000216D01425FD0019B012B54
:10EB200000D0D6E6A36B17490B40A363D1E6802043
:10EB30000F68400007430F601F68BC4680200F68C5
:10EB400040000742DAD160461F683F1A642FF5D9AA
:10EB5000E9E6C04600100240FF1FFFFFEE47010834
:10EB60000000002028000020FC000020FFFFFEFF26
:10EB7000FFFFFBFFFFE0FFFFFFFEFFFF0070004015
:10EB800088130000FFFFFFEF002814D1216D5948C2
:10EB900001402165216D5848014021655749802079
:10EBA0008C461F688000216D0142B7D01968C91BCF
:10EBB0006145F8D9B7E6A027FF00B84206D180200A
:10EBC000276DC00038432065206D9DE7216D4948C1
:10EBD00001402165216D4848014096E71968C91B2D
:10EBE000614598D99FE6A9690120454B454A00290E
:10EBF00015D0A1680143A160616B0143616380216D
:10EC0000106A89010143116202211868A2680A4250
:10EC100000D061E61A68121A022AF7D983E6A168C1
:10EC20008143A160116A38480140116202211868CD
:10EC3000A2680A4200D14FE61A68121A022AF7D9CE
:10EC400071E60C2E3BD02E4A3049022B28D1236886
:10EC50000B40802123601068890423680B421AD17D
:10EC6000286BEB6AE1680343294801400B43696B59
:10EC70000B43E360802321685B040B438021236006
:10EC80001068890423680B4200D029E613681B1A18
:10EC9000022BF7D947E613681B1A022BDDD942E68F
:10ECA00023680B40802123601068890423680B428D
:10ECB00000D115E613681B1A022BF7D933E6012B96
:10ECC00000D1C0E58023E068EA6A5B02034093421A
:10ECD00000D0B8E5F0232A6B9B030340934200D099
:10ECE000B1E5C0231B0418406B6BC01A431E98414A
:10ECF000C0B2A9E5FFFEFFFFFFFBFFFF8813000086
:10ED0000FC00002000000140FFDFFFFFFFFFFFFECF
:10ED1000FFFF02FFF7B50F0040250400403F0068E9
:10ED20000193AF4304239C46194EC5690D40A94287
:10ED300001D100201AE03568019BAD1AAB4225D302
:10ED4000634605681D42F0D0002FEDD0C369082549
:10ED50001E002E402B420AD005622000FCF7C4F8AA
:10ED60006319DD670023012078342370FEBD802500
:10ED7000C3692D012B42D5D005622000FCF7B4F801
:10ED80002300202208337834DA6726700320EDE769
:10ED9000FC00002070B50A4D06002B7C0C00022000
:10EDA000012B0CD001232B74FEF7CAFD002804D1DF
:10EDB000E4B268613470FEF7C3FD00232B7470BDAC
:10EDC0002C0E0020F0B5060087B004910593413663
:10EDD0003378040017000220202B14D12300403385
:10EDE0001A78012A0FD0012580211D70604B2A005E
:10EDF0001B6820000393009309021923FBF7CAF94B
:10EE0000002802D0012007B0F0BD22233370230078
:10EE1000102242331A70059B60646385628D554BE6
:10EE200067626063FF2A20D92585009380232A002A
:10EE30005B0420000499FBF737FB2027638D002B30
:10EE40005DD120000399FEF703FE0028DAD12021CE
:10EE50002368494DD9615A682A405A6023004034DA
:10EE60004133197058702070CDE7628D92B22285BF
:10EE700000938023D2B29B04DBE764212000039A35
:10EE8000FBF704F9B36905003B421FD16B1E9D419E
:10EE9000EDB2374B039A1B689B1A642B0ED9002DD9
:10EEA0000BD10422B369134208D1636C3B43636402
:10EEB000230041331F70013B1D7001250422266889
:10EEC000B36913421DD1002DD7D09BE7002812D182
:10EED000B3691023B2691A420FD0F3610C3B63642B
:10EEE000F7617368244A13407360230041331F7035
:10EEF0005870013B18700125CBE76064C9E7002515
:10EF0000DCE7002D00D07DE7726A636A1A70628DBB
:10EF1000636A013A013392B26362238D6285013BD9
:10EF2000628D9BB22385002A88D0002B86D1039B5B
:10EF30002A000093802164232000FBF72BF900288E
:10EF400000D05FE7638DFF2B09D9FF228023228544
:10EF50005B04009520000499FBF7A6FA6EE7802376
:10EF6000628D9B0492B22285D2B20095F2E7C04630
:10EF7000FC0000200024008000E800FEF8B52D4AC7
:10EF80000600137802202C4D012B0BD02B68013882
:10EF900010709968490706D52023696D0B436B658E
:10EFA00000231370F8BD80223468776880262348D8
:10EFB0006103D202490B2240B602874221D0986AEF
:10EFC00001439962002A08D080231D4A1B0411685E
:10EFD0000A200B431360FAF725FD344205D0802345
:10EFE000174ADB0311680B431360E40305D5802344
:10EFF000134A5B0411680B431360002050352870DE
:10F00000D0E7986A88439862002A04D00C4A0D49D8
:10F0100013680B401360344204D0094A0A4913684C
:10F020000B401360E403E8D5054A084913680B4018
:10F03000E2E7C046F0000020A00000200110000020
:10F0400008270140FFFF7FFFFFFFBFFFFFFFFFFE1D
:10F050000421144A30B513689868084201D1002091
:10F0600030BD9868084206D09968890703D41021FA
:10F0700098680143996004200B4C25689968014207
:10F08000EDD02168491B0A29F8D999680142F5D0C9
:10F0900010230120516D0B435365936D034393651A
:10F0A000DEE7C046A0000020FC00002030B50324AD
:10F0B000184B1A6891682140012901D0002030BD09
:10F0C00010680842FAD0052590682840012818D118
:10F0D000022195682943916014600F4C256891685E
:10F0E0000142EBD02168491B0A29F8D991680142F5
:10F0F000F5D01022596D0A435A659A6D02439A65FC
:10F1000006E01022586D02435A659A6D11439965C5
:10F110000120D4E7A0000020FC000020F0B507008B
:10F1200085B00291039341373B780400150002201B
:10F13000202B12D1230040331A78012A0DD001224E
:10F1400080211A70424B20001E6809021923009684
:10F15000FBF720F8002802D0012005B0F0BD2123E4
:10F160003B702700113B42373B70039B6064638513
:10F17000638D65626063FF2B2ED9FF228023228579
:10F180005B0429782068013A8162608D92B231492E
:10F1900001382285013580B2013265626085D2B2C4
:10F1A000009120000299FBF77FF9638D3100200068
:10F1B000002B1ED1FEF74CFC0028CDD12021236866
:10F1C000254DD9615A682A405A60230040344133A2
:10F1D000197038702070C0E7628D92B22285002AC3
:10F1E00002D080239B04CCE71A4B009380239B041E
:10F1F000D7E7FEF755FC0028AED1636A226819787C
:10F20000013391626362638D228D013B9BB2638502
:10F21000013A638D92B22285002BC6D0002AC4D158
:10F220006423802120000096FAF7B4FF002800D064
:10F2300092E7638DFF2B05D9FF22802322855B0493
:10F240000090AEE7628D92B22285D2B20090CDE7F7
:10F25000FC0000200020008000E800FE07B56B469F
:10F2600040BA9880E0210223024801AAFFF756FF26
:10F270000EBDC046A805002010B501000078082288
:10F28000C0433124C0B243B24000C0B2002B02DA06
:10F290005B006340D8B2013AD2B2002AF3D14B7876
:10F2A00008223121584043B24000C0B2002B02DA9C
:10F2B0005B004B40D8B2013AD2B2002AF3D110BD64
:10F2C00070B50C4B0C4C1A78012A11D001251D7019
:10F2D000FFF7BEFE002808D1FFF7E8FE002804D1A2
:10F2E000636D064A13401D43656500235034237047
:10F2F00070BDC046F0000020A0000020FEFEFFFF11
:10F30000F0B515000024B5B002900391A54201D8D4
:10F3100035B0F0BD2B1B1A1C9BB2102B00D910224C
:10F3200093B20193C0212300104A04A804F0E0F92D
:10F33000002604AF380001F02BF8C021039B0C4AD3
:10F340001B199B5D091A381804F0D2F90136019A8D
:10F35000B3B29A42EDD83A0002200299F1F77EFD4D
:10F360000028D5D11034A4B2D0E7C04673C9010833
:10F370000BC70108102310B588B007AC2370002319
:10F3800063800C4B2200607020211868F9F7C2FFDF
:10F39000E378094A0493A378084903936378032028
:10F3A000029323780193012300931F33F1F7E0FDCB
:10F3B00008B010BD4C0300207AC90108CCBB01087D
:10F3C000002313B5040001AA53705380064B10703C
:10F3D00029211868F9F79EFF2300044A04490320F5
:10F3E000F1F7C6FD13BDC0464C030020C9C9010892
:10F3F000EB580108F0B585B0140000236A46184E9A
:10F40000D38107002300174A00910D00032031002B
:10F41000F1F7AEFD0E236B4413491A003800FDF7D7
:10F420007FFA011E09D0114A019023003100042007
:10F430000095F1F79DFD05B0F0BD0D48F5F728F9F1
:10F44000002804D0F5F724FA0A4A0190EDE72300DA
:10F450003100094A00950120F1F78AFDEBE7C0462B
:10F46000384F0108F2A90108B80B0000ECC90108E7
:10F470002807002017AA01082FAA010837B50D0098
:10F480001400FDF701FB002807D0019023000420A1
:10F49000024A03490095F1F76BFD37BDECC901083D
:10F4A000384F010870B50400EFF31080012282F399
:10F4B000108821682F4D0B682B400B6080F310885B
:10F4C000EFF3108082F3108821688B6893438B6080
:10F4D00080F31088236E93420AD1EFF3108183F3F7
:10F4E00010881020226813688343136081F310880A
:10F4F0002168402288680300134010422ED0EFF3A9
:10F500001080012383F3108821688B6893438B60FC
:10F5100080F31088606F002810D0174B8363831D21
:10F52000DB7F022B05D00423C363606F836B984796
:10F5300003E0FAF7ADFA0028F7D170BD23005A3383
:10F54000188023000F2104CB60651162956907398B
:10F55000294391612022DA672066EEE722005A32C1
:10F5600013800F2263650A622021221DD167236662
:10F57000E3E7C046DFFEFFFF0F7D000810B5034B39
:10F580009B7A032B01D9F2F7C3F810BD3C0500208C
:10F5900010B5102200211A4803F068FF80220021D4
:10F5A0005200184803F062FF174C08220021174848
:10F5B00003F05CFF200008220021203003F056FFFA
:10F5C000200010220021283003F050FF20000A22E2
:10F5D0000021383003F04AFF582200210C4803F084
:10F5E00045FF00220B4B0C491A700C4B02201A707D
:10F5F0000B4B01321A700B4AF1F7BAFC10BDC04632
:10F6000004060020280700202C0E0020440E0020B5
:10F61000E004002000060020384F0108DF0400202D
:10F62000DD04002006CA0108F0B5314D0220290092
:10F63000304A87B0F1F79CFC00260A27002103AC72
:10F640000A226F442000398003F010FF3A002A4854
:10F650002A49FDF765F9002812D03B880400009381
:10F6600029000300264A0520F1F782FC1F2C2DD12A
:10F670001F2329000520234AF1F77AFC07B0F0BDCB
:10F680002000FCF719F9002812D10A2221001E4897
:10F6900004F038F9637A002BEAD02000F6F714FA68
:10F6A000031EE6D12900194A0220F1F761FCE5E7C3
:10F6B00009280AD0F5F7ECF8154903000091154A1E
:10F6C00029000520F1F754FCD2E70C240A23013667
:10F6D00000932900330002200F4A0194F1F748FCFF
:10F6E0000A2EC5D0FA208000F4F75CFFA5E7C046DB
:10F6F000384F010811CA0108F5870108B80B00004E
:10F7000034CA0108A0CA01086E0E0020BDCA010853
:10F710002807002059CA010881CA0108F0B5494CE0
:10F720000700A54400240A910B9221000C220FA887
:10F7300002940394089403F099FE079401940494AE
:10F74000397A019B8B4210D3049B012B06D17A7A24
:10F750000A9855A904F0D6F8079BBB810B9B049A25
:10F760001A70D9239B009D44F0BD786800F018FE04
:10F77000019B0CAD5843069B3E680C93029B861977
:10F780002B71039B0C226B71089B29003000EC80CD
:10F790002B81F2F713FC0C9B06932B7902936B7968
:10F7A00003932B89EC880893002846D130007B7A9C
:10F7B0000C301A0015A90593F2F700FC09900028F7
:10F7C0003BD1214B069A9A4237D1029B012B34D16F
:10F7D000059B039A934230D1069B12AE0C93029B79
:10F7E0000C22290030002B7104F08CF8099B338126
:10F7F00095AB07CE07C318003100039A04F082F8D6
:10F80000039995A80C31F2F76FFA089B984214D12E
:10F81000049B002B03D0079BE31A1B040DD40CABF5
:10F820000FAA23CB23C215A9059A55A804F06AF89C
:10F83000019B0794BB72029B0493019B0133DBB2D3
:10F8400001937DE79CFCFFFF4746435310B598B0FA
:10F8500001002F220CA804F055F80CA8F2F782F84A
:10F86000002811D16846F2F74BFC0D4C00280DD151
:10F870002F2268460CA903F0D1FF002806D12100F1
:10F88000084A0230F1F774FB18B010BD2100064A97
:10F890000220F1F76DFB0CA8F2F70CFCF4E7C04670
:10F8A0000D500108CCCA0108EACA0108F0B50026CB
:10F8B000A5B01A27002106ABFF18102214A8398022
:10F8C00003F0D4FD3A009C489C49FDF729F8041E3A
:10F8D0002FD03B889A490C280FD00093994A0300F7
:10F8E0000520F1F745FB1F2C0ED11F242300964A5B
:10F8F00093490520F1F73CFB0FE11D2B15D805209E
:10F90000924AF1F735FB0C240523013600930420BD
:10F9100033008F4A8A490194F1F72AFB052EE5D07E
:10F92000FA204000F4F73EFEC3E70220894AF1F7CF
:10F930001FFB00241022210014A80E940F94109491
:10F94000119412941394189403F090FD0D94824C2A
:10F950000DA92000F4F79CFE082205009543EDB2A6
:10F960000300002D00D0DAE020007C4903F0ACFF5A
:10F97000041E07D1002D1FD1794A71490220F1F7E9
:10F98000F7FAC0E718AB049313AB039312AB0293DF
:10F9900011AB0E34019310AB0093200071490FABF3
:10F9A0000EAA03F0D9FE0728DED1002D00D12500D4
:10F9B000109B012BD8D1250018AB049313AB0393F4
:10F9C00012AB029311AB019310AB00932800654971
:10F9D0000FAB0EAA03F0C0FE0A90072800D0A9E0E2
:10F9E0000E9D0F9CEB43DB171D40E343DB171C40D0
:10F9F000109B1198013B5A425341DBB20993F5F732
:10FA0000A7F906901298F5F7A3F907901398F5F760
:10FA10009FF908901898F5F79BF9089B14A90B809B
:10FA2000069B4881CB80079B10220B81099B070016
:10FA30008B730123CB734C4B4C48A6B20B938E8037
:10FA40008D8103F05FFF0B980A9A0021393003F093
:10FA50000DFD089B0022002B04DA089B5A42962ACF
:10FA600000DD96220B9B38331A70320ADA709C70D4
:10FA70000023069A9A4203DA5342962B00DD96231E
:10FA80003B4A394E13710023079A9A4203DA5342D4
:10FA9000962B00DD962338362948B371BBB21B0A7A
:10FAA000A4B273723772009404000999314AABB260
:10FAB000019101000220F1F75BFA21002E4A089B18
:10FAC0000220F1F755FA21002C4A069B0220F1F79B
:10FAD0004FFA21002A4A079B0220F1F749FA3B001E
:10FAE0002100284A0220F1F743FA00232100264A88
:10FAF0000220F1F73DFA0A2231002448F8F724F8F1
:10FB000018A8F2F7FDFA4A2006AB0A223100C01805
:10FB100003F0F8FE18A8FFF799FE25B0F0BD0928FC
:10FB200000D129E738881A4A009005490520F1F7E5
:10FB30001FFADAE60423F5E704CB0108B80B00004E
:10FB4000384F010817CB0108ABCC010840CB0108A6
:10FB500089CC010867CB010828070020B4CB010835
:10FB600037CC01089FCB01082C0E0020540E00203A
:10FB7000640E0020C3CB0108E4CB0108F2CB0108DE
:10FB800000CC01080DCC01081ACC01082FCC0108CB
:10FB90005FCC0108F0B500261F2795B000236A4608
:10FBA00075489381754903AAFCF7BAFE0400051E47
:10FBB00010D10100082204A808AD03F057FC2C70F6
:10FBC00006946F4C06A92000F4F762FD202300285C
:10FBD00017D03D0003236B4C013600932100330006
:10FBE0000220694A0195F1F7C3F9032E00D09CE089
:10FBF0002B002100654A0520F1F7BAF915B0F0BDD8
:10FC000001342278002AE4D02B2AF9D162789A4371
:10FC1000432AF5D1A2789A43472AF1D1E2789A4350
:10FC2000532AEDD122799A434E2AE9D162793A2AB0
:10FC3000E6D106342378202B11D0092B0FD00023D6
:10FC40002278002A6ED0102BC3D011003039092938
:10FC500007D80F2B00D0EA5401330134F0E7013408
:10FC6000E8E70D2A01D00A2AF7D10021EA1811701D
:10FC70000F2BAED1280000F08BFB0F28A9D1280054
:10FC800004A9FBF769FD041EA3D1082204A940487A
:10FC900003F038FE3F4D04A928000822F7F754FF6F
:10FCA000280004A9FBF7BCFD00236A4653810A33F0
:10FCB0006B441A0038483149FCF732FE0600051E35
:10FCC0001FD106AD01000822280008AF03F0CEFBCB
:10FCD0002B483E7003A90396F4F7DAFC00280FD1F5
:10FCE0003800FBF758FD00280AD1380000F050FB1F
:10FCF0000F2805D129003800FBF72EFD002819D068
:10FD00001F2505231F4E01340093310023000220DC
:10FD1000224A0195F1F72CF9052C27D12B0031004F
:10FD20001F4A68E7102BA0D153E7FA204000F4F7F0
:10FD300039FC33E7290008221A4803F0E3FD1A4C86
:10FD4000082229002000F7F7FFFE29002000FBF71A
:10FD500067FD3800F2F7D4F90BAB04AA03CA03C35A
:10FD6000380006CD06C3FFF771FD47E7FA204000D3
:10FD7000F4F718FC98E7C0466F840108B80B000040
:10FD800028070020384F0108D1CC0108F0CC010829
:10FD9000440E0020CCCC0108F06B010813CD010803
:10FDA00032CD01084C0E00200ECD0108F0B5C44C38
:10FDB000C44EC54AA544310004000320F1F7D8F829
:10FDC000FFF7E8FEFFF772FDC04BC14ADB7B012B5A
:10FDD0001FD12820175E2E25505F1300844638005F
:10FDE0004C331978633002DB60466D3074DA0123DE
:10FDF0004C321370B74AB84B1000002900D01300E2
:10FE000065460090B54A0320B54902950197F1F780
:10FE1000AFF8FFF709FCB34FB3493A00B348FFF717
:10FE2000E9FA3A00B249B348FFF7E4FA3A00B249B6
:10FE3000B248FFF7DFFA3A00B149B248FFF7DAFA01
:10FE40000EA8F2F75DF90EA8F1F775FE0694012CE5
:10FE500007D0532304AA9B181B78013B5A425A41EE
:10FE6000069200230CAC2380220001331AA90EA8AD
:10FE7000FBF77AFA002845D1238801240593A24A8A
:10FE800013780133DBB20493002B01D101230493D7
:10FE9000D8211370002304AA52189C483AA9137061
:10FEA000FCF768F9874F011E00D071E03900984ACD
:10FEB0000330F1F75DF8002304AAD382059B002BE1
:10FEC00000D090E00121029103217E480191914BE5
:10FED0000100914A009432E238005F3004DB604652
:10FEE000693001DB002018707B4B1800002987D097
:10FEF0004C321178774A13001000002900D07FE7B8
:10FF000075487DE731000420824B844AF1F730F8D0
:10FF10003AA8F2F7F5F8824B1A7801239A4200D1F9
:10FF20004733804ADE26147804A9013C62425441DA
:10FF300004AAB618F27FCF1DE4B245ADFF379A424E
:10FF400002D12A78A24211D0F3773AA8F1F70AFD3C
:10FF5000012304AA0632FF322C70137003333B7066
:10FF60003AA8F1F7FFFC3AA8FFF770FC3878F37F66
:10FF7000029004A80630FF3000786B4A0190287880
:10FF8000574900900320F0F7F3FF684B9D44F0BD04
:10FF90000C2802D01F2800D0CAE101256449514A2B
:10FFA0006448FCF771FD011E00D0C1E13AAE30702B
:10FFB00031006148FCF7DEF8002800D17BE7337898
:10FFC0005E4A029302230190009304202B003D49D6
:10FFD000F0F7CEFF012D00D0A9E1FA208000F4F760
:10FFE000E1FA0135DAE7AF273AAEFF00059B3900A9
:10FFF000534A300003F07CFB0500321805991AA81B
:020000040801F1
:10000000F5F748FD059B4F4A5B005D19791B049B82
:10001000701903F06DFB4C4B2D18013D9D4200D92A
:1000200050E7049B494A274900930320059BF0F7BA
:100030009FFF162304AA9B1845491A003000FCF7BD
:100040006FFC011E00D03EE74248F4F721FB002878
:1000500000D0C6E0404B1B6807933F4B079A1B68D4
:100060009B1A3E4A934206D93D4A1649049B0420F6
:10007000F0F77EFFB3E001223A4B35491A7004AB2A
:1000800015323948D218FCF74BFC011E00D01AE794
:10009000304E3000F4F7FCFA051E00D0A1E0012339
:1000A00030005B4231490B9303F00EFC030011302A
:1000B000002B5ED1FA208000F4F774FACDE7C04639
:1000C0009CF9FFFF384F01085CCD0108540E002059
:1000D0002C0E002050CD010855CD01088BCD010814
:1000E0006E4D0108B3CD01085686010866860108E9
:1000F000CBCD0108D7CD0108E5CD0108F2CD01082F
:1001000001CE010817CE010800060020C409000036
:100110003DCE01082FCE010815D00108308F01080F
:10012000780E00203B020020E2D0010864060000A7
:1001300076CE010886CE01083075000098CE010801
:1001400021CF010834CF01087605000041CF010816
:10015000B80B000028070020FC0000202F750000CD
:10016000DECF0108DC04002084CF01089ACF01080B
:1001700001300378202BFBD0092BF9D075490BAB4C
:100180000AAA03F0E9FA002894DD0A9E0B9F3300C7
:100190000320714A71490097F0F7EAFE042E18D146
:1001A000002F02DB049BBB4284D1013C0021E0B262
:1001B000F0F7CEFF0CABDF78002F00D1A4E0684B46
:1001C0001B78012B17D0F1F719FE002813D01E2041
:1001D0002FE0B31E012B02D9052E00D06AE70C21B7
:1001E00071E61F216FE6FA208000F4F7DBF9013495
:1001F00045E60135EDB25A4B9C78A54218D25878A5
:100200004821401900F052F918235943A0233AAE6F
:10021000DB00C81818223100F1F782FD0028D6D182
:100220000222F3781342E4D1641BE4B2A74209D955
:100230000120009005204B4B4B4A48490197F0F7AD
:1002400097FE65E67B19DBB20793454B482158784A
:100250003AAE401900F02AF918235943A023DB00D5
:10026000CC18182231002000F1F75AFD0028AED139
:100270000222F378B0751343F3700300F25C01338C
:100280005040C0B2162BF9D1B075182220003100B1
:10029000F1F758FD041E9AD10135079BEDB2AB4230
:1002A000D3D1069B2E4D012B37D12B78012B0DD0AE
:1002B000F1F7A4FD002809D01E202A4B00902B4AFC
:1002C000264901971938BAE70134E4B2AB78A34262
:1002D00013D968784821001900F0E8F81823594329
:1002E000A023DB00C81818223100F1F719FD0028FF
:1002F000E2D10222F3781342E6D1002C04D0200090
:10030000F1F73AFE0028D7D10498164B01900598D2
:10031000174A00901149032091E7A878114B0190EA
:10032000144A0E4900970320F0F722FEECE70C2157
:1003300002910321019139000A4B0F4A00940420D5
:10034000F0F716FE032C00D04DE701212000F0F756
:10035000FFFEDDE5AECB0108ACCF0108384F010848
:10036000B00200202FCE01084CD00108D38E010826
:10037000B0D0010881D00108E6CE010802780B78E0
:10038000002A03D0013001319A42F7D0D01A7047C9
:100390000023C25C0133002AFBD1581E70470000C5
:1003A000002243088B4274D303098B425FD3030AB4
:1003B0008B4244D3030B8B4228D3030C8B420DD3C7
:1003C000FF22090212BA030C8B4202D31212090255
:1003D00065D0030B8B4219D300E0090AC30B8B4293
:1003E00001D3CB03C01A5241830B8B4201D38B0341
:1003F000C01A5241430B8B4201D34B03C01A5241E6
:10040000030B8B4201D30B03C01A5241C30A8B4228
:1004100001D3CB02C01A5241830A8B4201D38B0213
:10042000C01A5241430A8B4201D34B02C01A5241B7
:10043000030A8B4201D30B02C01A5241CDD2C30929
:100440008B4201D3CB01C01A524183098B4201D3A5
:100450008B01C01A524143098B4201D34B01C01A90
:10046000524103098B4201D30B01C01A5241C30808
:100470008B4201D3CB00C01A524183088B4201D377
:100480008B00C01A524143088B4201D34B00C01A63
:100490005241411A00D20146524110467047FFE7CF
:1004A00001B5002000F006F802BDC0460029F7D0D3
:1004B00076E770477047C04602B471464908490064
:1004C000095C49008E4402BC7047C04603B47146C3
:1004D000490840004900095E49008E4403BC70474A
:1004E00003B47146490840004900095A49008E4446
:1004F00003BC704703460B437FD4002243088B4262
:1005000074D303098B425FD3030A8B4244D3030B9A
:100510008B4228D3030C8B420DD3FF22090212BA5F
:10052000030C8B4202D31212090265D0030B8B42DB
:1005300019D300E0090AC30B8B4201D3CB03C01AC5
:100540005241830B8B4201D38B03C01A5241430BA0
:100550008B4201D34B03C01A5241030B8B4201D390
:100560000B03C01A5241C30A8B4201D3CB02C01AFB
:100570005241830A8B4201D38B02C01A5241430A73
:100580008B4201D34B02C01A5241030A8B4201D362
:100590000B02C01A5241CDD2C3098B4201D3CB0109
:1005A000C01A524183098B4201D38B01C01A5241B8
:1005B00043098B4201D34B01C01A524103098B42BC
:1005C00001D30B01C01A5241C3088B4201D3CB00A7
:1005D000C01A524183088B4201D38B00C01A52418A
:1005E00043088B4201D34B00C01A5241411A00D23A
:1005F00001465241104670475DE0CA0F00D04942A3
:10060000031000D34042534000229C4603098B4212
:100610002DD3030A8B4212D3FC22890112BA030A9A
:100620008B420CD3890192118B4208D3890192111C
:100630008B4204D389013AD0921100E08909C309A1
:100640008B4201D3CB01C01A524183098B4201D3A3
:100650008B01C01A524143098B4201D34B01C01A8E
:10066000524103098B4201D30B01C01A5241C30806
:100670008B4201D3CB00C01A524183088B4201D375
:100680008B00C01A5241D9D243088B4201D34B0090
:10069000C01A5241411A00D20146634652415B10D2
:1006A000104601D34042002B00D5494270476346B3
:1006B0005B1000D3404201B50020FFF7FBFE02BDF6
:1006C0000029F8D016E77047002B11D1002A0FD16E
:1006D000002900D1002802D00021C943080007B436
:1006E000024802A14018029003BDC046C9FDFFFFA9
:1006F00003B4684601B5029800F034F8019B9E46A9
:1007000002B00CBC7047C046F0B5CE469946030C0B
:100710009C46130447461B0C1D000E006146040452
:10072000240C80B50700100C4B43654341436043E4
:100730002C0CC01824188C46A34203D980235B02DA
:100740009846C444494679435643230C2D042D0C46
:100750008919634424046019C918C0BCB946B0465D
:10076000F0BDC046F0B557464E464546DE46E0B5BC
:1007700004000D009246994683B08B4230D82DD0AC
:100780004946504600F038FE29000600200000F0DF
:1007900033FE331A9846203B34D49B4653465A4680
:1007A000934042461F00534693401E00AF423BD841
:1007B000AF4200D179E05B46A41BBD41002B00DABB
:1007C00076E0002200230092019301235A469340D1
:1007D0000193012342469340009329E08242CFD9FE
:1007E00000220023009201930C9B002B01D01C607F
:1007F0005D600098019903B0F0BCBB46B246A946C3
:10080000A046F0BD42469B4620239B1A5246DA4042
:10081000414613004A468A40170042461F4353464A
:1008200093401E00AF42C3D90022002300920193DF
:100830004346002BD8D0FB0772081A4346467B0874
:100840000EE0AB4201D1A2420CD8A41A9D41012076
:1008500024196D410021013E24184D41002E06D07F
:10086000AB42EED9013E24196D41002EF8D100981B
:1008700001995B4600196941002B24DB2B005A4685
:100880004646D3402A001C00F2405B461500002B70
:100890002ADB26009E40330026004746BE40320039
:1008A000801A9941009001919EE7A342BCD882E74B
:1008B0004246202300219B1A00220091019201222E
:1008C000DA40019285E7424620239B1A2A004646D9
:1008D0009A402300F340464613432A001C00F2408E
:1008E0005B461500002BD4DA202342462F009B1BC9
:1008F00097402600DE403B003343CDE7F0B5464647
:100900004F46D6464502C0B5C30F470098460E1C59
:100910006D0A3F0E5BD0FF2F21D08023ED00DB045A
:100920001D43002399469A467F3F74027300640A70
:100930001B0EF60F002B20D0FF2B43D0802200206F
:10094000E400D20414437F3B4246FF1A4B467240F8
:100950000F2B00D99DE071499B00CB589F46002D7D
:100960005AD108239946063B74029A467300FF2722
:10097000640A1B0EF60F002BDED1002C3BD10123A5
:1009800042464946724019430E2918D864488900E6
:1009900041588F465346022B00D1B8E0032B6ED04E
:1009A00042462C00012B40D100200024C0052043EA
:1009B000D2071043E0BCBA46B146A846F0BDFF20BE
:1009C0000024F3E7002C20D10223FF3FD8E7002DBD
:1009D00005D104239946033B00279A46A5E7280042
:1009E00000F0ECFC7627431F9D4000237F42994690
:1009F0009A463F1A99E7200000F0E0FC431F9C4014
:100A000076235B421B1A00209EE703234A461A43C3
:100A100091460320FC3397E70C239946093BFF27B7
:100A20009A4682E703282CD0320038007F30002815
:100A300047DD630704D00F232340042B00D0043488
:100A4000230103D53800374B80301C40FE28B6DC2C
:100A5000A401640AC0B2A9E780240022FF20E403B5
:100A6000A4E78023DB031D4201D01C420BD080246D
:100A7000E4032C4364024246FF20640A96E746469C
:100A80002C008023DB031C4364023200FF20640A35
:100A90008CE76D01600185422DD21B230024013FAC
:100AA0000126290064006D00002901DB854201D385
:100AB0002D1A3443013B002BF3D16B1E9D412C4377
:100AC000B3E701231B1A1B2B00DD6DE721009E37C6
:100AD000D940BC400B00611E8C412343590704D010
:100AE0000F211940042900D00433590113D49B016C
:100AF00000205C0A5AE71A2301242D1AD0E7981E19
:100B000043425841404232000024C0B24EE74246C0
:100B1000FF2000244AE70120002447E74C4B01084E
:100B20008C4B0108FFFFFFF7F0B54F464646D6460F
:100B30004502C0B546000F1C6D0A360EC40F002ECC
:100B400000D1CDE0FF2E72D08023ED00DB041D43E9
:100B5000002399469A467F3E7B025B0A98467B00BB
:100B60001B0EFF0F002B72D0FF2B00D1A9E07F3BA3
:100B7000F6184B460A2B00DD85E043468022DB0059
:100B8000D2041A434B4690467C400022022B0FDDD4
:100B9000494601238B40A621C9000B4200D072E0D8
:100BA000902189000B4200D0DAE08821194267D1F8
:100BB000280C42462D042D0C4346290012041B0C20
:100BC000120C51435D4342435843AD180B0C5B1963
:100BD0009A4203D9802252029446604409041A04BE
:100BE000090C52189501691E8D411B0C920E1B18A1
:100BF00015439B011D431B0100D5CFE030007F3022
:100C0000002800DCB1E06B070BD00F2332002B4033
:100C1000042B06D004352B0103D5803210006A4B1B
:100C20001D40FE2864DCAB015B0AC0B21FE0002D52
:100C300000D08FE008239946063B9A467B025B0A68
:100C400098467B00FF261B0EFF0F002B8CD14346DE
:100C5000002B5CD14A4601331A43914613000A2AFD
:100C600011DC01227C40022B92DC00200023C00515
:100C70001843E4072043E0BCBA46B146A846F0BD9D
:100C80003C00454692465346022B31D0032B11D0EF
:100C9000012BEAD030008030721C002866DD6B0723
:100CA000B9D00F232B40042BB4D1B4E70F2A7AD04C
:100CB0003C0045468023DB032B435B02FF205B0A9D
:100CC000D5E74346FF36002B34D14A46023313435F
:100CD0000A2BD8DC7C40002A0AD09946022257E72A
:100CE000002D08D104239946033B00269A4633E79A
:100CF000FF200023BBE7280000F060FB7626431F9F
:100D00009D400023764299469A46361A24E740468B
:100D100000F054FB4B46361A763E0A2BB3DC4346B2
:100D20000538834098464B4600227C40022B00DD6C
:100D30002EE73DE703234A461A4313000A2AB5DC8F
:100D400001229A40882113007C400322194200D1DD
:100D50002EE795E70C239946093BFF269A46FBE6CA
:100D600080230024FF20DB0381E7320001231B1ACC
:100D70001B2B00DD79E79E3229009540D9406A1E81
:100D800095410D436B0704D00F232B40042B00D05B
:100D900004356B0113D50120002368E701236A089D
:100DA0001D40154376E78023DB031D4282D0424677
:100DB0001A4200D07EE73C00FF20134357E7AB0107
:100DC00000205B0A53E7C046FFFFFFF7F8B5474630
:100DD000CE464B02460080B5C40F4702580A8446EF
:100DE00048007A0A360EBF09000ECD0F9B09FF2876
:100DF0006DD001214D40311AAC423AD0002900DCBF
:100E00009CE1002800D19EE0FF2E00D188E08022E6
:100E1000D20413431B2900DCF6E0013F7A0100D421
:100E200079E001277F42BF01BB099846404600F0A8
:100E3000C5FA434605388340864200DCCCE0B44F17
:100E4000311A1F405A0768D00F221340042B64D078
:100E500004377B0161D5481CFE2900D081E0FF20CA
:100E60000023C0051843E4072043C0BCB946B04680
:100E7000F8BD002900DC79E1002876D1002B4CD0A8
:100E8000481E012900D147E1FF2949D01B2871DC08
:100E900001001A002020CA40411A8B40591E8B4184
:100EA0001343FF188023DB041F4200D1B8E0711CFC
:100EB000FE2ED4D0012297483A407F0807401743BE
:100EC0007A0700D096E01F42C5D1FA0855E03100FC
:100ED000FF398946002B2CD101214D40AC4200D175
:100EE000B4E0494600294CD0002E00D0F9E0FF21A3
:100EF000002F00D108E14A1E012900D156E1FF2947
:100F000000D142E11B2A00DC24E15F1E2C00060018
:100F10007A0100D585E731000437FA08FF292CD182
:100F2000002A9CD08023DB0313435B02FF205B0A73
:100F300097E7AC4200D1A7E0002922D0002ED6D0FE
:100F400062462C00EEE7002BE7D0481E012936D080
:100F5000FF29E5D001005DE701203B007A0100D4C4
:100F600057E1C0B2BB015B0A7BE7FF2ED8D01B293B
:100F700000DC9FE031000537FA0853025B0AC8B273
:100F80006FE7FE20711C084254D1002E00D0B1E062
:100F9000002F00D102E1002B00D1F9E08021FA1AE4
:100FA000C9040A4200D13BE10124DF1B2C40002F81
:100FB00049D001200F42D5D10021FA08DDE7FF1A00
:100FC0007B0100D4DEE0BD01AD09280000F0F6F998
:100FD0002B000538834001262022811B0131521A43
:100FE0001F009340CF405A1E93411F432BD0002136
:100FF0007B07B1D00F233B40042B00D028E77B01B7
:1010000000D528E7FA08B8E71A002020CA40411A9C
:101010008B40591E8B411343FF1A7B0100D502E719
:101020007B0700D10DE10F2331003B40042B00D0A2
:101030000EE772E7FA1A9046520156D44346002B47
:1010400000D0F3E60024002000230AE749460029E7
:101050001CD0002E00D002E7FF21002F55D04A1EE1
:10106000012959D0FF2900D190E01B2A00DD91E031
:1010700011003A002025CA40691A8F40791E8F411D
:1010800017430600FF180DE7002926D1FE20711C2A
:10109000084213D1002E00D096E0002F00D1B4E01A
:1010A000002B75D0FB185A0100D4B2E09B015B0AFB
:1010B000FD38D6E68022D2041343EAE6FF2900D1A8
:1010C000CDE6FA185208530705D00F23171D134019
:1010D000042B00D021E7D2084FE7002EBCD0624697
:1010E00020E72C00FF200023BBE60124DB1B9846F1
:1010F0002C409BE6002F75D1002B00D096E080237A
:101100000024FF20DB03ACE62C001F0005E7C046EF
:10111000FFFFFFFBFFFFFF7DFB185A0100D48DE0AE
:101120004A4A5B081A40590700D18CE00F210B4056
:101130000D39042BCFD00221171DEEE6002900D176
:101140001FE7821B1100002E00D1D1E68021C904C7
:101150000F43D7E639002024D140A21A97407A1EC7
:1011600097410F432C000600DF1B56E700298DD066
:10117000811B002E00D170E71B290BDC8022D204DA
:10118000174376E70121FA08F7E62C006246C7E626
:101190000021F2E605330100DA08EEE6002B00D16B
:1011A00050E70124002162462C40E6E6DA1B530199
:1011B00032D592019409200000F000F9230005388F
:1011C00083402C00012607E7002FDFD0002B17D02B
:1011D0008023DB039A4200D2A4E69C4500D3A1E61B
:1011E00062469FE6002B0BD08023DB039A4200D29D
:1011F00098E69C4500D395E6012462462C4091E692
:101200008023DB03FF2013432BE60020002B00D1BB
:1012100027E60021DA08B0E62C000121D208ACE66E
:10122000002A00D10EE70021D208A6E680236246FC
:101230000124DB03FF2013432C4012E60121DA08CE
:101240009BE6310069E60221D20896E6FFFFFF7DAA
:1012500041024200C30F490A0020120E7E2A03DD1C
:101260009D2A02DD094A9818704780200004014336
:10127000952A07DC9620821AD1404842002BF3D1F0
:101280000800F1E7963A9140F7E7C046FFFFFF7F7D
:1012900070B5002812D0C317C5185D40C40F2800D0
:1012A00000F08CF89E231B1A962B0FDC082838D0F0
:1012B000083885406D026D0AD8B202E00024002093
:1012C0000025C0052843E407204370BD992B14DC9A
:1012D000421F95402A001549114055071CD00F2583
:1012E0002A40042A18D00431CA08490115D59F2381
:1012F0005202181A550AC0B2E3E7020029001B3255
:1013000091404A1E91410522121AD5402A000A43F3
:10131000064911405507E2D1CA085202550AD8B20F
:10132000CFE76D026D0A8E30CBE7C046FFFFFFFBB3
:1013300010B5041E0DD000F041F89E231B1A962B09
:101340000CDC082834D0083884406402640AD8B21F
:1013500001E000200024C005204310BD992B13DCC0
:10136000421F9440144A224061071CD00F212140A3
:10137000042918D00432D408520115D59F236402E1
:10138000181A640AC0B2E6E7020021001B3291403D
:101390000A00511E8A410521091ACC401443064A0D
:1013A00022406107E2D1D4086402640AD8B2D2E7CD
:1013B0006402640A8E30CEE7FFFFFFFB1C2101238D
:1013C0001B04984201D3000C10391B0A984201D328
:1013D000000A08391B09984201D30009043902A206
:1013E000105C40187047C04604030202010101016D
:1013F000000000000000000010B5002903D1FFF735
:10140000DDFF203002E00800FFF7D8FF10BDC04626
:101410004023F0B5524ABDB0116803200B4313605E
:10142000F8F7C3F84F4C002808D10123626B13432F
:1014300063638023A26B5B051343A3631422002123
:1014400015A802F013F8282200211AA802F00EF8BD
:101450008023A26B5B051343A3638023424A5B0096
:10146000116842480B431360216D414B9966016D31
:10147000D966416D1967816D5967C16D9967016EB4
:10148000D9678023216D1B040B432365394B03650A
:10149000002343658365C36503661168364B1940B5
:1014A00080231B010B431360344A236D11780129FB
:1014B00011D0E021C9020B40A021C9028B420AD001
:1014C0008023216D1B030B432365236D2C490B40A7
:1014D000236501231370342200212FA801F0C6FFD9
:1014E0002822002124A801F0C1FF18232E93A02355
:1014F00001272EAD1B0228006B626F61EF61FDF7C3
:101500009DF900282AD120232493802324A89B021C
:101510002593F9F73BFA061E20D1236D164A134096
:1015200080225201134380222365236D520013430E
:101530002365144B1F70144B1A68144B1A60EFF795
:101540000DF8134B18700F2315A81593466086608D
:10155000C6600661FDF718F900281BD0F6F780FB7E
:1015600000200240001002400070004000280040AF
:10157000100C002078563412FFE7FFFF900C00207B
:10158000FFFFF7FF38020020FC000020340200209B
:101590002001002008231AA8FF331A93F9F7F6F95F
:1015A000011EDBD12022EE4801F060FFEEF7EAFFDA
:1015B00008900028D2D10100082231A801F056FF7E
:1015C0000222E36A08213B43E362E36A80263B4050
:1015D0001393139BE36AE3481343E362E36A134004
:1015E0001293129B0423E26A1A43E262E26A1A40EF
:1015F0001192119AE26A0A43E262E26A0A40109288
:10160000109AE26A3243E262E26A32400F920F9A23
:10161000D44A936280239161D34A5B009362A023F2
:101620001831DB059E6291629F620C2329002E9384
:101630006F60AF60F8F760FAA0202900C0052E9611
:10164000F8F75AFA2021C8482E912900F8F754FAE1
:1016500010232E938423A02008999B036B60A9601C
:10166000C0052900F8F748FA802252002E9229007E
:10167000BD486F60AF60F8F73FFAA0202900C005B1
:101680002E97F8F739FAA023DB051D009E61502044
:10169000F7F7DEFF3220AE62F7F7DAFF5020AE61D7
:1016A000F7F7D6FF3220AE62F7F7D2FFAF4B0899BB
:1016B0000793079AAE4B9180516191611360176255
:1016C000527FD1B2002A0AD1079A11778021226B6A
:1016D00049010A432263226B0A401492149A02229F
:1016E0000799E1264A771821A24AA34D5A619A68C0
:1016F000A24F8A439A60012252421A619A68483185
:101700008A439A609A6820318A439A600122079B33
:10171000F6005A7700236F61AE61EB612A626B625B
:10172000AB62EB622B636B6314352800F8F71CFB8C
:101730000897002800D011E72800F6F7FAFA0028E9
:1017400000D00BE72800F6F719FB002800D005E7CA
:1017500001228B4D8B4FA86028616861A861E86108
:10176000286228002F606E60EA60F8F7FDFA0A9799
:10177000002800D0F2E62800F6F7DBFA002800D0B7
:10178000ECE62800F6F7FAFA002800D0E6E6962301
:101790007D4D9B016B600C237C4FA860E860286145
:1017A000A8612862686228002F606B61F8F7F2FE7A
:1017B0000B97061E00D0D1E60A20F7F749FF0F214C
:1017C00008202B68102519629A69714F02439A61AB
:1017D00003381D62F7F73CFFE1236E4D5B026B603F
:1017E0000C232800AE60EE602E61AE61EE612E62C9
:1017F0006E622F606B61F8F7CDFE0997061E00D070
:10180000ACE60A20F7F724FF0F2108202B681025EB
:1018100019629A69604F02439A6103381D62F7F7B3
:1018200017FF96235D4DDB006B600C232800AE6034
:10183000EE602E61AE61EE612E626E622F606B61B2
:10184000F8F7A8FE0C97061E00D087E60A20F7F7E7
:10185000FFFE0F2108202F6810253962BB69034362
:10186000BB6103383D62F7F7F3FE07234C4D0122BD
:10187000AB63C223FF336B622B002C331E70494BCA
:10188000EE632B60C0231B066B600423AE626B61AA
:101890002E636A63AE60EE602A61AE61EE612E84F3
:1018A000F8F7FAFA3F4B0D93002800D056E63E4B6E
:1018B0002EA82E9380235B012F93FDF75FFB00285A
:1018C00000D04BE6394E3A4B70603360EEF746FE7F
:1018D000FF23022801D090235B007F22F3600023C6
:1018E000B26033617361B361F361FCF7AFFE011E57
:1018F00000D033E62F4E6422300001F0B7FD022203
:101900002D4B32737381164B1978012900D025E6CF
:10191000DB68B27233611F4B099A1B68934200D097
:101920001CE60C9B9F4200D018E6174B0B9A1B68D5
:10193000934200D012E6104B089A5B69934200D0A4
:101940000CE60F4B0A9A1B68934200D006E62B6800
:10195000144A934200D001E6079B054A1B682DE01C
:101960000001002000080050000400504801002041
:1019700000300240B71DC104100C00200058004088
:10198000A805002000780040A00600200048004084
:10199000003801401806002000440040780A00206A
:1019A000A0000020002401400200000424010020C7
:1019B000002800403C05002001020000934200D0B6
:1019C000CCE503230425EB4AB3720533956293619A
:1019D000E94AF8339362636B02200B436363E74C7D
:1019E000F7F714FE022105202560F7F70FFE2023EC
:1019F000022106202360F7F709FE4023022123601D
:101A00000720F7F703FE80232360F6F7B5FA0028D6
:101A100000D0A3E58022DA4B52031968D94811435C
:101A200019609968002711439960D9680140D9600D
:101A300002205A610121F7F7E9FD8022D24B25608F
:101A4000FF32D24C9A60783A3900FF3A2000D04DEC
:101A50005F6001F00BFD2300083306CD06C30123B0
:101A600038002370EFF754FEB84200D076E52778AF
:101A7000012F00D072E5EFF7F5F8EFF793F9EFF7E4
:101A8000BBF9EFF7D9F9EFF779F9A378002B00D07C
:101A9000D7E2EFF77DFDF0F7B1F9002800D05DE562
:101AA000BC48F0F79FFA002800D057E5BA48F0F795
:101AB00099FA031E079000D050E501240433B37255
:101AC000EEF778FFB54DB04B5022280007990893E8
:101AD0001C7301F0CBFCB24B099A07931B6893422D
:101AE00000D03BE52C700225AE4BAF481C705D70FA
:101AF00002230B90FF33AD487380AD49FB3BB372BB
:101B0000AC4AAD4B009003200991EFF731FAAB4C92
:101B1000AB4E636831000393A369AA4A02936369D9
:101B20002800019323690093E368EFF721FA607FAF
:101B3000EEF704FD0A90EEF711FDEEF7FFFCA24B65
:101B400031001B6DA14A029363780090019303203A
:101B50000A9BEFF70DFAEEF7CDFE9D4A03000999B7
:101B60000320EFF705FA089B9A4A1B799A49280047
:101B7000EFF7FEF9994B9A4A9A49009328009A4B3D
:101B8000EFF7F6F9079B994A99495B682800EFF748
:101B9000EFF9984B984A99495B682800EFF7E8F904
:101BA000974B984A98495B682800EFF7E1F9E122E2
:101BB000964C974BA169D200914200D1954B964922
:101BC0000220964A0791EFF7D3F96F4D2B7B012B3B
:101BD00003D0EEF7EFFE01232B7391498C484B693C
:101BE000042B03D80B9A9B00D318586ECE688D4DEA
:101BF000039689688C4B029101218C4A01900091D7
:101C000003202900EFF7B4F9894E290032000220A1
:101C1000EFF7AEF92900874A0220EFF7A9F9320061
:101C200029000220EFF7A4F9A36E29000220824ABE
:101C3000EFF79EF9A36E002B04DA290002207F4AF9
:101C4000EFF796F9A36E5B0004D5290002207C4AC9
:101C5000EFF78EF9A36E9B0004D529000220794A84
:101C6000EFF786F9A36EDB0004D529000220764A3F
:101C7000EFF77EF9A36E1B0104D529000220734AF9
:101C8000EFF776F9A36E5B0104D529000220704AB4
:101C9000EFF76EF9A36E9B0104D5290002206D4A6F
:101CA000EFF766F929006C4A0220EFF761F9290085
:101CB0006A4AE36E0220EFF75BF92900684A236F56
:101CC0000220EFF755F92900664A636F0220EFF70B
:101CD0004FF92900644AA36F0220EFF749F9634ADC
:101CE000E36F29000220EFF743F9614EE36E614A8A
:101CF000B34204D0604A934200D0A9E15F4A290070
:101D00000220EFF735F9474D5D4A2900236F022085
:101D1000EFF72EF9F8218022A36EC9051940D204ED
:101D2000914200D0A3E15749606F884200D09EE104
:101D30002900554A0220EFF71BF929000220534AD7
:101D4000EFF716F90327524B5F70A36E5B0000D4C8
:101D5000A8E0E36E290002204E4AB34200D097E18A
:101D6000EFF706F929004C4A0220EFF701F92900A4
:101D7000022093E0000800500004005000E100E061
:101D800000040140FFFFEFFF900C0020BC01002089
:101D9000940C00201800002008000020E40100201E
:101DA00018060020CC010020C8490108254A010876
:101DB00082B2010875B201085DB20108000100207D
:101DC000784C010886B2010800100240B3B2010845
:101DD000F8B2010810B30108B54E010846B3010876
:101DE00029B30108117E010880EE360055B30108C1
:101DF0007CB30108780A002080B30108809E0108A6
:101E0000A00600209FB30108907D0108100C00205F
:101E10001D50010880CF0108EB580108BFB301082D
:101E20006C0100200A950108D7B30108DDB3010851
:101E300013B401083CB4010859B4010879B401088D
:101E40008DB40108A4B40108B3B40108C6B40108F4
:101E5000E3B40108F6B4010813B5010826B501087A
:101E600038B501084AB501085CB501086EB501082E
:101E7000EFBEADDE80B5010878563412A4B5010876
:101E800012B601087AE5D7E43EB601084FB601085C
:101E90003C050020E6B60108F7B601088F4A236F1B
:101EA000EFF766F829008E4A02208026EFF760F8E7
:101EB00004272723F6008B4A8B49029302208B4B81
:101EC00001970096EFF754F82F23894D894A29008E
:101ED00002930220884B01970096EFF749F82900FA
:101EE000864A874B02200096EFF742F8C023854DC3
:101EF0001B012900844A00930220844BEFF738F835
:101F00001023029340330193A023DB002900804A71
:101F1000009302207D4BEFF72BF818230293303308
:101F20000193D823DB0029007A4A009302207A4BE0
:101F3000EFF71EF8FDF72CFBA02000223900C005AA
:101F4000EEF7D0FE754B1B78012B1BD0002324220B
:101F500019007348249301F089FA724E24AD1434A9
:101F60002A00002130003460FBF7F0FE002800D189
:101F70009BE008236C4A05200799EEF7F9FF04223D
:101F8000684B1A71C022002152000125674801F0F8
:101F90006DFA182200216648664C01F067FAD822D3
:101FA0002574654C520000212000FA2701F05EFAEA
:101FB0000023624ABF00624899004158280091609E
:101FC000604998408C46FA216646137049003042B9
:101FD00005D1BA3E3900304201D159425941D16050
:101FE00002210133117720320C2BE4D10025012688
:101FF000554B29001D70554B10221D70544B5548F0
:102000001D70554B26701D70544B1D70544B1D7028
:1020100001F02CFA29002822524801F027FA290061
:102020002822514801F022FAEEF7F0FD2900300095
:10203000FAF7C8FD4D4D002800D1C9E12873FFF71C
:102040008DFAE378002B00D125E5EFF7E9FA22E5D8
:10205000002B0AD1236F002B00D054E6444B626F53
:102060009A4200D14FE6434A49E6434A47E6C02137
:1020700009051940914206D1290002203F4AEEF796
:1020800077FF04275FE61B0100D55CE605275AE6CB
:10209000EEF76EFF29003A4A0220EEF769FF2900A9
:1020A000384A0220EEF764FFFCE6E9782B780291CB
:1020B000A978022001916978334A00910799EEF7D7
:1020C00057FF2B78E12B63D0E121052000912F4AA7
:1020D0000799EEF74DFF377154E7C04626B7010860
:1020E00013B40108B3B701080392010800000808FF
:1020F0000D50010802B80108000408084CB8010896
:102100000008080884A301087BB80108000C08082F
:10211000ABB80108EFB8010800110808B1040020AD
:10212000200300201C03002035B90108AC0C00205E
:10213000200B0020100B00202C080020300800206D
:10214000F44801085A08000014060020A0050020E9
:10215000FF0500200C030020FC050020FD050020E9
:10216000FE050020BC020020E40200203C05002007
:102170007AE5D7E4CFB50108FEB501089AB60108A3
:1021800042B7010879B7010854B9010876B90108C6
:102190003D232A003000D7492493FBF7D5FC0028C3
:1021A00004D1D54A07990230EEF7E2FED34B24ACB6
:1021B00022001800CF490893FBF7C8FD051E00D088
:1021C000D7E6E17823780291A178CD4A0191617830
:1021D0001AAE0091022007992EAFEEF7C9FE320029
:1021E0002900089835703D70FBF766F900281DD16D
:1021F0003A0001210898FBF75FF939783378C14A32
:10220000009102200799EEF7B3FE38783178013556
:1022100086094B08C00929402E40019000910220F8
:10222000B94A07992B400296EEF7A2FEB34D220061
:102230002800B649FBF78AFD002800D099E602265F
:10224000E17823780291A178B14A01916178023056
:1022500000910799EEF78CFE637822003343280043
:10226000AA496370FBF770FC002804D13000A94A2A
:102270000799EEF77DFE00232800A7492EAA2E938A
:10228000FBF764FD002800D099E09A210F22012776
:1022900008AB5B181B782800934308AA3B435218ED
:1022A00013709D492EAAFBF74FFC0400031E00D0BB
:1022B00086E09A4B9A4A07996F71022000933B007F
:1022C000EEF756FE974A079902202F71EEF750FE5F
:1022D00068222100944801F0C9F8944E102233007E
:1022E00030005D3392494C3035601F7001F00AFBBD
:1022F000904A914B07990220EEF73AFE8E4B8F4A97
:1023000007990320EEF734FE8D48FBF7E5FA20220B
:1023100021008C4801F0AAF88B4B20005E601D6004
:102320000533DF77FBF78EF820222100874801F084
:102330009DF8874E874A0799022035603776EEF779
:1023400017FE854B854A07990220F3613462EEF748
:102350000FFE834B834E1F70834B1822210083484E
:102360001C70356001F082F89C222100804801F049
:102370007DF810237F4A0799032001970097EEF715
:10238000F7FD80217C4B30682EAA89012E93F6F749
:10239000C1FF002804D00520784A0799EEF7E8FD30
:1023A0000022774B77491A70774BFF321A7001235E
:1023B000764A02201370764AEEF7DAFDE2E508234A
:1023C0000520744A0799EEF7D3FD04232B71D9E554
:1023D0000823AB7286232873AE71FF33E35C6E482B
:1023E000282B02D86D4A9B009858012409271023F6
:1023F0006B4A644900900220EEF7BAFD694E6A4AC2
:1024000031000220AF722C70EEF7B2FDE979AB7AA1
:10241000664A0191009731002000EEF7A9FDEEF722
:1024200069FA634B05211F680500FEF73FF8380085
:102430000E19FA21684089004E43FEF737F80095DF
:102440007618802533005B4A5B490320EEF790FD48
:102450003000F7F7FDF8C022584F2D01BB6B52003A
:102460002B43BB63564B574EDA67023A191DFF3AAE
:10247000CA6719000831CA6700218232FF3208009A
:102480009E6788331A60F7F7C1F800214E4B0800A9
:102490001C60BB6B1D43BD63F7F7B8F84A4B342291
:1024A0001C60FF233360494B7360494B0C936B46B0
:1024B0009B181C706A46342152180C9B12781A70B3
:1024C000444B1B78002B01D0EEF7A8FD424E337829
:1024D000012B02D072B6C046FDE7404F3B78012B7E
:1024E00000D17FE0022333733D4A2E490520EEF7E9
:1024F0003FFD8BE0381000009EB901081C0300204E
:10250000B7B9010895B10108B3B10108371000004F
:10251000DEB9010804BA01083D10000026BA01081E
:1025200010BA010833BA0108500300204C03002000
:102530006DC4010848BA0108E093040069BA0108B3
:10254000E8930108C0030020B8030020B80400206D
:10255000B4040020A4BA0108C1110008C2BA0108DD
:102560004403002048030020EC0B0020ED0B00206A
:10257000DC090020D7BA0108E140800932BB01081C
:10258000B0040020CCBB010804000020B1040020EE
:1025900046BB010818BB0108D74B010824490108B4
:1025A0006ABB010882B2010887BB0108D0BB0108E1
:1025B000FC000020FCBB01082DBC010800100240FB
:1025C000900B0020002C004000E100E0FF03000021
:1025D000DC040020380200203C0500202C080020EC
:1025E00032BC0108D6225200BB580133BB50D42361
:1025F00000225B00FA50EEF713FB031E00D072E7D7
:10260000F4F7D7FF031E307300D06DE7D4235B00CF
:10261000FD58002D0ED0F479012C01D000F020FEE1
:10262000EEF70DFB2B000090B64A2000B64901944E
:10263000EEF79EFCB569F3790135B5610893012B7E
:1026400001D000F0F1FD747AFF2C02D00134E4B225
:102650007472EEF7F4FAD421AB4B49000793AB4BFD
:10266000AB4A09935B5802950393022301900093B0
:10267000012023000799EEF77BFCA64C657A012D1B
:1026800001D800F0D3FDD422E37952000A93099BCC
:10269000A6699F58EEF7D3FA049702900396019526
:1026A000237A042000939C4A0A9B0799EEF760FC6A
:1026B0000023E3716372237A984C012B00D1984C6C
:1026C000EDF74CFFEDF73AFF964B8F491B6D964A9D
:1026D00001930090230003200A91EEF749FC8D4DF1
:1026E00008266B6AAC6C01336B622B7A012B09D123
:1026F000F5F796FAB4438D4AAC648D490420EEF7A1
:1027000037FCA4E0002C02D0344200D19FE000232B
:1027100024932B6C0B9308239C43AC64EFF7EEFDE2
:10272000051E07D1834B2EAA99685868EEF7FBF96E
:10273000051E52D0022D5BD1002307932EA8EFF780
:10274000B5FE041E5BD0022863D1002600231F00C3
:1027500009930B9BBB4218D080230B9A744F5B02EA
:102760009A425DD8100024A9F5F758FC099000287A
:1027700060D1684B39001864079B022000936E4AB1
:10278000249B0196EEF7F4FB089FEEF74AF9012827
:1027900052D1079B012B03D0012E01D000F075FD13
:1027A000FD231D4207D10998002C04D0023C631E72
:1027B0009C412043C0B2079B012B01D100F056FD84
:1027C000012E01D100F052FD012F55D15B4A58492D
:1027D000249B0220EEF7CCFB39E08021584A4900C7
:1027E0002EA8F8F7E0F9089B051E0793A6D01E2532
:1027F0002B00544A0A990420EEF7BAFB9CE780218B
:10280000514A89002EA8F8F7CEF9089E041E9DD0E3
:102810001E2423004D4A0A990420EEF7A9FB94E7F1
:10282000089B390004204A4AEEF7A2FB089B0027C8
:102830000993AAE71E23F4E70898BCE7F5F7F0F937
:102840000220444A3A49079B0096EEF791FBFAF7BB
:1028500059FF304B0A909B7A032B00D992E00A9BD8
:10286000022B02D13C48FAF791FF05203B4A26494A
:10287000EEF77EFB022435E001283FD1384A0A9961
:102880000120EEF775FBEEF735F80500354A364BBB
:102890000B211B68906A58406840FDF707FE334FD4
:1028A0000C007B7B002B26D13D212800FDF7FEFD8F
:1028B000E12212018E1801220B007A7302202C4AA9
:1028C0000A990095EEF754FBA01924A9F5F7A6FB89
:1028D000284A002800D17AE70520274A0A49EEF75E
:1028E00047FB1E240B4B254A1C7307492300052078
:1028F000EEF73EFB37E3E1263601E5E7F5F790F921
:102900001F4AFAE64DBC01082B7D01082C08002067
:1029100084BC01083C050020BFBC0108B285010849
:1029200047B20108001002400DBD010844BD010876
:10293000117E01080C0300201CBE010807BF01081E
:1029400073BD010885BD0108C9BD0108D8BD0108D6
:1029500054BE010885BE01081C03002063C00108A5
:1029600029BF010800280040FC000020900C002036
:1029700065BF0108BEBF0108A6BF010808C4010861
:10298000D9BF0108E74C02252378012B00D09DE038
:102990006378012B00D198E0E34AE4490320EEF785
:1029A000E7FAEEF75FF9EEF7FDF9EEF725FAEEF745
:1029B00043FAEEF7E3F94022DD4BD9691142FCD02E
:1029C0000421A0201A68C0058A431A600022EEF78D
:1029D00089F9A0200821C005EEF772F9C021D54879
:1029E0000901EEF76DF98021A0204900C005EEF73E
:1029F00067F98021D0488900EEF762F9A020002213
:102A00008021C005EEF76EF92021CA48EEF758F98B
:102A1000A02000220121C005EEF764F9A378002B65
:102A200001D1EEF7B5FD4022C44BD9691142FCD06B
:102A300004211A68A0208A43C0211A60C900C00579
:102A4000EEF73EF9E368DA0704D5BD49BD484A6BA5
:102A500002404A639A0704D5B949BB480A6B024051
:102A60000A635A0704D5B649B8484A6B02404A631C
:102A70001A0704D5B249B6488A6B02408A63DA065F
:102A800004D5AF49B3488A6B02408A639A0604D5DD
:102A9000AB49B1488A6B02408A635A0604D5A849FB
:102AA000AE488A6B02408A631A0604D5A4498A6B31
:102AB000520052088A63DA0504D50120A0494A6B06
:102AC00082434A6363600123637000252B00012069
:102AD000A34AA449EEF74CFA002D00D0BFE68023AC
:102AE0000226974D9B006A6B2EA813436B639E4B87
:102AF0002F939E4B2E93FCF741FA9D4B2EA82E93BD
:102B0000FCF73CFA9B4B2EA82E93FCF737FAFCF708
:102B1000D7FB994C636D33436365FCF799FA002842
:102B200030D1FCF7C3FA01282CD001236365236858
:102B300092495A687F200A405A60914A91491A6026
:102B40009A680A409A60DA688F490A40DA601A691E
:102B50008E490A4007211A615A698A435A611A6AE2
:102B60008B490A401A621A00B4321168814311601D
:102B7000116881431160874A934200D13FE10023ED
:102B8000A36563650021844A50342170136883482B
:102B90000340136001227F4B9B68134200D05AE12F
:102BA00080277C49774A8B68BF0013408B606B6A33
:102BB000644A3B436B626B6A794C13406B626B6B8C
:102BC000684E134002226B63764B01200793764BCD
:102BD00007991A702368754ACB650023CB64049368
:102BE0000B6A0393CB6902938B6901934B7A009331
:102BF0004B6A3100EEF7BCF96D4F39000831BB6FFD
:102C0000CA6F1A6022686B4B5A62EDF737FE6A4B47
:102C1000186159610B93694B1A68694BD468E4B227
:102C20002343D3600423674C226813432360BB6CA7
:102C300080270393079B644A9B6C00900293019149
:102C400001203100EEF794F92368BF003B43236075
:102C500080232268DB001343236008235B4A38008B
:102C600011685B4E0B4313600222012133689343CA
:102C70003360584B22681B6A10400B403A4200D028
:102C8000FDE00322042721689143023A0A432260AF
:102C9000514A11693943116130BF1169B94311615A
:102CA000002806D0002B04D0802322689B00134309
:102CB0002360342200212FA800F0D8FB1422002129
:102CC00024A800F0D3FB10232E930F3B3593A023B1
:102CD0002EA81B023793FBF7B1FD002800D1D6E0E8
:102CE00006200223326806241A433260002800D0EE
:102CF000F8E52C4EB27A032A00D8D1E0094A1C002C
:102D00001278012A02D1EEF721FD0400F06C334B5A
:102D1000002802D0F5F7E8FB0300124900930120D8
:102D20005EE0C046BC01002011C00108B54E01089C
:102D300000440040000400500008005000380140EA
:102D400000100240FFFDFFFFFFEFFFFFFFBFFFFF8F
:102D5000FFFFFDFFFFFFFBFFFFFFBFFFFFFFFFBF09
:102D60004CC001082B7D0108011000000200000486
:102D70000000024400000448A000002060F7FFFFAC
:102D80009F080000FFFFFFEF00023E8302FCFF3FB1
:102D900000F000F00024014008270140FFFF3FFF42
:102DA000FC0000203C0500209C05002078C00108A4
:102DB000900B00201C030020900C00202401002018
:102DC0007FFBFFFF00700040B9C0010800200240F7
:102DD00010E000E00000014000ED00E058B2010802
:102DE0002300CD4A0991EEF7C3F8002C5AD00A9B74
:102DF000022B00D076E5C948FAF7C8FC72E56B6B88
:102E0000C74AF02013406B63A023C64FDB05BA68A6
:102E100002420FD1C44A1168B14311605168B143F5
:102E20005160D168B143D1609168B1439160BA6893
:102E30008243BA600C211A680A431A601A6A8243F4
:102E40001A62DA688A43DA605A68B2435A609A684A
:102E50008A439A6093E60223B44CA0680343A360BC
:102E60001A91B3491A9B8B4200D999E6AF4B9B68E4
:102E7000134200D194E61A9B01331A93F2E7002B18
:102E800000D1FEE62268A6490A402260F9E60F2337
:102E900024A82493FBF778FC002800D121E71FE742
:102EA0001C00A4E70A9B9D48002B02D10379032B49
:102EB00039D1FAF76BFC9F49031E2FD004209E4A9C
:102EC000EEF756F8802307216A6B9B0013436B6370
:102ED0009A4B00229963C221FF315962190093482D
:102EE0002C311860C02004270A7001210006DA6323
:102EF0009A621A63596358609A60DA6019615F6177
:102F00009A61DA611A84F6F7C7FF002815D01E23EC
:102F10008B4A09990520EEF72BF8E2E4894A022052
:102F2000EEF726F8CEE7884B026A1B689B18426AC8
:102F30009B1A036202230371C4E7844B2EA82E93CD
:102F400080235B012F93FCF719F8061EDFD1804C1C
:102F5000257A012D0DD138007E4A0999EEF708F83F
:102F60000223E57163727A4A536901335361FFF7B3
:102F7000A1FAEDF783FC64220023801859410B9BD2
:102F80001A695B69801A9941002903DA0023724AA1
:102F900080185941714A13681B181360BFF34F8F93
:102FA000BFF36F8F72B600256D4FBC6CBD6462B607
:102FB000AC4200D1F2E02000FD64F5F76BF8BB6D88
:102FC000684902937B6D684A0193009023000120B9
:102FD000EDF7CEFF2B00012125002A000A409B18A7
:102FE000DBB26D08F9D1614A270013720C231F4030
:102FF0001C4223D0564A936BD7633B4393636307CA
:1030000008D5136B0120013313635649584AEDF775
:10301000AFFF089E23070BD54D4A0120536B514942
:1030200001335363534AEDF7A3FFF5F72BFB01E0A0
:10303000012EFAD04A4AD36C3B43D3641026344263
:1030400011D0079BDE63EDF789FAEDF777FA4A4A6C
:1030500003004A490120EDF78BFFF5F713FB404BC6
:10306000DA6C1643DE642200454B1A4007921C427C
:103070002FD02023AB40079A1A4222D00127344B8D
:10308000AF401B7A374E3F4A012B15D0344B3E4A96
:10309000996C012001919B6D310000933B00EDF78D
:1030A00067FF3A4A042D07D10220F5F7CBFA0E202C
:1030B000F4F786FE0135DCE73B0031000420EDF734
:1030C00057FF0135102DD4D1254A0799D36C0B43F6
:1030D000D364234D2E48EE6C002E02D03000F4F75E
:1030E000D9FF2B0048331B7A2A4A01930090330002
:1030F00001200999EDF73CFFEB6C9C434ED020007A
:10310000F4F7C8FF23000090234A09990520EDF742
:103110002FFFFEF723FAC04606C101081C0300205A
:10312000FFFDFFFF000001400004014000240140BA
:103130000F270000EB58010824C10108A00000205F
:103140006CC1010849C10108FC0000200200000414
:103150003C0500209BC10108005C2605D001002031
:10316000900B00202B7D0108D1C10108D80B002055
:1031700011C201082CC2010847C20108784C01089D
:10318000E0FF1F0065C201089BC20108E6C20108FA
:1031900058B2010809C301083AC301083E4C3F4D2B
:1031A000220026000832A36FD26F48361A60337AA5
:1031B000290001203A4AEDF7DBFE337A002B12D0CA
:1031C0002900384A0120EDF7D3FE2900364AE36C86
:1031D0000120EDF7CDFEA36D290000930120334AB5
:1031E000636DEDF7C5FE324CA36CE26C1343A36430
:1031F000002A03D180200006F5F724FA236AE06C48
:10320000013323622B4B002802D0F5F76DF9030040
:10321000206D294A0290206A28490190E06C0090B4
:103220000320EDF7A5FE9EE600237372D420400034
:103230003858234B0290B069224A0190F07917491F
:1032400000900120EDF794FE3300012260331A70E4
:103250001D4B1B68B365F3699B18F36130BF82E6B1
:10326000320000236032137073727CE6012F01D0AC
:10327000FFF7E4FA249B154A01931549079B009632
:103280000220EDF775FEFFF7E2FA012F01D0FFF7FC
:10329000F5FAFFF79BFAC046900B002082B20108B6
:1032A0005BC301086AC3010891C30108ACC30108EC
:1032B0003C05002058B20108DAC301082B7D010843
:1032C0002BC401082FC40108FC000020C9BE01085E
:1032D000117E01080D488546F6F766F90C480D4940
:1032E0000D4A002302E0D458C4500433C4188C4261
:1032F000F9D30A4A0A4C002301E013600432A242C7
:10330000FBD300F0C1F8FEF783F8FEE70050002081
:10331000000000207C0000207CD2010880000020FA
:10332000C40F0020FEE710B50A22002100F090F83B
:1033300010BD0000F0B585B017001E00039001918C
:10334000242B23D80C00012B20D03D4B08229C4677
:10335000230061461D780134485D01001140104290
:10336000F6D12D2D19D125789C1C01230093102214
:10337000330093431DD1302D15D1202123788B4369
:10338000582B10D165780234102612E000F076F840
:1033900016230360002005B0F0BD00912B2DE6D16F
:1033A00025789C1CE3E7002EEED10A36302D00D1A3
:1033B000023E244A009B9446634431001800029365
:1033C000FDF774F80022844610002B00303B092BD7
:1033D00011D81D00AE421DDD531C09D001225242FE
:1033E000844505D301D1A94211DB0122704328187D
:1033F00025780134E9E72B00413B192B01D8373DF3
:10340000E8E72B00613B192B04D8573DE2E7012286
:103410005242EDE7531C08D12223039A029813600D
:10342000002FB8D0631E019307E0009B002B00D053
:103430004042002FAFD0002AF4D1019B3B60AAE7A5
:103440006CD10108FFFFFF7F10B5FFF773FF10BDC0
:1034500010B5044C13000A0001002068FFF76AFF52
:1034600010BDC0462C0000200020704703008218C9
:10347000934200D1704719700133F9E7014B186886
:103480007047C0462C00002070B500260C4C0D4D36
:10349000641BA410A64209D1002601F085F90A4C4C
:1034A0000A4D641BA410A64205D170BDB300EB58B1
:1034B00098470136EEE7B300EB5898470136F2E73C
:1034C00074D2010874D2010878D2010874D20108BC
:1034D0007047704770B505000C1E10D0043C23687F
:1034E000002B00DAE418280000F0E0F81D4A136809
:1034F000002B05D163601460280000F0DFF870BD78
:10350000A34208D9206821188B42F3D119685B685F
:1035100009182160EEE71A005B68002B01D0A34276
:10352000F9D911685018A0420BD120680918501819
:1035300011608342E0D118685B68411811605360E4
:10354000DAE7A04202D90C232B60D5E720682118C6
:103550008B4203D119685B6809182160636054606D
:10356000CAE7C046C00F002070B50F4E0D0031688D
:103570000400002902D100F0A9F8306029002000E1
:1035800000F0A4F8431C03D101256D42280070BD52
:103590000323C51C9D43A842F8D0291A200000F03F
:1035A00095F80130F2D1EFE7BC0F0020F7B5032208
:1035B000CB1C9343083305001F000C2B34D20C277F
:1035C000B94233D8280000F071F8374E33681C0038
:1035D000002C2FD139002800FFF7C6FF0400431C40
:1035E0005FD134680094009B002B4AD1002C52D04C
:1035F00023682800E3180099019300F067F8019B05
:10360000834248D123682800FF1A3900FFF7ACFF36
:10361000013040D02368DB19236033685A68002AE0
:1036200033D1009B336019E0002BC9DA0C232B60E7
:103630000020FEBD2168C91B20D40B290AD9E2193C
:103640002760A34204D1326063681160536005E0D3
:103650005A60F9E76268A3420ED13260280000F098
:103660002DF8200007220B30231D9043C21A9842E8
:10367000DFD01B1AA350DCE75A60EFE72300646831
:10368000A6E7009C63680093ADE71A005B68A3425D
:10369000FBD10023DAE70C2328002B6000F00EF8A2
:1036A000C6E70760DAE7C046C00F002010B5024841
:1036B000FFF70EFF10BDC046B80F002010B502483E
:1036C000FFF707FF10BDC046B80F0020002370B5FC
:1036D000064D040008002B60F5F747FF431C03D19B
:1036E0002B68002B00D0236070BDC046B40F0020B3
:1036F0000CB430B5174B0C001D689DB0002908DADA
:103700008B2301202B6040421DB030BC08BC02B0AE
:103710001847822302A99B008B81002302904B66ED
:1037200008619C4200D0631E8B604B6101235B42A9
:10373000CB81280021AB209A019300F051F9431C62
:1037400001DA8B232B60002CDED00022029B1A7042
:10375000DAE7C0462C0000200EB48123F0B5002625
:103760009CB021AD02AC9B0080CDA3811B96029042
:103770000690FCF70DFE0B4B03900B930123079073
:1037800009485B42E3813A002B00210000680F9654
:103790001496019500F07AFA1CB0F0BC08BC03B096
:1037A0001847C046693401082C00002070B5060097
:1037B000140008001A009AB0002C05DA8B230120AF
:1037C000336040421AB070BD8223694600259B00D9
:1037D0008B81199500900490AC4200D0651E0123A6
:1037E0005B42CB8130001E9B8D604D6100F0F8F88C
:1037F000431C01DA8B233360002CE3D00022009BB2
:103800001A70DFE713B5044C009313000A0001009F
:103810002068FFF7CBFF16BD2C00002030B5002438
:103820000139A24201D1002005E0035D01340D5DA4
:10383000AB42F6D0581B30BDC9B20378002B04D080
:103840008B4200D170470130F7E74B425941494262
:103850000840F7E7030010B51C78002C07D1013AA7
:10386000541C03D00C781C70002C02D110BD013305
:10387000F2E7002A00D15A7001330131EFE730B589
:103880000500101E0BD00024013A2B5D085D834219
:1038900004D1A24202D00134002BF6D1181A30BD57
:1038A000030030B51D00002A06D00C78013A013320
:1038B0002C700131002CF5D100219A18934200D1CF
:1038C00030BD19700133F9E70A7830B5002A0CD100
:1038D00030BD9A4208D10123CC5C002CF8D0C55CE5
:1038E000A54201D10133F7E701300378002BF0D175
:1038F0001800EDE703000A7801311A700133002A3D
:10390000F9D17047002310B59A4200D110BDCC5CAC
:10391000C4540133F8E70000F0B58E6885B01F008D
:103920000C00330002900392BE4254D80C22885EF1
:103930009022D20010422CD00322096923685B1A1E
:10394000019363695343019ADD0FED187B1C6D10E1
:103950009B182A00AB4201D91D001A00400527D54B
:1039600011000298FFF722FE061E2AD0019A216953
:10397000FFF7C8FFA289194B1A4080231343A38184
:10398000019B2661F618266065613E00ED1A3B003A
:10399000A5601F003A000399206800F02BFE00206C
:1039A000A3689B1BA3602368DB19236005B0F0BDEF
:1039B000029800F03CFE061EE2D121690298FFF752
:1039C00089FD0C230120029A40421360A2893433FE
:1039D0001343A381EAE73E00DCE7C0467FFBFFFF1D
:1039E000F0B59FB002901D008B890F0016001B06DA
:1039F00012D50B69002B0FD14021FFF7D7FD38609E
:103A00003861002806D10C23029A1360012040423D
:103A10001FB0F0BD40237B61002306AC63612033FF
:103A200063761033A376059535002B78002B01D0F3
:103A3000252B48D1AB1B0393B5420BD03200390084
:103A40000298FFF769FF013000D1AAE06369039A89
:103A50009B1863612B78002B00D1A2E00122532137
:103A600000235242626002AA52186E1C2360E36077
:103A7000A3601370A365524B05221800317803939D
:103A800000F0CAFD751C226800281ED1D30604D59B
:103A9000202302A9533009180B70130704D55320B3
:103AA0002B2302A909180B7033782A2B15D0350067
:103AB00000210A20E3682A786E1C303A092A4ED980
:103AC000002910D116E00135AFE7039B2E00C01A84
:103AD0000123834013432360CDE7059B191D1B6819
:103AE0000591002B01DBE36004E05B42E36002230D
:103AF000134323602B782E2B0CD16B782A2B33D1D8
:103B0000059B02351A1D1B680592002B01DA012363
:103B10005B4263602B4E03223000297800F07CFD6D
:103B2000002806D04023801B8340226801351343C0
:103B300023602978062224486E1C217600F06CFD53
:103B4000002834D02148002821D10722059B0733C3
:103B500093430833059363691B18636164E7434328
:103B6000350001219B18A6E700230A201900013522
:103B700063602A786E1C303A092A03D9002BC9D019
:103B80006160C7E74143350001238918F1E705AAC1
:103B9000009221003A000E4B029800E000BF431C47
:103BA000D9D1BB895B0600D530E7606930E705AA4B
:103BB000009221003A00064B029800F039FAEEE735
:103BC00020D1010826D101082AD1010800000000F7
:103BD0001939010870B514004B1C03D101256D4241
:103BE000280070BD938920229343626BA381CEB2DB
:103BF0006368CDB2002A10D0A26B9A4207DD236819
:103C0000013B23601E70636801336360E8E72100B5
:103C100000F0B2FC0028F2D0E0E721692268002918
:103C200007D0914205D2511E0878A84201D12160E7
:103C3000EAE723642300443363630323A36323007D
:103C40004633E2631E7023600123DEE710B50C00EB
:103C5000496B00290ED023004433994201D0FFF76D
:103C600039FC0020236C60636360834202D0E36B05
:103C7000236010BD2369012023600023A2896360B3
:103C800020331343A3814042F3E70000F0B5AA4C70
:103C90000D000021A5440190BE204891499105A93D
:103CA0004A91A64945AC40002150A5490430215015
:103CB000049313780293002B00D13BE1A14E08201E
:103CC000F15C0823571C0B4001421CD06B68002B91
:103CD00010DD08212B681A78B25C0A4201D13A0043
:103CE000E7E722690133013222616A682B60013AF9
:103CF0006A60EBE7C0235B002900E358019898470E
:103D00000028E6D0EBE70299252962D1A360236061
:103D100053782A2B02D11A3B2360971C3E000A22BB
:103D20003178771C0B00303B092B1FD9864B0322BF
:103D30001800039300F070FC002807D0039B3E009E
:103D4000C01A012383402268134323603378771C11
:103D5000782B06D8572B10D8252B3AD034D8002BE7
:103D600055D00323A3610733636077E0A3683E0067
:103D70005343303B5B18A360D2E718005838202823
:103D8000EFD8FCF7A3FB4B00EEFFEEFF6000EEFF69
:103D9000EEFFEEFFEEFFEEFFEEFFEEFF89005E00AE
:103DA000240024002400EEFF5500EEFFEEFFEEFF9E
:103DB000EEFF910059004700EEFFEEFF8F00EEFF8F
:103DC0005E00EEFFEEFF4B00453B022BC9D80523FA
:103DD00035E06B68002B0EDD2B6802991A788A4259
:103DE00000D0A7E001336A682B602369013A0133F0
:103DF0006A60236173E7C0235B002900E3580198E0
:103E000098470028E8D04898002800D08AE0012090
:103E100040428BE0202221680A43226080222168F0
:103E200092000A432260102246926E2B06D801E0CF
:103E300000234693032302E00823469304234B9375
:103E40000CE00A22F0E7390005A800F05BFB4023F4
:103E500022680700134323600123A3616B68002BD2
:103E600031DD23685B0608D4C02676002B6835490F
:103E70001A788A5C08210A422ED14B9B022B3DDC2A
:103E80002A002100019804AB00F0DEF9012851D08E
:103E9000022800D023E7B6E74023226813432360BB
:103EA0000023DAE70223CAE72268D30600D516E723
:103EB000049B2169181D04901B68D60701D5198041
:103EC0000DE719600BE7C0235B002900E358019858
:103ED00098470028C5D096E72269013222616A68B6
:103EE000013A6A60002A02DD01332B60BEE7290037
:103EF000A359019898470028B8D084E7042B06DC22
:103F00002A002100019804AB00F000FABEE70F4B35
:103F1000002B00D1E3E62A002100019804AB00E069
:103F200000BFB3E7AB895B0600D570E7A7239B0012
:103F30009D44F0BD4898F9E764FDFFFFD53B0108BB
:103F40004D3C01086CD1010826D101080000000099
:103F5000F7B5160001938A680B690C000090934234
:103F600000DA13002200336043321278002A01D0B5
:103F70000133336023689B0602D533680233336014
:103F80002268062315001D401A4227D02300433320
:103F90001B785A1E93412268920630D42200019960
:103FA0000098089D4332A847013025D00622236897
:103FB00000251340042B05D13368E568ED1AEB4367
:103FC000DB171D40A3682269934201DD9B1AED189F
:103FD0000026B54220D1002010E00135E3683268A8
:103FE0009B1AAB42D2DD2200012301990098089F61
:103FF0001932B8470130F0D101204042FEBD3020D7
:10400000E1184331087021005A1C45310978A21883
:10401000433202331170C1E7220001230199009855
:10402000089F1A32B8470130E6D00136D1E70000C8
:10403000F0B58BB006920A004332079305900392C5
:104040000A7E0C00109B782A09D8622A0BD8002A15
:1040500000D1BBE07A490491582A00D18FE02500B5
:1040600042352A7022E0100063381528F7D8FCF793
:104070002DFA16001F00F6FFF6FFF6FFF6FF1F00F1
:10408000F6FFF6FFF6FFF6FFA00036007F00F6FF12
:10409000F6FFB100F6FF3600F6FFF6FF83002500BD
:1040A0001A684235111D196013682B7001239FE0B7
:1040B00018680968021D0D060BD506681A60002EE7
:1040C00003DA2D23039A764213705D4B0A2704937B
:1040D00019E006681A604906F1D536B2EFE71A68AA
:1040E000096840CA080602D4490600D5B6B21A606B
:1040F000237E534A0A2704926F2B00D1023F2300EC
:10410000002243331A706368A360002B06DB04218E
:104110002268039D8A43226033430CD0039D300004
:104120003900FCF7C3F9049B013D5B5C2B70330045
:1041300006009F42F3D9082F09D12368DB0706D573
:10414000626823699A4202DC3023013D2B70039B95
:104150005B1B2361079B210000930598069B09AA1E
:10416000FFF7F6FE013048D1012040420BB0F0BD10
:10417000202209680A4322607822324904912100F2
:1041800045310A701968226840C9100602D45006E9
:1041900000D5B6B21960D30702D52023134323609C
:1041A000002E01D01027AAE7202223689343236022
:1041B000F8E71A680D68101D4969186013682E0623
:1041C00001D5196002E06D06FBD519800023039D1F
:1041D0002361BFE71A68111D1960156800212800C6
:1041E000626800F019FA002801D0401B6060636823
:1041F00023610023039A1370ACE72A002369069910
:104200000598079DA8470130AED023689B0715D4B9
:10421000099BE0689842A9DA1800A7E72200012369
:1042200006990598079E1932B04701309CD0013598
:10423000E368099A9B1AAB42F0DCE9E70025F7E74F
:1042400031D1010842D10108F7B515008A680C0088
:104250000190002A04D18A69002A17D10132A26094
:104260002268D20603D41A68111D19601768002647
:10427000A069002816D001280BD12B6862691B7831
:10428000D35C002B0ED1002E3CD02AE001225242FA
:10429000E5E7022825D12B681B4A1B78D35C08224E
:1042A00013421ED1102223680136134203D12B681A
:1042B0001B783B7001376B68013B6B602B680133E7
:1042C0002B60A368013BA360002B0AD06B68002B16
:1042D000CEDCC0235B002900E358019898470028F2
:1042E000C6D022681023110019401A4206D1E36893
:1042F0000133E360A369002B00D0397000202369EB
:104300009B192361FEBDC0466CD10108F0B58BB08E
:104310000193764B1600049007AAA1CBA1C2744A60
:104320008B690C000592032B01D1724B0593AE22D1
:104330000020A3685200591E0390914205D95E3BAC
:10434000FF3B03935E23FF33A36023001C330093E2
:10435000D023002722681B0113432360009B029394
:10436000336807A81978BB000222185800F054F9E6
:10437000002829D0012F5DD16368002B06D10833B6
:1043800022686360F933FF331343236023685A4A7A
:1043900013402360A3685A1EA260002B14D0336818
:1043A0005A1C32601B78029A13707368551C013BCB
:1043B0007360002B07DCC0235B003100E3580498D6
:1043C000984700287DD102950137032FC8D1636833
:1043D000002B01D10A336360002748496069C91A7C
:1043E00000F090F8029DA36820680293002B3FD054
:1043F000316863690A789B5C002B39D0302A28D158
:1044000080231B01184224D0039B0137002B05D0C9
:104410001A00029B013A01330392A3607368013BC7
:104420007360002B1CDD336801333360A368013BEC
:10443000A360D8E7022FADD1C02380212268DB0022
:10444000134089008B42C2D110236360F0331343C1
:104450009FE72B4B034023600B782B700135DDE782
:10446000C0235B003100E358049898470028DDD052
:104470002368DB050ED5009B9D4207D9BE23013D75
:104480005B0032002978E35804989847009B01208C
:104490009D4228D0216810230A001A4019421BD1DE
:1044A0002A70636800990498059EB047019B2168B3
:1044B0001B681A1D8E0606D501990A601B681860D4
:1044C00007E00027D4E7CE07F6D501990A601B68FC
:1044D0001880E3680133E3600020009BED1A236934
:1044E000ED195B1923610BB0F0BDC046404B0108CC
:1044F0009147010849340108FFFAFFFF63D1010821
:10450000FFF6FFFF70B50B7804005E2B19D04D1C31
:1045100000212200601CFF30117001328242FBD169
:10452000681E002B26D001264E402800E654017854
:10453000451C2D2909D05D291BD000291AD00B005C
:10454000F3E74B788D1C0121E3E742785D2AF6D032
:104550009342F4DC19000230013166548A42FBDCDC
:10456000934203DB00220133D318E0E7D21A013A69
:10457000F9E7280070BD00000B00F7B54D6B443320
:104580000C009D421CD18026F6003100FFF70EF88A
:10459000002802D101204042FEBD23006063A663D3
:1045A00046331A78104BC254230045331A780F4B08
:1045B000C2542A780E4BC254C01820600020EBE78A
:1045C0008E6B290073001A00019300F030F8051E6D
:1045D000E0D08719010032003800FFF793F9019B02
:1045E00027606563A363E9E7FF030000FE030000A3
:1045F000FD03000010B5884202D98B18984208D3F9
:1046000000239A4207D0CC5CC4540133F9E78B5C99
:104610008354013AFBD210BDC9B28218904201D135
:104620000020704703788B42FBD00130F6E7F7B5E6
:1046300006000C001500002905D11100FEF7B6FF99
:1046400004002000FEBD002A03D1FEF743FF2C002A
:10465000F7E700F0A1F80700854202D84308AB4213
:10466000EFD329003000FEF7A1FF0190002801D10F
:10467000019CE6E72A00BD4200D93A0021000198DA
:10468000FFF740F921003000FEF724FFF0E70000BB
:10469000F0B51E003D4B17000C009C46082285B06B
:1046A00003900091230061461D780134485D0100AC
:1046B00011401042F6D12D2D12D125789C1C0123DA
:1046C000029310223300934316D1302D0ED12021B6
:1046D00023788B43582B09D16578023410260BE0E0
:1046E00002912B2DEDD125789C1CEAE7002EF5D107
:1046F0000A36302D00D1023E012031004042FBF746
:104700004FFE0190012031004042FBF7CFFE002315
:1047100018002A00303A092A12D81500AE421EDDD0
:104720005A1C0AD00123019A5B42824205D301D16F
:10473000A94211DB01237043281825780134E8E7EA
:104740002A00413A192A01D8373DE7E72A00613AA1
:10475000192A04D8573DE1E701235B42EDE75A1CD3
:1047600007D12222039918000A60002F09D105B051
:10477000F0BD029A002A00D04042002FF7D0002B53
:1047800001D0631E0093009B3B60F0E76CD10108F1
:1047900010B5FFF77DFF10BD0B1F1B68181F002B06
:1047A00001DA0B58C0187047F8B5C046F8BC08BC11
:1047B0009E467047F8B5C046F8BC08BC9E46704798
:1047C00000001F003B005A0078009700B500D4009D
:1047D000F300110130014E01010000000200000051
:1047E0000300000004030406080C10182030000029
:1047F0000000000000000102030406070809000091
:104800004497010856970108CD6601086197010891
:104810006B970108E25C01080A95010833970108CB
:104820003E970108499701087E9401088494010885
:104830008A9401088F94010894940108C84B0108D8
:10484000105B015C16FE0000000300000000000089
:1048500073940108FB8D0108FE710108469401085C
:1048600050940108579401085D940108669401086A
:104870007094010876940108E8930108ED9301080B
:10488000F6930108019401080D940108179401089A
:10489000B26901082294010829940108369401089C
:1048A000E4940108F3940108F894010822940108A3
:1048B0001D50010802950108DD930108E2930108EB
:1048C000E593010875660108E8710108BE930108C7
:1048D000B2690108CB930108D493010870770108ED
:1048E0003031323334353637383941424344454626
:1048F0000001040A999401089F940108AC940108EE
:10490000B2940108B8940108BC940108C09401084D
:10491000C6940108A0C70108CD940108D3940108EA
:10492000DC940108A89501080A950108449701083C
:104930000F9501081A9501082C9501084295010868
:1049400056950108619501087495010820930108A6
:104950007F95010892950108A4950108AD9501087D
:10496000BC950108C9950108D5950108DE95010897
:10497000F2950108029601080D9601081F9601089C
:104980002E960108409601084C960108629601088F
:10499000769601087F960108909601089F96010877
:1049A000A9960108B4960108C7960108D89601088F
:1049B000E4960108F2960108009701080D97010896
:1049C0001D9701082D9701087EC4010883C40108C2
:1049D00087C401087CB301088BC40108809E0108CC
:1049E000384F0108EB5801088EA2010896C401084F
:1049F000B54E01080004060606060606060606066B
:104A00000606060606060605010001000101000073
:104A1000010000000000010203048D0102040810DF
:104A20002040801B3637312E352E31007566010847
:104A30009BC40108A6C40108ACC40108B6C401089F
:104A4000637C777BF26B6FC53001672BFED7AB764B
:104A5000CA82C97DFA5947F0ADD4A2AF9CA472C0F6
:104A6000B7FD9326363FF7CC34A5E5F171D8311563
:104A700004C723C31896059A071280E2EB27B27584
:104A800009832C1A1B6E5AA0523BD6B329E32F84FC
:104A900053D100ED20FCB15B6ACBBE394A4C58CFF4
:104AA000D0EFAAFB434D338545F9027F503C9FA8C8
:104AB00051A3408F929D38F5BCB6DA2110FFF3D296
:104AC000CD0C13EC5F974417C4A77E3D645D19734A
:104AD00060814FDC222A908846EEB814DE5E0BDB44
:104AE000E0323A0A4906245CC2D3AC629195E4797B
:104AF000E7C8376D8DD54EA96C56F4EA657AAE08D5
:104B0000BA78252E1CA6B4C6E8DD741F4BBD8B8A6F
:104B1000703EB5664803F60E613557B986C11D9ED5
:104B2000E1F8981169D98E949B1E87E9CE5528DF4C
:104B30008CA1890DBFE6426841992D0FB054BB1678
:104B400065D1010881CF010868D10108920A0108E6
:104B5000BE090108A8090108240A0108A8090108DA
:104B6000580A0108A8090108240A0108BE09010819
:104B7000BE090108580A0108240A0108940901081D
:104B80009409010894090108620A0108BE09010894
:104B9000BE090108A8090108FE0A0108A8090108C0
:104BA000580A0108A8090108FE0A0108BE090108FF
:104BB000BE090108580A0108FE0A01089409010803
:104BC00094090108940901084552524F52002B4E96
:104BD000534F5354523A00554E4B4E4F574E00557B
:104BE0004E53504543002530326C752530326C757C
:104BF0002530326C752E2530336C75005B25735D66
:104C00005B25735D5B25735D202573257300476508
:104C10007454696D65206661696C656420286861FB
:104C20006C3D2564290047657444617465206661A4
:104C3000696C6564202868616C3D256429004C53CB
:104C400045206E6F7420726561647920696E20253D
:104C50006C75206D732C2063757272656E74207391
:104C60006F757263653D257320286B6565702072D2
:104C7000756E6E696E672900434C4B005254432099
:104C8000636C6F636B20736F7572636520737769F4
:104C900074636865643A202573202D3E20257320B7
:104CA000285243432D3E4353523D30782530386CD3
:104CB00058292C2061726D696E6720435353206917
:104CC0006E20256C75206D73004C53452043535363
:104CD0002061726D656420616674657220256C7553
:104CE000206D7320737461626C652077696E646FE8
:104CF00077004C534520756E737461626C65206457
:104D00007572696E672061726D2077696E646F7766
:104D10002C20726576657274656420746F204C5324
:104D2000490073756363657373207570646174659E
:104D30003A20617474656D70744964783D257520FE
:104D4000616C6C4661696C65643D257520676F6FA9
:104D50006453747265616B3D25752F257520626102
:104D60006453747265616B3D25752F257500434F43
:104D70004D4D007472616365206E66632077616BD0
:104D800065206362206576656E743D2573005B5B0C
:104D90004D6574657257616B655D5D0025732061BB
:104DA00070706C7920706F73742D4E42494F54208F
:104DB000706F7765722D6F6666206775617264200B
:104DC000776169743D256C75206D732028656C6171
:104DD000707365643D256C75206D732C206D696E54
:104DE0003D256C75206D732C206366756E30537491
:104DF000617475733D256C6429005B5B4D6574655A
:104E00007257616B655D5D207363686564756C6581
:104E100064206D657465722070726F6265207374B2
:104E2000617274202873696E6365204E42494F5445
:104E300020706F7765722D6F666620646F6E653DBA
:104E4000256C75206D7329005B5B4D657465725729
:104E5000616B655D5D207363686564756C65642076
:104E60006D65746572207265636F72642073746F10
:104E700072656400257320686F6C64206170706CCB
:104E8000696564202D3E206E6578742074782064F6
:104E9000656C6179656420256C756820746F2025C8
:104EA0006C75202530326C753A2530326C753A2598
:104EB00030326C75004750494F004661696C2E20B6
:104EC0004E422D496F5420706F776572206F666671
:104ED000004F6B2E204E422D496F5420706F776526
:104EE00072206F6666004F6B2E204E422D496F5424
:104EF00020706F776572206F6E004661696C2E209E
:104F00004E422D496F5420706F776572206F6E008E
:104F10005B5B506F7765724F6E5D5D20646F6E6591
:104F200020706F77657265643D25732069736F6CBF
:104F3000617465643D2564004E42494F54005B5BDB
:104F4000536C6565705D5D2053544F5020726563EE
:104F50006F7665722065787465726E616C20696E1B
:104F6000746572666163652070696E73285541527D
:104F7000542C204932432C206770696F732E2E29E0
:104F800000696E76616C6964206F7074696F6E2061
:104F9000636F72726563746564206D657465723DDC
:104FA00025752D3E2575207265706F72743D2575CF
:104FB0002D3E2575206D676D743D25752D3E25753B
:104FC000207370726561643D25752D3E25752061E5
:104FD000636B576169743D25752D3E2575206163AE
:104FE0006B54696D656F75743D25752D3E25752073
:104FF00061636B506F6C6C3D25752D3E257520648B
:10500000656C6574653D25752D3E2575004F5054C2
:10501000004C6F5261004E422D496F5400756E6B0B
:105020006E6F776E006C65676163792F646566618A
:10503000756C7400636F6E66696775726564003DB8
:105040003D3D3D3D204D657465722053657276652A
:1050500072204F7074696F6E73203D3D3D3D3D0081
:1050600020206C696E6B4865616465722020202089
:10507000203A203078253032582028257329002006
:1050800020636F6D6D616E64202020202020202021
:105090003A2030782530325800776972656C657334
:1050A000735175616C697479006D6F62696C6549E3
:1050B000644263640064657669636553657269611F
:1050C0006C4263640020206669726D776172655678
:1050D0006572202020203A2025752E25750020207D
:1050E0006261747465727920202020202020203A8B
:1050F000207261773D3078253032582C20766F6CE5
:10510000743D25752878302E3156292C20616C612C
:10511000726D3D25750020206D65746572696E673E
:10512000506572696F64203A20257520686F75722A
:105130002873290020207265706F7274696E675041
:105140006572696F643A20257520686F75722873DF
:10515000290020206D676D745265706F7274506500
:1051600072696F643A20257520686F7572287329FB
:1051700020282573290020207265706F7274537087
:10518000726561642020203A20257520686F757251
:10519000287329202825732900202061636B57611B
:1051A0006974456E61626C6564203A202575002043
:1051B0002061636B54696D656F757453656320205E
:1051C0003A20257500202061636B506F6C6C313084
:1051D000304D732020203A20257500202064656C16
:1051E000657465416674657253656E643A20257511
:1051F000002020736C6F74286964783D25752C201D
:105200007365713D2575290020206E696768744FAC
:105210006E6C792020202020203A202575202877C8
:10522000696E646F7720253032753A30307E2530D4
:1052300032753A303029005B5B4D676D745478539A
:1052400063686564756C655D5D207365727669631E
:10525000652D676170206775617264207368696687
:105260007420256C75202530326C753A2530326CEF
:10527000753A2530326C75202D3E20256C75202521
:1052800030326C753A2530326C753A2530326C7597
:105290002028736572766963655F616E63686F72FB
:1052A0003D256C75202530326C753A2530326C7591
:1052B0003A2530326C752C206761703D256C75295C
:1052C000005B5B4D657465725363686564756C65FE
:1052D0005D5D2052544320696E76616C6964202DB7
:1052E0003E206D65746572696E67207363686564DE
:1052F000756C652064697361626C6564005B5B4D0D
:10530000657465725363686564756C655D5D206581
:105310006E61626C656420706572696F643D2575AD
:1053200068206E6578743D256C75202530326C756B
:105330003A2530326C753A2530326C7500736572DF
:1053400076696365207478207363686564756C653D
:105350002064697361626C6564005B5B536572769F
:1053600069636554785363686564756C655D5D0059
:105370006D616E6167656D656E742074782073630E
:10538000686564756C652064697361626C6564004E
:105390005B5B4D676D7454785363686564756C65C9
:1053A0005D5D005B5B53657276696365547853633A
:1053B000686564756C655D5D207374616C65206EF5
:1053C0006578742064756520256C75202530326CF5
:1053D000753A2530326C753A2530326C7520736B16
:1053E0006970706564207768696C6520627573798F
:1053F000202D3E206E6F726D616C697A6520746F2E
:1054000020256C75202530326C753A2530326C754C
:105410003A2530326C7520286A69747465723D25AE
:105420006C752C20636F756E743D256C7529005B5F
:105430005B4D676D7454785363686564756C655D26
:105440005D207374616C65206E6578742064756589
:1054500020256C75202530326C753A2530326C75FC
:105460003A2530326C7520736B69707065642077F3
:1054700068696C652062757379202D3E20646566CD
:10548000657220746F20256C75202530326C753A5A
:105490002530326C753A2530326C75202870726573
:1054A000765F6A69747465723D256C752C2064653D
:1054B0006665723D256C752C20636F756E743D2595
:1054C0006C7529002573206E696768742D6F6E6C8A
:1054D0007920676174653A20686F75723D25752083
:1054E0006F7574206F66205B25752C257529202D1E
:1054F0003E2070756C6C2D696E206E65787420642A
:105500007565007472616365206E666320696E6400
:1055100069636174652072656164206661696C20ED
:10552000626C6B3D307825303458207265743D25AF
:1055300064007472616365206E666320696E6469DD
:1055400063617465207261772025303258202530E0
:10555000325820253032582025303258007472617C
:105560006365206E666320696E646963617465209B
:10557000696E76616C6964202D3E2073746F7020B3
:1055800070617468007472616365206E666320697F
:105590006E646963617465206F76657273697A659C
:1055A000206C656E3D2575202D3E2073746F702034
:1055B00070617468007472616365206E6663206355
:1055C0006D642066657463682041413D3078253004
:1055D000325820424C3D25752062797465733D2513
:1055E00075007472616365206E666320636D64206C
:1055F00072656164206661696C20626C6B3D307815
:1056000025303458206C656E3D2575207265743DDB
:105610002564007472616365206E666320636D6447
:105620002072617720626C6B3D30782530345820D1
:105630006C656E3D25752062797465733D25303249
:105640005820253032582025303258202530325805
:10565000007472616365206E666320636D6420620E
:1056600072616E63683D50494E4720626C6B3D30FD
:105670007825303458007472616365206E6663204B
:1056800070696E6720726571206C656E3D257520AE
:105690002D3E20727370206C656E20666F7263659C
:1056A0003D2575007472616365206E6663207069C4
:1056B0006E67207273702077726974652066616905
:1056C0006C20626C6B3D30782530345820726574E4
:1056D0003D2564007472616365206E666320696EA7
:1056E0006469636174652072737020777269746590
:1056F000206661696C20626C6B3D307825303458CF
:10570000207265743D2564007472616365206E6665
:10571000632070696E672072737020777269747489
:10572000656E20626C6B3D307825303458206C6596
:105730006E3D25752062797465733D2530325820A1
:105740002530325820253032582025303258007408
:1057500072616365206E666320707420776169747E
:105760003A207374617475733020726561642066C9
:1057700061696C207265743D2564007472616365B3
:10578000206E666320707420776169743A207374A8
:1057900061747573312072656164206661696C2083
:1057A0007265743D2564007472616365206E666382
:1057B00020707420776169743A2073746174757312
:1057C000303D3078253032582073746174757331F0
:1057D0003D307825303258007472616365206E6602
:1057E000632070742061636B3A2073796E632D724D
:1057F000656164206F62736572766564207374619D
:10580000747573303D30782530325800747261639E
:1058100065206E66632070696E6720727370206108
:10582000636B206F6B20626C6B3D30782530345891
:10583000007472616365206E66632070742061631A
:105840006B2074696D656F75743A2073746174753B
:1058500073303D307825303258207374617475731D
:10586000313D307825303258007472616365206EA6
:1058700066632070696E67207273702061636B20AD
:1058800074696D656F757420626C6B3D307825307E
:105890003458007472616365206E666320636D64C2
:1058A000206272616E63683D53454F554C206672AD
:1058B000616D6520636D64323D307825303258006B
:1058C00053656F756C206672616D65207261773DFE
:1058D00025303258202530325820253032582025A6
:1058E000303258206C656E3D2575004E464300539E
:1058F000656F756C206672616D6520736B69703AB7
:10590000206E6F6E2D726571756573742067726F8E
:1059100075703D3078253032580053656F756C20B6
:105920006672616D6520736B69703A20756E737570
:1059300070706F7274656420636D64323D307825D9
:105940003032580053656F756C2072737020636D30
:1059500064207772697465206661696C20626C6B83
:105960003D307825303458207265743D25640053ED
:10597000656F756C2072737020636D64207261773F
:1059800020626C6B3D307825303458206279746524
:10599000733D25303258202530325820253032587A
:1059A00020253032580053656F756C207374617414
:1059B0007573207772697465206661696C20626C0A
:1059C0006B3D307825303458207265743D25640075
:1059D00053656F756C207374617475732072617791
:1059E00020626C6B3D3078253034582062797465C4
:1059F000733D25303258202530325820253032581A
:105A000020253032580053656F756C20696E6469CB
:105A100063617465207273702077726974652066A3
:105A200061696C20626C6B3D30782530345820728F
:105A300065743D25640053656F756C20696E6469FB
:105A40006361746520727370207261773D25303216
:105A500058202530325820253032582025303258F1
:105A60000053656F756C2073796E632D7265616488
:105A70002061636B20737461747573303D307825D9
:105A80003032580053656F756C2073796E632D72D8
:105A90006561642061636B2074696D656F75742046
:105AA000737461747573303D30782530325800530B
:105AB000656F756C206672616D652068616E646CDF
:105AC0006564207265713D2530325825303258208A
:105AD0007273703D253032582530325820636F6D17
:105AE0006D3D2575007472616365206E6663206389
:105AF0006D64206272616E63683D41555448207345
:105B00007562636D643D307825303258207374615E
:105B100072743D307825303458206C656E3D2575A3
:105B2000007472616365206E66632061757468201D
:105B3000637478206265666F726520737461746542
:105B40003D25732074786E3D257520736573733D14
:105B50002575206661696C3D2575005B5B4E46438B
:105B60002D415554485D5D20696E646963617465BB
:105B700064206672616D6520707265666978206D5B
:105B800069736D617463683D25303258005B5B4E0C
:105B900046432D415554485D5D20696E64696361DB
:105BA00074656420636D64206672616D6520737432
:105BB0006172743D307825303458206C656E3D2517
:105BC00075207261773D25303258202530325820BB
:105BD000253032582025303258005B5B4E46432D2D
:105BE000415554485D5D206175746820737461721D
:105BF0007420636D643D434F4E4E4543542073748F
:105C00006174653D2573005B5B4E46432D415554E1
:105C1000485D5D206E657720434F4E4E45435420CE
:105C2000636C656172732073657373696F6E2E6147
:105C300063746976652070726576696F75735F73DA
:105C4000746174653D2573005B5B4E46432D415581
:105C500054485D5D20636F6E6E656374206163639D
:105C6000657074656420617474656D7074733D252E
:105C70006C750050736575646F205549443A202552
:105C800030325820253032582025303258202530E7
:105C900032582025303258202530325820253032D5
:105CA00058004368616C6C656E6765283136295B06
:105CB000302E2E325D3A2025303258202530325891
:105CC000202530325820286E6F6E63653D256C7537
:105CD00029004368616C6C656E6765207772697432
:105CE00065204641494C4544005B5B4E46432D418F
:105CF0005554485D5D206368616C6C656E67652016
:105D00007772697465206F6B2073746172743D30B3
:105D1000782530345820626C6F636B733D257500B5
:105D20005B5B4E46432D415554485D5D2063686181
:105D30006C6C656E676520726561646261636B207F
:105D40006661696C2073746172743D3078253034FB
:105D500058207265743D2564005B5B4E46432D41BF
:105D60005554485D5D206368616C6C656E676520A5
:105D7000726561646261636B203078303032317EED
:105D8000307830303234206D617463683D25752081
:105D9000646174613D253032582025303258202509
:105DA00030325820253032582025303258202530C6
:105DB00032582025303258202530325820253032B4
:105DC000582025303258202530325820253032587E
:105DD00020253032582025303258202530325820A6
:105DE00025303258005B5B4E46432D415554485D8B
:105DF0005D206368616C6C656E67652072656164C7
:105E00006261636B206D69736D617463682065788E
:105E1000703D2530325820253032582025303258F8
:105E20002025303258202530325820253032582055
:105E30002530325820253032582025303258202540
:105E40003032582025303258202530325820253025
:105E50003258202530325820253032582025303213
:105E600058005B5B4E46432D415554485D5D2063B1
:105E700068616C6C656E6765206973737565640035
:105E80005B5B4E46432D415554485D5D2061776113
:105E90006974696E6720524553504F4E5345283000
:105EA000783033292073746174653D2573207478CC
:105EB0006E3D25752073746172745F7469636B3D08
:105EC000256C75206368616C6C656E67653D253077
:105ED0003258202530325820253032582025303293
:105EE0005800706F73742D6368616C6C656E6765C4
:105EF000005B5B4E46432D415554485D5D20726505
:105F000073706F6E73652072656365697665642072
:105F100073746174653D2573005B5B4E46432D4190
:105F20005554485D5D20726573706F6E73652065B2
:105F30006E7472792074786E3D257520656C617081
:105F40007365643D256C75206368616C6C656E6774
:105F5000653D2530325820253032582025303258C2
:105F600020253032580042616420737461746520CA
:105F7000666F7220524553504F4E5345202825647A
:105F800029005B5B4E46432D415554485D5D2072B0
:105F90006573706F6E7365207265616420666169F8
:105FA0006C656420626C6B3D30782530345820720B
:105FB00065743D2564005B5B4E46432D4155544856
:105FC0005D5D20726573706F6E7365207261773DE1
:105FD000253032582025303258202530325820259F
:105FE000303258202E2E2E005B5B4E46432D4155FD
:105FF00054485D5D206368616C6C656E6765202543
:106000003032582025303258202530325820253063
:106010003258202530325820253032582025303251
:10602000582025303258202530325820253032581B
:106030002025303258202530325820253032582043
:106040002530325820253032582025303258005B18
:106050005B4E46432D415554485D5D20726573701B
:106060006F6E736520253032582025303258202538
:1060700030325820253032582025303258202530F3
:1060800032582025303258202530325820253032E1
:1060900058202530325820253032582025303258AB
:1060A00020253032582025303258202530325820D3
:1060B00025303258005B5B4E46432D415554485DB8
:1060C0005D206578706563746564202530325820E2
:1060D000253032582025303258202530325820259E
:1060E0003032582025303258202530325820253083
:1060F0003258202530325820253032582025303271
:10610000582025303258202530325820253032583A
:1061100020253032582025303258005B5B4E4643F4
:106120002D415554485D5D20726573706F6E7365C7
:1061300020766572696679206F6B20746F74616C6C
:106140003D256C7500617574682D737563636573A7
:1061500073005B5B4E46432D415554485D5D207294
:106160006573706F6E7365207665726966792066F7
:1061700061696C20636F756E743D2575207265745E
:1061800072793D616C6C6F77656400617574682D20
:106190006661696C005B5B4E46432D415554485D1A
:1061A0005D20696E64696361746564206368616C15
:1061B0006C656E67652D7265616479206D61726BC7
:1061C0006572206F62736572766564005B5B4E4634
:1061D000432D415554485D5D20696E646963617467
:1061E000656420636F6E6669726D206D61726B65A8
:1061F00072206F62736572766564005B5B4E464326
:106200002D415554485D5D20696E64696361746514
:106210006420756E6B6E6F776E20636D643D3078B1
:1062200025303258007472616365206E66632061A8
:106230007574682063747820616674657220737564
:1062400062636D643D307825303258207374617418
:1062500075733D25642073746174653D25732074E6
:10626000786E3D257520736573733D2575206661D5
:10627000696C3D2575007472616365206E666320EC
:1062800061757468206177616974696E6720524531
:1062900053504F4E5345283078303329206E65785F
:1062A000742077616B65206368616C6C656E6765EF
:1062B0003D253032582025303258202530325820A4
:1062C00025303258007472616365206E6663206108
:1062D00075746820524553504F4E53452070726F6D
:1062E000636573736564207374617475733D2564AD
:1062F0002073746174653D25732074786E3D257537
:1063000020736573733D2575007472616365206E3B
:10631000666320636D64206272616E63683D5543FD
:106320004D442073746172743D30782530345820A8
:106330006C656E3D2575004E6F2061757468656EE5
:106340007469636174696F6E2073746174653D254F
:106350006C75206163746976653D25750055434D04
:1063600044207265616420636D64206661696C65B8
:106370006420626C6B3D307825303458207265742F
:106380003D25640055434D44207265616420706171
:10639000796C6F6164206661696C656420626C6B06
:1063A0003D307825303458207265743D25640055A1
:1063B000434D4420636D643D2530325820253032F2
:1063C0005820253032582025303258207061796CA1
:1063D0006F6164303D2530325820253032582025F9
:1063E0003032582025303258004170704374726C3E
:1063F00020636D643D2530325820253032582025E9
:106400003032582025303258007472616365206E36
:1064100066632075636D6420646F6E6520726574B9
:106420003D256420617574683D2573207365737321
:106430003D2575007472616365206E666320756327
:106440006D6420666174616C207265743D25640022
:106450007472616365206E666320636D642061629F
:1064600073656E742F756E737570706F727465647A
:10647000202D3E2073746F702070617468007472F8
:10648000616365206E66632070726F63657373204D
:10649000656E746572206972713D25752077616B38
:1064A000653D2573007472616365206E66632070BC
:1064B000726F636573732064656665727265643AB2
:1064C0002077616B653D45445F50494E206275748D
:1064D000206972712070656E64696E673D3000746A
:1064E00072616365206E66632077616B652066610B
:1064F0006C6C6261636B3A206972712070656E64C6
:10650000696E67207769746820756E6B6E6F776E41
:106510002077616B65202D3E2045445F50494E0039
:106520004465626F756E63652066696C746572653B
:10653000642028256C75206D7320656C617073650F
:1065400064290057616B6575703A20454420706975
:106550006E2028746F74616C3D256C75290057613D
:106560006B6575703A20756E6B6E6F776E20657611
:10657000656E74007472616365206E66632070726C
:106580006F6365737320736B6970206972713D2549
:10659000752077616B653D257300747261636520BA
:1065A0006E66632070742072656164793A20737935
:1065B0006E632D7772697465206F6273657276659C
:1065C0006420737461747573303D307825303258AF
:1065D000007472616365206E666320707420776159
:1065E00069742074696D656F75743A207374617491
:1065F0007573303D3078253032582073746174756E
:1066000073313D30782530325800747261636520F3
:106610006E666320617574682073616D652D7761A6
:106620006B6520524553504F4E53452830783033D8
:106630002920776169742074696D656F75742073A2
:10664000746174653D25732074786E3D2575007402
:1066500072616365206E6663206E6F2073796E636E
:106660002D7772697465202D3E2072656C656173AB
:106670006520746F2069646C6500747261636520C5
:106680006E66632068616E646C6564207265713D3E
:106690002530325825303258207273703D25303203
:1066A000582530325820636F6D6D3D25750074722A
:1066B000616365206E62696F7420717565756564CC
:1066C000206279206E6663207273657400434841CE
:1066D0004C4C454E47494E47007472616365206ECD
:1066E000666320617574682073616D652D77616BD9
:1066F00065207761697420524553504F4E534528A9
:1067000030783033292073746174653D25732074AB
:10671000786E3D2575206368616C6C656E67653DBC
:106720002530325820253032582025303258202547
:10673000303258007472616365206E666320617543
:1067400074682070656E64696E6720524553504FBF
:106750004E53452830783033292072656C6561735B
:10676000652D746F2D73746F702073746174653D43
:1067700025732074786E3D2575206368616C6C65A7
:106780006E67653D2530325820253032582025303F
:1067900032582025303258007472616365206E666D
:1067A000632065786368616E676520636F6D706CE8
:1067B000657465202D3E2072656C6561736520747B
:1067C0006F2073746F70002B434D45204552524F1C
:1067D000523A00536B697020626F6F742062616E71
:1067E0006E657220776169742061667465722072CB
:1067F0006563656E74204E52422072656164792C27
:106800002070726F6265207769746820415400536C
:106810006B697020626F6F742062616E6E657220AA
:1068200077616974206166746572205357207265C0
:106830007365742C2070726F6265207769746820AC
:106840004154005761697420666F7220626F6F74E3
:106850002062616E6E657220757020746F20256CE9
:10686000756D732E2E2E00426F6F742062616E6EF6
:10687000657220726563656976656400426F6F7446
:106880002062616E6E6572206E6F74207265636542
:10689000697665642C2070726F6265207769746810
:1068A00020415400526561647920636865636B2000
:1068B00074696D656F7574202862616E6E65723DD6
:1068C00025752C2072657472793D256C7529004DF3
:1068D0006F64756C65207265616479202862616EF1
:1068E0006E65723D25752C2072657472793D256C3C
:1068F000752C20656C61707365643D256C756D73D6
:106900002900526561647920636865636B2065784E
:10691000686175737465642072657472696573204B
:10692000286C6173743D256429005B5B426F6F7452
:10693000547261636B5D5D2054582041542B4E525C
:10694000420041542B4E52420D0A005B5B426F6F76
:1069500074547261636B5D5D2041542B4E52422032
:106960005458206661696C6564005B5B426F6F74AC
:10697000547261636B5D5D2041542B4E524220770F
:106980006169742D7265616479206661696C656402
:1069900020287374617475733D256429005B5B4224
:1069A0006F6F74547261636B5D5D2041542B4E5266
:1069B000422072656164790041542B4E534F434C21
:1069C0003D256C640D0A004E534F434C2073656E99
:1069D00064206661696C2028736F636B3D256C646D
:1069E0002C207374617475733D256429004E534FD8
:1069F000434C206E6F74204F4B2028736F636B3DA8
:106A0000256C642C2070617273653D2573290055D7
:106A1000445020736F636B657420636C6F7365649F
:106A20003A20256C6400436C6F73696E6720616C5B
:106A30006C20706F737369626C6520736F636B6534
:106A400074732028302E2E256429004D6F64756CD8
:106A50006520756E726573706F6E736976652064FC
:106A60007572696E6720736F636B657420636C6504
:106A7000616E7570202873747265616B3D25752990
:106A8000202D2061626F72742072656D61696E697C
:106A90006E6720736F636B6574732025642E2E25DB
:106AA0006400536F636B657420636C65616E757011
:106AB0002073756D6D6172793A20636C6F736564D4
:106AC0003D256C7520616C72656164795F636C6FE4
:106AD0007365643D256C752073656E645F666169DE
:106AE0006C3D256C75206F746865725F6661696CBA
:106AF0003D256C75005761697420666F722073655F
:106B00007276696365207265616479206166746577
:106B10007220626F6F742062616E6E6572202874DD
:106B2000696D656F75743D256C756D732C2073658B
:106B300074746C653D256C756D73292E2E2E005373
:106B40006572766963652072656164792074696D28
:106B5000656F7574206265666F7265205553494D87
:106B60002070726F62652028656C61707365643D8A
:106B7000256C756D7329005B5B5265616479507299
:106B80006F62655D5D2041542070696E67206661AB
:106B9000696C20287374617475733D256429005BEA
:106BA0005B526561647950726F62655D5D0041544E
:106BB0002B434D45453D310041542B434D45453D0B
:106BC000310D0A005B5B526561647950726F6265DA
:106BD0005D5D20434D454520656E61626C652066B4
:106BE00061696C20287374617475733D2564290094
:106BF00041542B43494D490D0A005B5B526561646A
:106C00007950726F62655D5D20494D534920707205
:106C10006F62652055415254206973737565202851
:106C20007374617475733D256429005B5B52656103
:106C3000647950726F62655D5D2073657276696319
:106C400065207265616479202841543D312C2043D0
:106C50004D45453D312C205553494D3D312900537B
:106C600065727669636520726561647920636F6E11
:106C70006669726D65642028656C61707365643D3A
:106C8000256C756D7329005B5B5265616479507288
:106C90006F62655D5D2073657276696365206E6FF6
:106CA0007420726561647920796574202841543DAF
:106CB000312C20434D45453D312C205553494D3D08
:106CC000302C20434D453D256C6429005B5B5265AB
:106CD00061647950726F62655D5D20494D53492052
:106CE0007061727365206661696C202873746174C9
:106CF00075733D257329005365727669636520724B
:106D00006561647920666174616C202873746174B4
:106D100075733D25642C20636D653D256C642900E9
:106D20005365727669636520726561647920726566
:106D3000636F76657261626C6520434D453D256CDD
:106D4000642073747265616B3D25752F2575005B3A
:106D50005B526561647950726F62655D5D2072653A
:106D6000636F76657261626C6520434D453D256CAD
:106D7000642073747265616B207468726573686FE8
:106D80006C642072656163686564202D3E207175B6
:106D9000657279204346554E20666F722072656396
:106DA0006F766572790041542B4346554E3F0D0A6C
:106DB000005B5B526561647950726F62655D5D2056
:106DC0004346554E3F207175657279206661696C46
:106DD000656420647572696E67207265636F76659D
:106DE0007261626C652D434D45207265636F7665F7
:106DF000727920287374617475733D25642C206347
:106E00006D653D256C6429005B5B5265616479505A
:106E1000726F62655D5D204346554E3F207265741A
:106E200075726E656420434D453D256C6420647524
:106E300072696E67207265636F76657261626C65F8
:106E40002D434D45207265636F7665727920286FFA
:106E5000726967696E3D256C6429005B5B526561F0
:106E6000647950726F62655D5D204346554E3F20E8
:106E70007061727365206661696C65642064757207
:106E8000696E67207265636F76657261626C652DED
:106E9000434D45207265636F7665727920286F7265
:106EA0006967696E3D256C642C2070617273653D65
:106EB000257329005B5B526561647950726F62656E
:106EC0005D5D204346554E3F3D256C6420647572E0
:106ED000696E67207265636F76657261626C652D9D
:106EE000434D45207265636F7665727920286F7215
:106EF0006967696E3D256C64290041542B434655F2
:106F00004E3D310D0A005B5B526561647950726FD2
:106F100062655D5D207265636F76657261626C6546
:106F20002D434D45204346554E207265636F76656F
:106F3000727920636F6D6D616E642061636365704B
:106F4000746564005B5B526561647950726F626561
:106F50005D5D204346554E20616C72656164792009
:106F60006163746976652028256C642920666F72D8
:106F7000207265636F76657261626C6520434D4572
:106F80003D256C64202D3E20657363616C617465E2
:106F900020746F20617474616368207265636F761A
:106FA0006572790053657276696365207265616404
:106FB00079207265636F76657261626C652D434DF1
:106FC00045207265636F76657279206661696C65CC
:106FD0006420287374617475733D25642C20636D7F
:106FE000653D256C6429202D3E2068616E64206F0C
:106FF00076657220746F20617474616368207265B5
:10700000736574207265636F76657279005365727B
:10701000766963652072656164792074696D656F56
:107020007574206166746572207265636F7665722F
:1070300061626C6520434D453D256C64207374721C
:1070400065616B2028656C61707365643D256C75A6
:107050006D7329202D3E2068616E64206F76657205
:1070600020746F20617474616368207265636F7649
:107070006572790053657276696365207265616433
:10708000792074696D656F75742028656C61707303
:1070900065643D256C756D732C206C61737453743D
:1070A000617475733D25642C20636D653D256C64AA
:1070B0002900536574204346554E3D3120286D61AB
:1070C000792074616B6520757020746F203835737A
:1070D000292E2E2E004346554E3D312073656E6499
:1070E000206661696C20287374617475733D256432
:1070F00029004346554E3D31206E6F74204F4B2082
:107100002870617273653D257329004346554E3DD5
:107110003120646F6E65004346554E3F20555349FC
:107120004D20666174616C2028434D453D256C649B
:10713000290041542B43455245473F0D0A002B433C
:10714000455245473A0041542B43474154543F0D63
:107150000A002B43474154543A0041542B434750B3
:10716000414444520D0A002B434750414444523A93
:1071700000302E302E302E3000696E76616C6964DE
:10718000005B5B4174746163685D5D206D616E647A
:1071900061746F7279207374617274202877696EDC
:1071A000646F773D256C756D7320746F74616C3DF1
:1071B000256C756D732073774D61783D257520685A
:1071C000774D61783D257529005B5B41747461637F
:1071D000685D5D20617474656D70743D2575207304
:1071E000746174653D257300626F6F745F776169C8
:1071F00074004D6F64756C6520626F6F74207469E4
:107200006D656F7574004D6F64756C652073657284
:107210007669636520726561647920666174616C6A
:10722000004D6F64756C65207365727669636520C7
:107230007265616479206661696C20287374617479
:1072400075733D256429005B5B4174746163685DFF
:107250005D0041542B43455245473D330041542B7B
:1072600043455245473D330D0A005B5B41747461F1
:1072700063685D5D206661696C656420746F20736E
:1072800065742043455245473D332028737461742B
:1072900075733D256429004D6F64756C65207265BA
:1072A0006164790041542B43545A553D310D0A0015
:1072B00043545A553D312073656E64206661696C94
:1072C00020287374617475733D256429202D20690D
:1072D000676E6F7265640043545A553D31206E6F7E
:1072E00074204F4B202870617273653D25732920EF
:1072F0002D2069676E6F726564286F7074696F6E98
:10730000616C2066656174757265206E6F742073A0
:107310007570706F7274656429004175746F2D7497
:10732000696D657A6F6E65202843545A553D312941
:1073300020656E61626C6564007777772E676F6F8A
:10734000676C652E636F6D005B444E535D20776103
:10735000726D75702077697468202573005B444EE8
:10736000535D207761726D7570204F4B206F6E20DA
:10737000256C75202825733A69703D257329005BBB
:10738000444E535D207761726D757020256C752FAA
:10739000256C75206661696C6564005B444E535DC5
:1073A000207761726D757020736B69707065640011
:1073B0005B5B4174746163685D5D207375636365D5
:1073C000737320617474656D70743D257520656CF0
:1073D00061707365643D256C756D732070686173B1
:1073E000653D25732069703D2573005B5B417474B6
:1073F0006163685D5D206661696C20617474656DB0
:1074000070743D2575207374617475733D25642017
:1074100070686173653D25732043455245473D259E
:10742000732043474154543D25752069703D2573B1
:10743000005B5B4174746163685D5D206E6F2D5508
:1074400053494D20666174616C202D3E2061626F4E
:10745000727420776974686F7574207265736574CF
:107460002028656C61707365643D256C756D7329AA
:10747000005B5B4174746163685D5D20737573705C
:10748000656E646564205553494D20646574656379
:10749000746564202872656A6563744361757365F9
:1074A0003D257529202D3E2061626F727420776919
:1074B00074686F75742072657365742F7265747269
:1074C00079005B5B4174746163685D5D2074657213
:1074D0006D696E61746564205553494D206465740F
:1074E0006563746564202872656A656374436175B9
:1074F00073653D257529202D3E2061626F727420D1
:10750000776974686F75742072657365742F72651E
:10751000747279005B5B4174746163685D5D2072B5
:1075200065676973746572696E672D737475636BD3
:1075300020736F6674207265636F7665727920318F
:107540002F2575202D3E206E6F2072657365742C7B
:107550002072652D61726D20434552454720616E52
:107560006420726574727920617474616368005B71
:107570005B4174746163685D5D206661696C206C59
:10758000696D6974207265616368656420656C610A
:10759000707365643D256C756D732073773D25753B
:1075A0002068773D2575206C6173743D2564005B10
:1075B0005B52657365745D5D20657363616C6174B6
:1075C0006520746F2053572072657365742025758C
:1075D0002F25752028656C61707365643D256C7579
:1075E0006D7329005B5B52657365745D5D20535755
:1075F0002072657365742073657175656E636520AF
:107600007374617274202841542B4346554E3D30AB
:10761000202D3E2041542B4346554E3D3129005BE1
:107620005B52657365745D5D0041542B4346554E56
:107630003D300041542B4346554E3D300D0A005B12
:107640005B52657365745D5D2041542B4346554E16
:107650003D31206661696C656420287374617475BE
:10766000733D256429005B5B52657365745D5D2025
:1076700053572072657365742073657175656E6309
:107680006520636F6D706C657465005B5B5265733C
:1076900065745D5D20657363616C61746520746FF2
:1076A0002048572072657365742025752F25752035
:1076B00028656C61707365643D256C756D73290078
:1076C0005B5B52657365745D5D204857207265731E
:1076D00065742073657175656E636520737461727E
:1076E000742028706F776572206379636C65290058
:1076F0004170705F48774E62696F74506F77657242
:107700004379636C65005B5B52657365745D5D20F6
:1077100048572072657365742073657175656E6373
:107720006520636F6D706C657465005B5B5265739B
:1077300065745D5D207265736574207265636F7634
:1077400065727920657868617573746564207377F4
:107750003D25752068773D257520656C61707365E2
:10776000643D256C756D73206C6173743D256400F8
:1077700061626F7274005B5B4174746163685D5D2C
:107780002061626F72742073746174653D2573208B
:1077900072657365743D2573207374617475733DF0
:1077A0002564005B5B506F7765724F66665D5D2098
:1077B0006D616E6461746F7279207374617274208C
:1077C00028636C6F736520736F636B657473202B14
:1077D0002041542B43474154543D30202B207761A6
:1077E00069742043455245473A30202B2041542BA1
:1077F0004346554E3D3029005B5B506F7765724FB5
:1078000066665D5D206D6F64756C6520756E726572
:1078100073706F6E73697665202873747265616B1F
:107820003D25752920647572696E6720736F636BDF
:10783000657420636C65616E7570202D3E20736BDE
:1078400069702043474154542F4346554E2C2066BF
:107850006F72636520706F776572206375746F66F1
:1078600066005B5B4465746163685D5D0041542B39
:1078700043474154543D300041542B4347415454F5
:107880003D300D0A005B5B506F7765724F66665D39
:107890005D206D6F64756C6520756E726573706FB9
:1078A0006E73697665202873747265616B3D25750A
:1078B000292061742043474154543D30202D3E20FF
:1078C000736B697020776169742F4346554E2C2085
:1078D000666F72636520706F776572206375746F71
:1078E0006666005B5B4465746163685D5D20706F14
:1078F0006C6C3A2070686173653D25732043455276
:1079000045473D25732043474154543D2575005B51
:107910005B4465746163685D5D20636F6D706C6569
:1079200074653A2043455245473D257320434741FE
:1079300054543D2575005B5B4465746163685D5D0F
:1079400020706F6C6C207175657279206661696C4E
:1079500020287374617475733D256429005B5B4452
:1079600065746163685D5D2074696D656F75742011
:1079700077616974696E672043455245473A300024
:107980005B5B4465746163685D5D20696E636F6D08
:10799000706C657465202D3E20666F726365207083
:1079A0006F776572206F66662028737461747573D3
:1079B0003D256429005B5B4465746163685D5D20FF
:1079C000636F6D6D616E64206661696C6564202D06
:1079D0003E20666F72636520706F776572206F66F8
:1079E0006620287374617475733D256429005B5BA0
:1079F0004465746163685D5D20736B697070656474
:107A00002028617474616368206E6F7420726561F0
:107A100064792C2073746174653D257329005B5B68
:107A2000506F7765724F66665D5D005B5B506F7788
:107A300065724F66665D5D206D6F64756C6520755F
:107A40006E726573706F6E736976652028737472D9
:107A500065616B3D257529206265666F72652043FF
:107A600046554E3D30202D3E20736B6970204346B5
:107A7000554E2C20666F72636520706F776572209B
:107A80006375746F6666005B5B506F7765724F66F7
:107A9000665D5D204346554E3D30206661696C65EC
:107AA00064206265666F726520706F77657220630F
:107AB000757420287374617475733D256429005BA7
:107AC0005B506F7765724F66665D5D204154206341
:107AD0006F6E74657874206E6F7420696E69746956
:107AE000616C697A65642C206469726563742070C6
:107AF0006F776572206F6666005B5B506F776572AB
:107B00004F66665D5D20706F7765722070696E20CC
:107B10006F6666206661696C6564202873746174A1
:107B200075733D256429005B5B506F7765724F6606
:107B3000665D5D20646F6E652073746174653D25BC
:107B400073206465746163685374617475733D2553
:107B500064206366756E305374617475733D25647B
:107B6000005B5B57616B6575704C505D5D202573E4
:107B7000207374617475733D2564202D3E20706FF1
:107B8000776572206F6666204E422D496F542061E2
:107B90006E6420726571756573742077616B6575AD
:107BA000702053544F50005B5B57616B6575704C90
:107BB000505D5D206D616E6461746F727920706FCD
:107BC000776572206F6666206661696C65642073F4
:107BD00074617475733D2564202D3E20646972655F
:107BE000637420706F77657220637574005B5B55FA
:107BF00073696D486F6C645D5D2070686173653D8D
:107C00002573205254432076616C6964202D3E20F8
:107C10006B65657020416C61726D412C20686F6CE2
:107C20006420416C61726D42287365727669636588
:107C30002F6D676D742920256C756820756E7469C9
:107C40006C20256C75202530326C753A2530326CED
:107C5000753A2530326C75005B5B436F6C6C6973F1
:107C6000696F6E506F6C6963795D5D2072657175C7
:107C7000657374206465666572726564207478202B
:107C800073686F72742077616B653D256C75730046
:107C90005B5B5573696D486F6C645D5D20706861F6
:107CA00073653D25732052544320696E76616C697B
:107CB00064202D3E20626C6F636B206D657465726D
:107CC0002F736572766963652F6D676D74207478A4
:107CD00020256C75682C2066697273742072657437
:107CE00072792077616B6520696E20256C75732031
:107CF00072656D61696E696E673D256C75730053C1
:107D0000544F50206E6F2D77616B652072657175D1
:107D10006573743A206E65773D2575206265666FE0
:107D200072652073746F703D2575004C5000476577
:107D300074204D6F64756C652074696D653A2025FB
:107D40003034752D253032752D2530327520253093
:107D500032753A253032753A253032752028545A1A
:107D60003D252B642F31356D696E2900494E4954EC
:107D7000533D302028756E696E697469616C697A4B
:107D8000656429202D3E207365742066726F6D2016
:107D90004E42496F5400525443207265616420661C
:107DA00061696C6564202D3E207365742066726F76
:107DB0006D204E42496F54004E42496F54207673F5
:107DC0002052544320646966663D256C64207365C7
:107DD0006300646966662065786365656473202561
:107DE0006420736563202D3E20726573796E630095
:107DF0005B5B5254435D5D2077697468696E2074E3
:107E00006F6C6572616E6365202D3E206B656570D9
:107E100020525443005B5B5254435D5D2073657494
:107E200020746F20253034752D253032752D253086
:107E3000327520253032753A253032753A25303288
:107E400075005B5B52746353796E635D5D20696E90
:107E500076616C6964617465206D657465722F73F9
:107E60006572766963652F6D676D74206475652032
:107E70006361636865202D3E20616C61726D7320C3
:107E800077696C6C20626520726563616C63756CE8
:107E900061746564206F6E206E6578742053544F52
:107EA0005020656E74727900657865637574696ECB
:107EB000672073746174653A25732C20636F6D6D50
:107EC000616E64506172616D3A2564006578656326
:107ED0007574696E6720726573657420626F6F7464
:107EE0002D686F6C643D256C75206D73005B5B4D78
:107EF0006574657257616B655D5D20736368656469
:107F0000756C6564206D657465722070726F626552
:107F1000206661696C6564207374617475733D25B6
:107F20006C64005B5B4D6574657257616B655D5D8C
:107F3000205254435F47657454696D6520666169DA
:107F40006C65642C20666F7263696E672070657261
:107F5000696F6469632073656C662D746573742042
:107F600061732066616C6C6261636B005B5B4D6585
:107F700074657257616B655D5D20706572696F64D1
:107F800069632073656C662D746573742072657007
:107F90006F72746564206661756C74287329207330
:107FA00074617475733D256C64005B5B4D6574652D
:107FB0007257616B655D5D20706572696F6469639E
:107FC0002073656C662D7465737420736B697070B3
:107FD00065642028616C72656164792072756E2019
:107FE000746F6461792C20646174654B65793D25FB
:107FF0006C7529007472616365206E666320776119
:108000006974206972713D25752077616B653D2526
:108010007320636F6D705F6576743D2575007472B3
:10802000616365206E66632065786368616E67656D
:1080300020717565756564206972713D25752077BD
:10804000616B653D2573007472616365206E6663C4
:108050002064656665722065786368616E67653A5D
:1080600020636F6D706F6E656E7420657674206F1F
:108070006E6C79206972713D25752077616B653D65
:1080800025730053485433206661696C21004155C3
:1080900058005B5B5573696D486F6C645D5D207063
:1080A000686173653D257320686F6C64206163743B
:1080B0006976652062757420525443206C6F737426
:1080C000202D3E206B656570206D657465722F7480
:1080D0007820626C6F636B6564005B5B5573696DE0
:1080E000486F6C645D5D2070686173653D25732029
:1080F0005254432076616C696420686F6C6420611F
:108100006374697665202D3E20736B6970206174FD
:10811000746163682F73656E6420756E74696C207A
:10812000256C75202530326C753A2530326C753AE5
:108130002530326C75005B5B5573696D486F6C64FC
:108140005D5D2070686173653D257320686F6C64A8
:108150002065787069726564202D3E20616C6C6FBB
:1081600077207265747279005B5B5573696D486F37
:108170006C645D5D2070686173653D2573205254A9
:108180004320696E76616C6964202D3E20736B69B3
:1081900070206D657465722F74782C206E6578740C
:1081A0002072657472792077616B6520696E202575
:1081B0006C75732072656D61696E696E673D256CC3
:1081C0007573005B5B5573696D486F6C645D5D2012
:1081D00070686173653D257320686F6C64206578F5
:1081E0007069726564202D3E20616C6C6F77206D24
:1081F000657465722F7478207265747279005B5BA8
:108200005365727669636554785363686564756C09
:10821000655D5D206E696768742D6F6E6C7920678F
:108220006174653A2070756C6C2D696E206E65788E
:10823000742064756520256C75202530326C753A84
:108240002530326C75202D3E20256C75202530326E
:108250006C753A2530326C75005B5B5478536368FB
:108260006564756C655D5D20736B69702061747405
:108270006163682F73656E64206265666F72652046
:10828000736572766963652F6D676D7420647565BB
:10829000005B5B426F6F74547261636B5D5D206263
:1082A0006F61726420626F6F74202D3E2072756E54
:1082B00020636F6C642D626F6F74207265736574D8
:1082C0002F70726F766973696F6E20747261636B61
:1082D000005B5B426F6F74547261636B5D5D207312
:1082E0007461727420636F6C642D626F6F7420729E
:1082F000657365742F70726F766973696F6E20662F
:108300006C6F77005B5B426F6F74547261636B5D7F
:108310005D0041542B51474D520041542B51474D64
:10832000520D0A0041542B514C57464F5441494E6F
:10833000443D300041542B514C57464F5441494E17
:10834000443D300D0A0041542B5152454753575478
:108350003D320041542B515245475357543D320D45
:108360000A0041542B4E434F4E4649473D41555418
:108370004F434F4E4E4543542C46414C53450041CC
:10838000542B4E434F4E4649473D4155544F434F62
:108390004E4E4543542C46414C53450D0A00415422
:1083A0002B4E434F4E4649473D43454C4C5F52454B
:1083B00053454C454354494F4E2C5452554500416A
:1083C000542B4E434F4E4649473D43454C4C5F521C
:1083D0004553454C454354494F4E2C545255450D39
:1083E0000A005B5B426F6F74547261636B5D5D206A
:1083F000737461727420626F61726420617474615D
:1084000063682D766572696669636174696F6E2051
:1084100073657175656E63650041542B4E42414E24
:10842000443D350041542B4E42414E443D350D0AEA
:108430000041542B4350534D533F0041542B435064
:10844000534D533F0D0A0041542B4E434349443F83
:108450000041542B4E434349443F0D0A0041542BE5
:1084600043494D490041542B4347534E3D31004150
:10847000542B4347534E3D310D0A0041542B434783
:108480004154543D310041542B43474154543D31F4
:108490000D0A005B5B426F6F74547261636B5D5DCC
:1084A00020737461727420626F6172642070726FE5
:1084B000766973696F6E696E672073657175656E35
:1084C00063650041542B514C575345525645524910
:1084D000503D42532C2E2E2E0041542B514C5753BD
:1084E000455256455249503D42532C3130362E317B
:1084F00030332E3233332E3135352C353738330D7A
:108500000A0041542B514C5753455256455249503D
:108510003D4C574D324D2C2E2E2E0041542B514C9C
:108520005753455256455249503D4C574D324D2CAC
:108530003130362E3130332E3233332E3135352C27
:10854000353738330D0A0041542B51424F4F5453A5
:1085500054524150484F4C444F46463D30004154E0
:108560002B51424F4F545354524150484F4C444F5B
:1085700046463D300D0A0041542B514C5745504E54
:10858000533D312C2E2E2E0041542B514C5745502B
:108590004E533D312C2241534E5F4353452D442DC4
:1085A000396162626631373863342D4A484331227B
:1085B0000D0A0041542B514C574D425350533D2E00
:1085C0002E2E0041542B514C574D425350533D4A8F
:1085D0004843312C343332333830303031302C3062
:1085E000313232363638303133362C39313935394B
:1085F000322C4B534A5F57542D4E4232330D0A00F2
:1086000041542B515245475357543D310041542B4F
:10861000515245475357543D310D0A0041542B4E9A
:10862000434F4E4649473D4155544F434F4E4E45AB
:1086300043542C545255450041542B4E434F4E4603
:1086400049473D4155544F434F4E4E4543542C549A
:108650005255450D0A0041542B514C575345525623
:10866000455249503F0041542B514C5753455256A7
:10867000455249503F0D0A005B5B426F6F74547264
:1086800061636B5D5D20737461727420706F7374CD
:108690002D70726F766973696F6E20736574746C78
:1086A000652F7265617474616368207365717565A7
:1086B0006E6365005B5B426F6F74547261636B5DE8
:1086C0005D20706F73742D70726F766973696F6E51
:1086D00020736572766963652D72656164792077B0
:1086E00061697420696E636F6D706C6574652028B4
:1086F0007374617475733D256429005B5B426F6F11
:1087000074547261636B5D5D20706F73742D707251
:108710006F766973696F6E2043455245473D33203C
:108720006661696C656420287374617475733D2596
:108730006429005B5B426F6F74547261636B5D5DB3
:1087400020706F73742D70726F766973696F6E200D
:108750007265617474616368207265616479207008
:10876000686173653D25732069703D2573005B5B0F
:10877000426F6F74547261636B5D5D20706F7374D0
:108780002D70726F766973696F6E20726561747493
:10879000616368207761697420696E636F6D706CC6
:1087A00065746520287374617475733D2564207049
:1087B000686173653D25732043455245473D2573E8
:1087C0002043474154543D2575290053796E636811
:1087D000726F6E697A696E672074696D6520667262
:1087E0006F6D206E6574776F726B2028736F66747F
:1087F000292E2E2E0041542B43434C4B3F0D0A0093
:108800005B5B426F6F74547261636B5D5D20736F6D
:1088100066742043434C4B2073656E642066616927
:108820006C20617474656D70743D256C752F2575B1
:10883000207374617475733D25640054696D6520FF
:1088400073796E6320646F6E652028736F66742978
:10885000005B5B426F6F74547261636B5D5D20738C
:108860006F6674205254432073796E632061707078
:108870006C79206661696C65642028737461747515
:10888000733D256429005B5B426F6F7454726163B2
:108890006B5D5D20736F66742043434C4B206E6F9D
:1088A0007420726561647920617474656D70743DC3
:1088B000256C752F25752070617273653D257320B9
:1088C0007261773D5B25735D005B5B426F6F745433
:1088D0007261636B5D5D20736F66742074696D6592
:1088E0002073796E6320736B6970706564206166B4
:1088F00074657220706F73742D70726F766973690E
:108900006F6E2072657472696573005B5B426F6F96
:1089100074547261636B5D5D20646F6E65202862C4
:108920006F6172642D616C69676E65642070726F2F
:10893000766973696F6E696E6720666C6F77290060
:108940005B5B426F6F74547261636B5D5D20726537
:108950007365742F70726F766973696F6E207375AB
:108960006363657373202D3E20636F6C6C65637465
:10897000206465766963652064617461005B5B57A0
:10898000616B65526F7574696E655D5D20636F6CB8
:108990006C656374206465766963652064617461E5
:1089A000206265666F72652061747461636800623D
:1089B0006F6F7420726573657420747261636B20CD
:1089C0006661696C00617474616368206661696CDA
:1089D000005B5B57616B65547261636B5D5D207317
:1089E0006572766963652B6D676D742064756520AB
:1089F000746F676574686572202D3E2070726F63B6
:108A00006573732073657175656E7469616C6C79DB
:108A100020696E206F6E65206174746163682073D5
:108A2000657373696F6E005B5B4D676D74536F6345
:108A30006B657457616B655D5D2073746172740062
:108A400061636F7270322E697074696D652E6F721A
:108A50006700444E53207265736F6C7665206661C3
:108A6000696C656420666F722025730041542B4E3B
:108A7000534F43523D444752414D2C31372C2575BD
:108A80002C312C41465F494E45540D0A004E534F40
:108A900043522073656E64206661696C202873748C
:108AA000617475733D256429004E534F4352207203
:108AB00065737020657272202870617273653D2540
:108AC000732C20434D453D256C6429004E534F4384
:108AD0005220736F636B65742069642070617273D8
:108AE00065206661696C2E207261773D5B25735D40
:108AF0000055445020736F636B6574206372656129
:108B00007465643A20256C64004E534F43522072C2
:108B10006574727920256C752F256C752028737407
:108B2000617475733D2564290055445020736F634B
:108B30006B657420637265617465206661696C653C
:108B4000640041542B4E534F53543D256C642C25E7
:108B5000732C25752C25752C004E534F53542073C0
:108B6000656E643A20736F636B3D256C642C2069DD
:108B7000703D25732C20706F72743D25752C206C10
:108B8000656E3D25752C207365713D2575004E532E
:108B90004F53542073656E64206661696C2028739E
:108BA00074617475733D25642C2072784C656E3D3C
:108BB000257529004E534F5354206E6F204F4B2084
:108BC0002870617273653D25732C20636D653D25AA
:108BD0006C642C2072784C656E3D256C752C20726F
:108BE00061773D5B25735D29004E534F53545220EE
:108BF000636F6E6669726D6564202866617374299F
:108C00003A20736F636B3D256C642C207365713D56
:108C10002575004E534F535452206661696C2028CD
:108C200066617374293A20736F636B3D256C642C05
:108C3000207365713D25752C207374617475733DC7
:108C4000256420287472616E7369656E7429004E04
:108C5000534F53545220776169743A2062756620ED
:108C600066756C6C206166746572204F4B202872AB
:108C7000784C656E3D257529004E534F5354522054
:108C8000776169743A2052585F4954207374617255
:108C900074206661696C2028256429004E534F5367
:108CA000545220776169743A206572726F72207233
:108CB0006967687420616674657220737461727488
:108CC000004E534F53545220776169743A205541F6
:108CD000525420657272202872784C656E3D25755D
:108CE0002C207261773D5B25735D29004E534F53F5
:108CF000545220636F6E6669726D65643A20736FBB
:108D0000636B3D256C642C207365713D25752028AF
:108D1000656C61707365643D256C756D7329004EDB
:108D2000534F535452206661696C3A20736F636BE2
:108D30003D256C642C207365713D25752C20737462
:108D4000617475733D256420287472616E73696562
:108D50006E7429004E534F53545220776169743A10
:108D6000206275666665722066756C6C2028727864
:108D70004C656E3D25752C207261773D5B25735DDA
:108D800029004E534F535452206C6174652D646515
:108D90007465637465643A20736F636B3D256C641E
:108DA0002C207365713D25752C2073746174757367
:108DB0003D2564004E534F5354522074696D656FC6
:108DC00075742028736F636B3D256C642C2073656C
:108DD000713D25752C2072784C656E3D25752C20D3
:108DE0007261773D5B25735D2900554450207365A2
:108DF0006E6420696E76616C696420706172616D69
:108E0000005544502073656E642072657472792039
:108E1000256C752F256C7520287374617475733DEE
:108E2000256429005B5B4D676D7454785D5D00259A
:108E3000732054657374206D6F64653A20736B6999
:108E400070207365727665722041434B20776169AB
:108E5000742F74696D656F75740025732072756E5B
:108E600074696D6520706F6C6963793A20736B6902
:108E700070207365727665722041434B207761697B
:108E800074005544502073656E6420646F6E653ABB
:108E90002025733A25752C20257520627974657319
:108EA0002C207365713D2575005544502073656E07
:108EB000642F61636B206661696C6564202873743C
:108EC0006167653D25642C207374617475733D255D
:108ED00064290025732073746F726167652064656F
:108EE0006C657465206661696C65642028737461C3
:108EF0007475733D256C642C207265636F726473A6
:108F00003D2575290025732073746F726167652094
:108F100064656C6574656420287265636F72647340
:108F20003D25752C2072656D61696E3D25752900A2
:108F3000257320736B69702073656E640025732040
:108F40006275696C64206C656E3D25752070617971
:108F50006C6F61643D2575207265633D25752063E6
:108F60006865636B73756D3D3078253032582063CA
:108F70006C65617265643D25752064656C6574651A
:108F80003D2575206C6976653D2575002573205358
:108F9000656E64526573756C743A207374616765AD
:108FA0003D25642C2069703D25732C20706F7274F0
:108FB0003D25752C2073656E743D25752C207365D9
:108FC000713D25752C20636F6E6669726D65643D19
:108FD0002575005B5B4D65746572536368656475E8
:108FE0006C655D5D20616C61726D20636F6E737581
:108FF0006D6520736C6F743D256C75202D3E206E61
:109000006578743D256C75202530326C753A2530B5
:10901000326C753A2530326C75005B5B416C617265
:109020006D436F6C6C6973696F6E5D5D20416C613F
:10903000726D412B416C61726D42202D3E206D6539
:109040007465722066697273742C2064656665723B
:1090500020736572766963652F6D676D742074780F
:1090600020746F2073686F7274206E65787420634B
:1090700079636C65005B5B416C61726D41286D6565
:10908000746572295D5D205254432077616B6520C1
:109090002D3E207175657565206D65746572207251
:1090A000656164206F6E6C79202873616D652D7326
:1090B0006C6F74206475706C69636174652073757E
:1090C000707072657373656429005B5B416C6172DB
:1090D0006D42287478295D5D205254432077616B7E
:1090E00065202D3E20717565756520736572766902
:1090F00063652F6D676D74207472616E736D697432
:10910000207061746820286E65787420647565200D
:10911000616476616E63656429005B5B416C6172BA
:109120006D436F6C6C6973696F6E5D5D2073686F02
:1091300072742064656665727265642077616B6520
:10914000202D3E20717565756520736572766963A3
:10915000652F6D676D74207472616E736D69742014
:1091600070617468005B5B57616B65526F75746901
:109170006E655D5D205254432F5755542077616BC7
:1091800065202D3E20717565756520636F6C6C657B
:1091900063742F6174746163682F73656E642F70DC
:1091A0006F7765726F6666005B5B57616B65526FC8
:1091B0007574696E655D5D204C5054494D20776132
:1091C0006B65202D3E20717565756520636F6C6C35
:1091D0006563742F6174746163682F73656E642FA7
:1091E000706F7765726F6666003D3D3D3D3D204482
:1091F000657669636520436F6E666967203D3D3D16
:109200003D3D00434647002020626F6F74436F75F9
:109210006E7456616C6964203A20257500202062C6
:109220006F6F74436F756E742020202020203A20C9
:10923000256C750020206C6F674C6576656C20206E
:1092400020202020203A2025750020206C696E6B9C
:1092500054797065202020202020203A2025752078
:109260002825732900202072657365727665645B1A
:10927000256C755D2020203A20307825303258004A
:109280005B5B426F6F74526F7574696E655D5D20D4
:109290007175657565206669727374206174746197
:1092A00063682F73656C66746573742F73656E6481
:1092B0002F706F7765726F6666206379636C6500E7
:1092C0004765744D7367712073746174653A2573D3
:1092D000005B5B4D657465725363686564756C65AE
:1092E0005D5D2064756520736C6F743D256C752021
:1092F0002D3E207175657565206D657465722072EF
:109300006561642C206E6578743D256C7520253070
:10931000326C753A2530326C753A2530326C7500F6
:109320004D455445525F574149545F545249474750
:109330004552005363686564756C6564206D65749F
:1093400065722073746174653A25730050657269A3
:109350006F6469632073746174653A2573002573C3
:10936000206973206576656E7470656E64696E67DA
:10937000004576656E7450656E64696E672E206474
:109380006F6E27742073746F7020616C6C6F770040
:109390004E6F204576656E7450656E64696E672EFB
:1093A0002073746F7020616C6C6F7700257320429E
:1093B00043443A20257300253032582573006E65EA
:1093C00074776F726B5F776169740073775F726532
:1093D0007365740068775F7265736574006E6F6E95
:1093E0006500737700687700696E6974006366755D
:1093F0006E5F6F6666007573696D5F6572726F721E
:10940000007265676973746572696E670061747470
:10941000616368696E670077616974696E675F6927
:10942000700064656E696564007573696D5F73755E
:109430007370656E64007573696D5F7465726D69D4
:109440006E61746564006E6F5F7072656669780046
:10945000666F726D61740072616E67650061745F42
:109460006572726F7200636D655F6572726F720014
:109470006E6F5F6F6B006E6F5F646174610054525A
:1094800041434500444542554700494E464F004E32
:109490004F5449005741524E006465627567006839
:1094A0006F7573656B656570696E6700706F776562
:1094B00072006D65746572006E6663006175780098
:1094C0006E62696F7400736572766572006C707499
:1094D000696D007761746368646F670073746F729D
:1094E000616765006E6F745F72656769737465723A
:1094F000656400686F6D6500736561726368696EAD
:109500006700726F616D696E6700424F4F5400448F
:10951000454255475F504F4C4C00484F5553454BC3
:10952000454550494E475F494E495400484F5553B1
:10953000454B454550494E475F534E415053484F68
:109540005400484F5553454B454550494E475F528F
:109550004F5441544500504F5745525F494E49546E
:1095600000504F5745525F574149545F524551553E
:10957000455354004D455445525F494E4954004DA2
:10958000455445525F53454E445F524551554553EE
:1095900054004D455445525F50415253455F52452A
:1095A000504C59004E46435F494E4954004E464385
:1095B0005F574149545F4556454E54004E46435F00
:1095C00045584348414E4745004E46435F52454C3F
:1095D00045415345004155585F494E495400415556
:1095E000585F545249474745525F4D454153555284
:1095F00045004155585F524541445F524553554CD3
:1096000054004E42494F545F494E4954004E42491E
:109610004F545F4445434944455F57414B45004ED5
:1096200042494F545F504F5745525F4F4E004E4294
:10963000494F545F45584348414E47455F415400A8
:109640005345525645525F494E4954005345525670
:1096500045525F505245504152455F5041434B4542
:1096600054005345525645525F5245515545535447
:109670005F53454E44005254435F494E4954005293
:1096800054435F57414B455F53455256494345004C
:109690005254435F4150504C595F53594E4300520E
:1096A00054435F5245414459004C5054494D5F4921
:1096B0004E4954004C5054494D5F57414B455F5300
:1096C000455256494345004C5054494D5F41505016
:1096D0004C595F53594E43004C5054494D5F5245CD
:1096E000414459005741544348444F475F494E490C
:1096F00054005741544348444F475F464545440052
:1097000053544F524147455F494E49540053544FBB
:10971000524147455F534552564943450053544FC4
:10972000524147455F52454C4541534500464155DE
:109730004C540052554E5F41435449564500414CEC
:109740004C4F575F49444C4500524551554952458D
:109750005F5341464500434F4E4E454354494E47A3
:1097600000564552494659494E47004155544845CF
:109770004E54494341544544004750494F20696E77
:1097800070757473204E46435F45443D2575005304
:10979000454C460025732050415353002573204605
:1097A00041494C207374617475733D256C7500528A
:1097B00054435F414C41524D5F41007C0052544341
:1097C0005F414C41524D5F42005254435F575554E4
:1097D00000455854493000455854493100455854C3
:1097E00049320045585449330045585449340045DE
:1097F000585449350045585449360045585449375E
:109800000045585449380045585449390045585482
:109810004931300045585449313100455854493197
:1098200032004558544931330045585449313400C9
:10983000455854493135004E42494F545F52490012
:109840004E46435F45440052454544004445425519
:10985000475F44525952554E00736F757263653DB0
:109860002573206D61736B3D30782530386C58203E
:109870007469636B3D256C750049676E6F72652076
:109880005254432077616B6520696E206661746174
:109890006C206E6F2D77616B652053544F500057CD
:1098A000616B6520736F757263652063616C6C62B8
:1098B00061636B3A2052544320636F756E743D258B
:1098C0006C75207261775F7274633D307825303833
:1098D0006C582070656E64696E673D30782530384D
:1098E0006C5820616C61726D5F666C6167733D30AE
:1098F000782530386C58002B51444E533A0046417D
:10990000494C005761697420666F72206E657477E8
:109910006F726B202874696D656F75743D256C7569
:109920006D73292E2E2E005B5B4174746163685D3C
:109930005D204E6574207175657279206661746171
:109940006C202870686173653D25732900706F6C09
:109950006C2023256C753A207175657279206661DB
:10996000696C6564202825642900706F6C6C202365
:10997000256C753A2070686173653D25732C204312
:1099800046554E3D25752C2043455245473D257390
:109990002C2043474154543D25752C2072656A653F
:1099A000637443617573653D25752C2049503D27CF
:1099B000257327005B5B4174746163685D5D204EB5
:1099C0006574776F726B2072656164792028656CAD
:1099D00061707365643D256C756D732C2069703DF5
:1099E00025732C20706F6C6C3D256C7529005B5BBA
:1099F0004174746163685D5D205553494D20706505
:109A0000726D616E656E74206572726F722C206764
:109A1000697665207570005B5B4174746163685D95
:109A20005D205553494D2073757370656E64656490
:109A3000206279206E6574776F726B202872656A78
:109A400065637443617573653D257529005B5B41F2
:109A500074746163685D5D205553494D207465726F
:109A60006D696E61746564206279206E6574776FCC
:109A7000726B202872656A65637443617573653D16
:109A8000257529004346554E3D302C2073656E6484
:109A90002041542B4346554E3D31005B5B4174746D
:109AA0006163685D5D205265676973747261746992
:109AB0006F6E2064656E69656420256C752074691D
:109AC0006D65732C20676976652075700044656E3E
:109AD0006965642028256C752F256C75292C206BF1
:109AE00065657020706F6C6C696E67005B5B4174BC
:109AF000746163685D5D207265676973746572691E
:109B00006E672074696D656F75742072656C61781D
:109B1000656420627920256C756D732028706F6CE8
:109B20006C3D256C752073747265616B3D256C7599
:109B3000206E657754696D656F75743D256C756D24
:109B40007329005B5B4174746163685D5D204E65E1
:109B500074776F726B20776169742074696D656FBB
:109B600075742028706F6C6C3D256C752C206C61B1
:109B7000737450686173653D25732C20656C61704A
:109B80007365643D256C756D732C20726567697310
:109B9000746572696E6753747265616B3D256C758F
:109BA0002C2067726163653D257529004F4646008C
:109BB00053656F756C20636D643A30782530327868
:109BC000005B5B4E46432D4C315D5D20636D643D13
:109BD00030782530325820666D743D30782530322B
:109BE0005820726561646F6E6C793D2575207061D7
:109BF00074656E745F6C323D2575207265636F729B
:109C000064436F756E743D257520636F6D6D3D25E2
:109C10007520626174746572793D307825303258F0
:109C2000002D2D2D2D2D2053656F756C20536E61E9
:109C30007073686F74202D2D2D2D2D006D6574654A
:109C40007249644263643D253032582530325825CC
:109C5000303258253032582072656164696E673D34
:109C6000256C75207265636F7264436F756E743D09
:109C70002575007265706F727454696D653D25308D
:109C800032752F253032752F253032752025303230
:109C9000753A253032753A25303275007265616447
:109CA000696E6754696D653D253032752F253032F8
:109CB000752F2530327520253032753A25303275B2
:109CC0003A253032750072656164696E675261775A
:109CD0003D2530325820253032582025303258204A
:109CE00025303258206D6574657249645261773D44
:109CF0002530325820253032582025303258202542
:109D0000303258006D65746572436F64653D30781C
:109D1000253032582063616C6962657244656369FD
:109D20006D616C3D30782530325820616C61726D08
:109D30005374617475733D30782530325800746502
:109D4000726D696E616C49643D2530325825303240
:109D50005825303258253032582066773D25752EEB
:109D6000257520666D743D30782530325800727349
:109D700072703D3078253034582061636B3D307807
:109D80002530325820636172726965723D307825E2
:109D9000303258206D6F64656D3D30782530325813
:109DA00020626174746572793D30782530325820B4
:109DB000636F6D6D3D30782530325800616C617293
:109DC0006D20626974733A206F766572666C6F7786
:109DD0003D257520726576657273653D2575206C2D
:109DE00065616B3D257500636F6D6D5374617465BE
:109DF0003D2573206D65746572496442653D307818
:109E00002530386C58004F7065726174696F6E61EF
:109E10006C206461746120636F6C6C656374696F3E
:109E20006E207374617274004F7065726174696F33
:109E30006E616C206461746120636F6C6C65637427
:109E4000696F6E20646F6E653A20706173733D2593
:109E50006C75206661696C3D256C75005065726992
:109E60006F646963206D657465722D77616B652021
:109E700073656C662D7465737420737461727400FD
:109E80004D4554455200506572696F646963206D99
:109E9000657465722D77616B652073656C662D74D2
:109EA00065737420646F6E653A20706173733D252D
:109EB0006C75206661696C3D256C75002323232336
:109EC0002323232323232323232323232323232362
:109ED000232323232072756E2077616B65206461D4
:109EE000746120636F6C6C656374696F6E002D2DF7
:109EF0002D2D2D2D2057616B6520646174612063C9
:109F00006F6C6C656374696F6E2066696E697368E7
:109F1000656420776974686F7574206661696C7513
:109F2000726573002121212121212057616B652059
:109F30006461746120636F6C6C656374696F6E201B
:109F4000636F6D706C657465642077697468206FE9
:109F50006E65206F72206D6F7265206661696C7529
:109F60007265730053544F50207265717565737438
:109F7000207570646174653A20707265763D257550
:109F8000206E65773D2575206E6F5F77616B653D4F
:109F900025752063616C6C65725F7469636B3D2528
:109FA0006C750073746F705F726571756573743D65
:109FB0002575206465636973696F6E3D2573206440
:109FC000697370617463683D256C75207175616C8F
:109FD0006966793D2575206E6F5F77616B653D25FC
:109FE00075004C534520435353206661756C7420B3
:109FF00064657465637465643A2052544320636CED
:10A000006F636B20736F7572636520737769746318
:10A01000686564202573202D3E2025732028524337
:10A02000432D3E4353523D30782530386C5829003B
:10A030007472616365206E66632065642069727165
:10A040002070656E64696E673D312077616B653D98
:10A05000257300454550524F4D0053656F756C2078
:10A0600025732073696E676C652D626C6F636B205E
:10A070007772697465206661696C20626C6B3D3033
:10A080007825303458207265743D25640053656F1F
:10A09000756C2025732073696E676C652D626C6F1B
:10A0A000636B207665726966792D726561642066DE
:10A0B00061696C20626C6B3D3078253034582072B9
:10A0C00065743D25640053656F756C20257320769B
:10A0D0006572696679206D69736D61746368206269
:10A0E0006C6B3D3078253034580053656F756C20AB
:10A0F0004E4445460053656F756C204E44454620DE
:10A10000454550524F4D20777269746520666169EC
:10A110006C65640053656F756C204E444546207530
:10A1200070646174656420636D643D253032582528
:10A13000303258206C656E3D2575207273705F62F9
:10A140006C6B3D307825303458207273705F626CD0
:10A150003D25752028454550524F4D2D6F6E6C7929
:10A16000290041444328767265663A256C752C2097
:10A17000766261743A256C752920566F6C74287666
:10A180006464613A256C756D562C20766261743A70
:10A19000256C756D562900526561644D756C746946
:10A1A000426C6F636B2072616E676520696E7661C9
:10A1B0006C69642073746172743D30782530345852
:10A1C00020626C6F636B733D257500526561644D51
:10A1D000756C7469426C6F636B2066616C6C626154
:10A1E000636B206661696C20626C6B3D3078253052
:10A1F0003458206964783D2575207265743D256466
:10A200000057726974654D756C7469426C6F636B4D
:10A210002072616E676520696E76616C6964207377
:10A22000746172743D30782530345820626C6F63ED
:10A230006B733D25750057726974654D756C746953
:10A24000426C6F636B2066616C6C6261636B20664D
:10A2500061696C20626C6B3D307825303458206920
:10A2600064783D2575207265743D2564004D6574E4
:10A2700065722055415254204C696E6520726561AB
:10A280006C2070726F626520737461727400544543
:10A290004D5000257320493243207265616C207057
:10A2A000726F62652073746172743A2061646472C3
:10A2B0003D3078253032580054203D2025642E252D
:10A2C00030326420432C205248203D2025642E2526
:10A2D0003032642025250052656164206572726FFA
:10A2E000720025732073657420253034752D253058
:10A2F00032752D2530327520253032753A253032B1
:10A30000753A25303275002530325820002020253E
:10A31000735B2530326C752E2E5D3A2025730073E9
:10A320006B6970206275696C642073656E6420646B
:10A33000617461006275696C64207365727669632B
:10A34000652073656E64206461746100736B69706D
:10A3500020736572766963652073656E642064613D
:10A360007461005361766564206D65746572207256
:10A3700065636F726420636F756E743A2564282577
:10A380007329004D53544F5200556E73656E7420FF
:10A390006D65746572207265636F726420636F759A
:10A3A0006E743A25752825732900257320202020F6
:10A3B000203A202573002B43434C4B3A0025642F51
:10A3C00025642F25642C25643A25643A2564256389
:10A3D00025640043434C4B20666F726D61742065A9
:10A3E00072726F723A205B25735D0043434C4B3AA7
:10A3F000206E6574776F726B2074696D65206E6F67
:10A40000742073796E63656420796574202879659A
:10A4100061723D32302530326429002B4346554E5F
:10A420003A004D65746572284E6F726D616C29201B
:10A4300055415254207265616C2070726F626520C4
:10A440007374617274004D65746572205541525485
:10A450002066756C6C2072652D696E697420646F5E
:10A460006E652028736574746C653D256C75206D70
:10A470007329004D657465722055415254207265F0
:10A48000706C79207265636569766564202825752E
:10A49000206279746573206D696E696D756D290030
:10A4A0004D657465722070726F6265207265737598
:10A4B0006C7420697320666F722073656C662D74EE
:10A4C000657374206F6E6C793B2073746F72616773
:10A4D000652070757368207375707072657373652D
:10A4E0006400105B015C16004E65756C00426F6F76
:10A4F000742062616E6E6572206465746563746554
:10A500006420286C656E3D257529002061667465A0
:10A510007220626F6F7473747261702D636F6D70EF
:10A520006C657465002B514C57455654494E443A5E
:10A53000005B5B53657276696365506C6174666F2E
:10A54000726D57616B655D5D20514C57455654499E
:10A550004E443D2564005B5B5365727669636550CC
:10A560006C6174666F726D57616B655D5D207265BD
:10A5700067697374726174696F6E20726574727941
:10A580002072657175657374656420627920555217
:10A59000433D2564005B5B53657276696365506C6F
:10A5A0006174666F726D57616B655D5D2044464FE7
:10A5B00054412D72656C61746564205552433D258C
:10A5C00064202D3E2073746F7020706C6174666F10
:10A5D000726D20545820666F72207468697320630E
:10A5E00079636C65005B5B53657276696365506C7B
:10A5F0006174666F726D57616B655D5D20706C6133
:10A6000074666F726D2D726561647920776169740B
:10A610002074696D656F75742573005265736F6C76
:10A620007665486F73743A2062616420686F737452
:10A630006E616D65206C656E3D256C750041542B17
:10A6400051444E533D302C25730D0A005265736FF3
:10A650006C7665486F73743A20636D642062756927
:10A660006C64206661696C00444E5320717565729C
:10A67000793A202573005265736F6C7665486F7365
:10A68000743A2052585F4954206661696C2028252D
:10A690006429005265736F6C7665486F73743A2055
:10A6A0005458206661696C2028256429005265731E
:10A6B0006F6C7665486F73743A205541525420652B
:10A6C0007272202872784C656E3D256C7529005297
:10A6D00065736F6C7665486F73743A20726573703A
:10A6E0006F6E7365206572726F7220706172736530
:10A6F0003D257320636D653D256C64207261773D57
:10A700005B25735D005265736F6C7665486F73747B
:10A710003A206C617465204F4B20646574656374E6
:10A720006564202872784C656E3D256C7529005251
:10A7300065736F6C7665486F73743A204F4B207465
:10A74000696D656F7574202872784C656E3D256C57
:10A75000752C207261773D5B25735D29005265730E
:10A760006F6C7665486F73743A205541525420657A
:10A77000727220696E20555243207761697420728D
:10A7800061773D5B25735D005265736F6C7665483C
:10A790006F73743A20696E76616C69642051444E1F
:10A7A0005320555243207261773D5B25735D004411
:10A7B0004E53204641494C20666F72202573202855
:10A7C0007472616E7369656E742900444E53204F34
:10A7D0004B3A202573202D3E202573005265736F60
:10A7E0006C7665486F73743A206C617465205144CF
:10A7F0004E53206465746563746564202573202D51
:10A800003E202573005265736F6C7665486F7374D4
:10A810003A205552432074696D656F757420287213
:10A82000784C656E3D256C752C207261773D5B25FB
:10A83000735D29003D3D3D3D20444E5320726573BC
:10A840006F6C76652073746172743A202573203DB5
:10A850003D3D3D00444E5320617474656D7074201D
:10A86000256C7520287472793D256C752F256C75C3
:10A8700029003D3D3D3D20444E53207265736F6C71
:10A880007665643A202573202D3E202573202861AB
:10A890007474656D7074733D256C752C20656C61E6
:10A8A000707365643D256C756D7329203D3D3D3D9C
:10A8B00000444E5320666174616C20286174746595
:10A8C0006D70743D256C752900444E5320554152DE
:10A8D000542065727220636F756E743D256C75002F
:10A8E000444E532061626F72743A20554152542095
:10A8F00070657273697374656E74003D3D3D3D20F3
:10A90000444E53204641494C45443A202573202863
:10A91000746F74616C417474656D7074733D256CF3
:10A92000752C20656C61707365643D256C756D7365
:10A9300029203D3D3D3D00444E532072657472799F
:10A9400020616674657220256C756D7320287374A0
:10A95000617475733D25642900526573706F6E7361
:10A960006520636F6D706C6574656420617420662A
:10A97000756C6C20627566666572202872784C650D
:10A980006E3D257529004C6174652D6465746563A1
:10A9900074656420726573706F6E7365206F6E20CE
:10A9A00074696D656F7574202872784C656E3D25ED
:10A9B00075290041540D0A004E422D496F5420550F
:10A9C0004152542070726F6265207374617274001A
:10A9D000636D642825732920726574727920256C53
:10A9E000752F256C7520287374617475733D25640B
:10A9F00029002573205458202573002573202573C2
:10AA00002073656E64206661696C202873746174BC
:10AA100075733D256429002573202573206E6F749E
:10AA2000204F4B202870617273653D2573290025E6
:10AA300073202573204F4B00747261636520636F30
:10AA40006D703D25732025732D3E2573206275732F
:10AA5000793A25752D3E2575206576743A25752D34
:10AA60003E2575207374617475733D256C750025E2
:10AA7000732052544320696E76616C6964202D3EC8
:10AA80002025730025732064697361626C656420FE
:10AA900028706572696F643D302900257320656EEA
:10AAA00061626C656420706572696F643D257568CC
:10AAB000206D6F64653D706572696F642D6F6666A9
:10AAC000736574206E6578743D256C752025303271
:10AAD0006C753A2530326C753A2530326C752062CF
:10AAE0006173655F6F66667365743D256C75207371
:10AAF00070726561643D256C75206A697474657255
:10AB00003D256C75002573206E696768742D6F6E26
:10AB10006C7920676174653A2070756C6C2D696E74
:10AB2000206E6578742064756520256C752025304D
:10AB3000326C753A2530326C75202D3E20256C75AF
:10AB4000202530326C753A2530326C750025732023
:10AB5000616C61726D20636F6E73756D6520256C1D
:10AB600075202530326C753A2530326C753A2530B7
:10AB7000326C75202D3E206E6578743D256C7520F5
:10AB80002530326C753A2530326C753A2530326C8E
:10AB90007520706572696F643D257568206D6F64FE
:10ABA000653D706572696F642D6F666673657400CC
:10ABB00025732064756520256C75202530326C75F1
:10ABC0003A2530326C753A2530326C75202D3E2096
:10ABD0006E6578743D256C75202530326C753A258C
:10ABE00030326C753A2530326C7520706572696F41
:10ABF000643D257568206D6F64653D706572696F91
:10AC0000642D6F6666736574005B5B4E46432D4131
:10AC10005554485D5D20696E646963617465207296
:10AC20007370207772697465206661696C20626C4C
:10AC30006B3D307825303458207265743D256400B2
:10AC40005B5B4E46432D415554485D5D20696E6403
:10AC5000696361746520727370207261773D25307D
:10AC600032582025303258202530325820253032B5
:10AC700058007472616365206E666320726573703C
:10AC800061796C6F61642072617720626C6B3D301A
:10AC90007825303458206C656E3D257520627974B6
:10ACA00065733D253032582025303258202530320A
:10ACB0005820253032580055434D4420777269742E
:10ACC00065207061796C6F6164206661696C656490
:10ACD00020626C6B3D307825303458207265743DAD
:10ACE000256420626C6F636B733D2575007472611F
:10ACF0006365206E666320636D6420737461747590
:10AD0000732072617720626C6B3D30782530345847
:10AD10002062797465733D253032582025303258D1
:10AD200020253032582025303258005265675F5256
:10AD30006561642054582065727220626C6B3D30EE
:10AD4000782530345820726567613D30782530327F
:10AD5000582072657472793D25752068616C3D25B7
:10AD600064206572723D30782530386C58207374D9
:10AD70006174653D256C75005265675F526561645D
:10AD800020545820726574727920626C6B3D307863
:10AD90002530345820726567613D3078253032584F
:10ADA0002072657472793D25752068616C3D25645B
:10ADB000206572723D30782530386C58207374618C
:10ADC00074653D256C75005265675F52656164204E
:10ADD00052582065727220626C6B3D307825303499
:10ADE0005820726567613D30782530325820726591
:10ADF0007472793D25752068616C3D25642065720B
:10AE0000723D30782530386C582073746174653D1C
:10AE1000256C75005265675F526561642052582049
:10AE2000726574727920626C6B3D307825303458CD
:10AE300020726567613D3078253032582072657424
:10AE400072793D25752068616C3D256420657272BC
:10AE50003D30782530386C582073746174653D2519
:10AE60006C750055434D442073796E632D72656196
:10AE7000642061636B20737461747573303D307846
:10AE8000253032580055434D442073796E632D723E
:10AE90006561642061636B2074696D656F757420F2
:10AEA000737461747573303D307825303258005BAF
:10AEB0005B4E46432D415554485D5D2073796E636A
:10AEC0002D726561642061636B20737461747573A6
:10AED000303D307825303258005B5B4E46432D4183
:10AEE0005554485D5D2073796E632D7265616420F1
:10AEF00061636B2074696D656F7574207374617420
:10AF00007573303D307825303258005265675F5791
:10AF1000726974652065727220626C6B3D307825B1
:10AF200030345820726567613D30782530325820C2
:10AF30006D61736B3D3078253032582076616C3D01
:10AF40003078253032582072657472793D2575202D
:10AF500068616C3D2564206572723D30782530381B
:10AF60006C582073746174653D256C75005265677B
:10AF70005F577269746520726574727920626C6BB8
:10AF80003D30782530345820726567613D30782532
:10AF9000303258206D61736B3D3078253032582047
:10AFA00076616C3D30782530325820726574727944
:10AFB0003D25752068616C3D2564206572723D30C9
:10AFC000782530386C582073746174653D256C7534
:10AFD00000536B6970207374616E646279207072C3
:10AFE00065706172653A2073746174653D25750002
:10AFF000456E746572205374616E64627920283CDA
:10B00000367541292E204E4643206669656C6420C2
:10B0100077616B657570204F4B2E004E5450353361
:10B02000333231207374616E64627920656E7465A9
:10B03000726564206265666F7265204D43552053CA
:10B04000544F5000456E746572205374616E646293
:10B0500079204641494C454420287265743D256459
:10B0600029004E54503533333231207374616E648D
:10B07000627920656E746572206661696C65642012
:10B080006265666F7265204D43552053544F5020C2
:10B090007265743D256400457869745374616E640B
:10B0A000627920726561647920776169743A206EF3
:10B0B0006F7420726561647920617474656D707459
:10B0C0003D25752F25752068616C3D2564206572CE
:10B0D000723D30782530386C582073746174653D4A
:10B0E000256C7500457869745374616E64627920CB
:10B0F00072656164792077616974206661696C6545
:10B100006420617474656D70743D25752F257520FC
:10B1100068616C3D2564206572723D307825303859
:10B120006C582073746174653D256C7500457869B1
:10B13000745374616E6462793A20493243207265B7
:10B1400061647920706F6C6C696E67206661696CF0
:10B15000656420287265743D25642900457869740A
:10B160005374616E6462793A204932432073746982
:10B170006C6C20756E617661696C61626C6520280B
:10B180007265743D25642900457869745374616E55
:10B190006462793A20535441545553303D307825F8
:10B1A00030325820535441545553313D3078253076
:10B1B00032580020205643435F4F4B3D2564204EBC
:10B1C00046435F4649454C443D2564205643435F12
:10B1D000424F4F543D2564204E46435F424F4F54EB
:10B1E0003D256400457869745374616E646279200A
:10B1F0004F4B005B5B4E46432D415554485D5D20EF
:10B2000025732073746174653D25732073657373B2
:10B21000696F6E5F76616C69643D25752066616952
:10B220006C3D257520656C61707365643D256C759A
:10B230002074696D656F75743D256C75286469733C
:10B2400061626C656429002028666174616C2F6EF0
:10B250006F2D77616B6529004E4F4E450057617425
:10B2600065724C696E6B2057617465725465726DBE
:10B27000696E616C00426F6F743A202573207625E9
:10B280007300535953005359533D256C752048435F
:10B290004C4B3D256C752050434C4B313D256C7516
:10B2A0002050434C4B323D256C75204D53493D2574
:10B2B0006C750052544320636C6F636B20736F7521
:10B2C0007263653A2061745F626F6F743D2573200D
:10B2D00063757272656E743D2573204C53455244FC
:10B2E000593D257520285243432D3E4353523D304E
:10B2F000782530386C582900446576696365205597
:10B30000494420686173683D30782530386C5800B6
:10B310004C5020706F6C6963792072656164793A72
:10B32000205357443D256C750053544F502077618E
:10B330006B6520706572696F643D256C75206D7357
:10B340002028257329004C534520727463207761AF
:10B350006B657570005553415254312064656275B8
:10B360006720636F6E736F6C65207265616479200E
:10B37000617420256C752062617564004442470049
:10B38000555341525432206D657465722072656167
:10B39000647920617420256C752062617564004CAD
:10B3A000505541525431204E42496F5420726561CC
:10B3B000647920617420256C752062617564004990
:10B3C000324332204E4643207265616479206174B5
:10B3D0002025734B687A00736C6F74310072756E40
:10B3E0006E696E6720696D6167653D257328256C00
:10B3F00075292073746174653D25732061637469D8
:10B4000076653D256C752070656E64696E673D25B7
:10B410006C75003D3D3D3D3D3D3D3D3D3D3D3D3D32
:10B420003D3D3D3D3D3D3D3D3D3D3D3D3D3D3D3D4C
:10B430003D3D3D3D3D3D3D3D3D3D3D002020535486
:10B440004D33324C30373320426F6F7420496E6673
:10B450006F726D6174696F6E005B52657365742005
:10B46000466C6167735D205243435F435352203DF6
:10B470002030782530386C580020202D204C6F77F4
:10B4800020506F7765722052657365740020202DFF
:10B49000202A2A2A20575744472052657365742072
:10B4A0002A2A2A0020202D2049574447205265731C
:10B4B00065740020202D20536F66747761726520BB
:10B4C00052657365740020202D20506F7765722DB2
:10B4D0004F6E2052657365742028504F522F504490
:10B4E00052290020202D204E5253542050696E20A6
:10B4F00052657365740020202D204F7074696F6E43
:10B500002042797465204C6F6164657220526573C6
:10B510006574005B4261636B757020526567697387
:10B52000746572735D002020424B503052203D20E4
:10B5300030782530386C58002020424B5031522052
:10B540003D2030782530386C58002020424B503256
:10B5500052203D2030782530386C58002020424B56
:10B56000503352203D2030782530386C5800202050
:10B57000424B503452203D2030782530386C5800F2
:10B5800020202D2D3E2041626E6F726D616C207403
:10B5900065726D696E6174696F6E206279205757AC
:10B5A0004447210020202D2D3E20526573657420D4
:10B5B00066726F6D2070726576696F7573206E6F3D
:10B5C000726D616C206F7065726174696F6E0020BE
:10B5D000202D2D3E204261636B757020646F6D617C
:10B5E000696E20636C65617265642028504F52203B
:10B5F0006F722056424154206C6F737429002020D2
:10B600002D2D3E20556E6B6E6F776E2076616C75BA
:10B6100065002020424B503152203D2030782530AB
:10B62000386C5820202D2D3E20456D657267656E63
:10B6300063792073617665642064617461005B45A1
:10B6400057445420446961676E6F7369735D0020CD
:10B65000202D2D3E2045787465726E616C205761F7
:10B66000746368646F672845574454292052657392
:10B67000657420434F4E4649524D45442028666527
:10B68000656420696E74656E74696F6E616C6C7947
:10B690002073746F70706564290020202D2D3E206A
:10B6A0004E5253542D6F6E6C792072657365742001
:10B6B0002865787465726E616C2077617463686464
:10B6C0006F67202F206D616E75616C202F2064657F
:10B6D000627567676572202D20756E636F6E66698F
:10B6E000726D656429005B57574447204469616760
:10B6F0006E6F7369735D00202045574920656D6545
:10B700007267656E63792068616E646C657220652E
:10B7100078656375746564207375636365737366B8
:10B72000756C6C792E0020204C61737420737461E9
:10B7300074757320636F64653A2030782530386CF7
:10B740005800202057574447207265736574206F56
:10B75000636375727265642C20627574206E6F204D
:10B760004557492068616E646C657220747261632C
:10B770006520666F756E642E0020202D2D3E2045BD
:10B780005749207761732064697361626C65642036
:10B790006F72207265736574206F63637572726572
:10B7A00064206265666F72652063616C6C626163C0
:10B7B0006B2E00454550524F4D2064657669636598
:10B7C000206366673A20616464726573733A307807
:10B7D0002530386C782C2073697A653A256C75624F
:10B7E0007974652C20736C6F7428636F756E743A6E
:10B7F00025752C2073697A653A256C7562797465B4
:10B800002900454550524F4D206F7074696F6E731B
:10B810003A20616464726573733A30782530386C0D
:10B82000782C2073697A653A256C75627974652C79
:10B8300020736C6F7428636E743D25752C207369BA
:10B840007A653D256C7562797465290045455052CD
:10B850004F4D2072657365727665643A2061646449
:10B86000726573733A30782530386C782C207369A0
:10B870007A653A256C756279746500454550524F7A
:10B880004D206D65746572206D61703A206164644D
:10B89000726573733A30782530386C782C20736970
:10B8A0007A653A256C75627974650020206D65743F
:10B8B000613A20616464726573733A307825303878
:10B8C0006C782C2073697A653A256C756279746599
:10B8D0002C20736C6F7428636F756E743A25642C1A
:10B8E0002073697A653A256C756279746529002040
:10B8F000207265636F72643A206164647265737369
:10B900003A30782530386C782C2073697A653A257E
:10B910006C75627974652C20736C6F7428636F7515
:10B920006E743A25642C2073697A653A256C7562C9
:10B930007974652900496E69743A2049324320724E
:10B94000656164204641494C454420287265743D38
:10B950002564290047657420434320426C6F636B64
:10B960003A202530325820253032582025303258A0
:10B970002025303258004343204D616769632046DB
:10B9800041494C3A2030782530325820286578706B
:10B990006563746564203078253032582900436629
:10B9A000672053796E63204461746120426C6F6339
:10B9B0006B2041646472004765742053796E634460
:10B9C000617461426C6F636B3A20253032582025D8
:10B9D0003032582025303258202530325800476503
:10B9E0007420436F6E66696720426C6F636B3A2008
:10B9F0002530325820253032582025303258202525
:10BA000030325800456E61626C65205352414D00E2
:10BA10004544206D6F6465203D20307825303258D4
:10BA20002028257329004669656C64204465746587
:10BA30006374004E5450353333323120696E69746B
:10BA400069616C697A656400496E697469616C69E1
:10BA50007A656420417574682874696D656F7574C2
:10BA60003D256C75206D7329005B5B4E46432D416F
:10BA70005554485D5D2061757468206D6F64756C08
:10BA8000652072656164792074696D656F75743DB8
:10BA9000256C752072657472793D756E6C696D697F
:10BAA000746564004C6F7720706F776572206D61EC
:10BAB0006E6167657220696E697469616C697A6527
:10BAC000640043616C6C6261636B732072656769CB
:10BAD000737465726564005B5B4E46432D4C315D4B
:10BAE0005D2053656F756C20666F726D617420699F
:10BAF0006E697420666D743D30782530325820723E
:10BB00006561646F6E6C793D257520706174656E3A
:10BB1000745F6C323D25750053657445444D6F6408
:10BB200065204641494C454420287265743D256492
:10BB300029005352414D2054616720777269746522
:10BB4000206661696C007472616365206E666320B3
:10BB50006D6F64756C6520696E697420646F6E65C5
:10BB60002072656164793D25750046534D207265EC
:10BB70006164793A2071756575653D25752073742A
:10BB80006174653D257300496E697469616C20615B
:10BB900074746163682F73656C66746573742F7257
:10BBA00065706F727420616E642077616B652072BE
:10BBB00065706F727420726F7574696E657320643E
:10BBC000656C65676174656420746F2046534D0031
:10BBD0004170706C69636174696F6E207265616435
:10BBE000793A20626F6F743D256C752F256C752036
:10BBF00073746F705F7265713D257500426F6F746D
:10BC0000204E42496F54206F6666736574206465E8
:10BC10006C61793D256C75206D73202875696448C9
:10BC20006173683D30782530386C5829004D4149A2
:10BC30004E0046534D2072756E206661696C6564D6
:10BC40003A207374617475733D256C750069646C7A
:10BC500065206761746520666F726365643A20646D
:10BC6000697370617463683D256C752064656369F0
:10BC700073696F6E3D25732073746F705F726571A9
:10BC80003D25750053544F50207175616C6966797C
:10BC90003A20737465703D25752F257520646563A2
:10BCA0006973696F6E3D25732069646C653D256C11
:10BCB000752064697370617463683D256C75005309
:10BCC000544F502068616E646F66663A2073746FDB
:10BCD000703D2575206E6F5F77616B653D25752022
:10BCE0007175616C6966793D25752064656369735A
:10BCF000696F6E3D25732069646C653D256C752008
:10BD000064697370617463683D256C7500456E7479
:10BD100065722053544F50206D6F646525732072F7
:10BD20007463436C6F636B536F757263653D25730A
:10BD300020285243432D3E4353523D30782530381E
:10BD40006C582900666174616C206E6F2D77616B91
:10BD5000652053544F503A20706572696F6469636F
:10BD6000205254432077616B652064697361626C73
:10BD70006564005B5B416C61726D41286D65746543
:10BD800072295D5D00416C61726D4120636F6E666A
:10BD90006967757265206661696C6564202D3E2057
:10BDA0007265636F766572792066616C6C6261633F
:10BDB0006B2063616E6469646174652028737461CB
:10BDC0007475733D256C6429005B5B416C61726D19
:10BDD00042287478295D5D00416C61726D42206378
:10BDE0006F6E666967757265206661696C6564204F
:10BDF0002D3E207265636F766572792066616C6C8A
:10BE00006261636B2063616E64696461746520289C
:10BE10007374617475733D256C64290053544F50DD
:10BE20002064656665727265642073686F72742041
:10BE30005755543A256C7573206B6570742077697B
:10BE4000746820616C61726D7320413D25752042DC
:10BE50003D25750044656665727265642073686F80
:10BE600072742057555420636F6E666967757265EA
:10BE7000206661696C656420287374617475733D14
:10BE8000256C64290053544F5020736368656475B2
:10BE90006C656420616C61726D733A20413D25755B
:10BEA00020423D25752028575554206469736162EE
:10BEB0006C656420696E206E6F726D616C206F70AE
:10BEC00065726174696F6E290053544F502073631B
:10BED000686564756C656420616C61726D733A208D
:10BEE000413D257520423D257520776974682064A1
:10BEF000656665727265642073686F727420575549
:10BF0000543D256C75730053544F5020646566652D
:10BF1000727265642073686F727420575554206F75
:10BF20006E6C793A256C757300525443436F6E669C
:10BF3000696775726557616B65757054696D657277
:10BF40002066616C6C6261636B2028746573742F6A
:10BF500064656275672F7265636F76657279206FAD
:10BF60006E6C7929005254432057555420696E69EC
:10BF70007469616C20646576696365206F666673B9
:10BF80006574206170706C6965643A20256C752059
:10BF90007365632028756964486173683D3078254E
:10BFA00030386C582900527463436F6E6669677548
:10BFB000726557616B65757054696D657200535495
:10BFC0004F5020706572696F6469632066616C6CA4
:10BFD0006261636B3A256473004E6F20416C61723D
:10BFE0006D412F4220636F6E6669677572656420CC
:10BFF000616E6420706572696F6469632066616C4C
:10C000006C6261636B2073757070726573736564C5
:10C01000005B5B536C6565705D5D2053544F502031
:10C0200045787465726E616C20696E7465726661C4
:10C0300063652070696E7328554152542C20493233
:10C04000432C206770696F732E2E29006265666F1E
:10C0500072652053544F50207374617475733D257D
:10C060006C750073797374656D507265706172657B
:10C07000466F7253746F700053544F502063616E5B
:10C080006469646174653D256C75207175616C3DF2
:10C0900025752069646C653D256C7520736C65653C
:10C0A000703D256C752073746F703D256C75206430
:10C0B000727972756E3D25750053544F5020656E30
:10C0C00074657220707265703A207274635F626585
:10C0D000666F72653D256C6C75206F6C645F77616F
:10C0E0006B655F6D61736B3D30782530386C58201F
:10C0F00070656E64696E675F666C6167733D30780A
:10C100002530386C580061667465722053544F5066
:10C11000207374617475733D256C752077616B6550
:10C120003D257300457869745374616E64627920AB
:10C1300061667465722077616B65206661696C6504
:10C1400064207265743D2564004E5450353333329B
:10C150003120657869746564207374616E646279F6
:10C160002061667465722077616B650041444320ED
:10C17000726573746F7265206166746572205354C2
:10C180004F502077616B65206661696C65643A2069
:10C190007374617475733D256C7500666174616CB0
:10C1A000206E6F2D77616B652053544F5020776F51
:10C1B0006B6520756E65787065637465646C792055
:10C1C0002D3E2072652D656E7465722053544F505C
:10C1D0000057616B652070656E64696E6720666CE0
:10C1E0006167733D30782530386C582825732920D5
:10C1F0007261775F7274633D30782530386C5820F7
:10C200007261775F657874693D30782530386C5895
:10C210000052544320416C61726D20412077616B64
:10C220006520636F756E743D256C75005254432014
:10C23000416C61726D20422077616B6520636F7580
:10C240006E743D256C750057616B652857555429F0
:10C250002052544320636C6F636B20736F7572635D
:10C26000653D25730049676E6F72652045585449D6
:10C270002077616B652070696E6D61736B3D3078FE
:10C280002530345820696E20666174616C206E6FB1
:10C290002D77616B652053544F500057616B6520BB
:10C2A000736F757263652063616C6C6261636B3A76
:10C2B00020455854492070696E6D61736B3D30782C
:10C2C00025303458207261775F657874693D307825
:10C2D0002530386C582070656E64696E673D307823
:10C2E0002530386C5800556E68616E646C6564204A
:10C2F000455854492077616B652070696E6D617394
:10C300006B3D3078253034580057616B6520707272
:10C310006F63657373656420666C6167733D307825
:10C320002530386C582825732920736F7572636522
:10C330005F636F756E743D25750057616B65207581
:10C340006E68616E646C656420666C6167733D3015
:10C35000782530386C582825732900736F757263FF
:10C360006520636E743A2025640020204D756C743E
:10C3700069706C652077616B65757020736F75727D
:10C380006365732064657465637465643A2025642D
:10C3900000202050726F63657373656420666C6162
:10C3A00067733A2030782530386C5800202052616D
:10C3B0007720726567697374657273202D205254FB
:10C3C000433A2030782530386C582C204558544951
:10C3D0003A2030782530386C580053544F5020653F
:10C3E0007869742077616B653D25732C206D6173CE
:10C3F0006B3D257820636F756E743D256C752074D8
:10C4000069636B3D256C750053544F5020656E7405
:10C4100072792F65786974206661696C65643A2069
:10C420007374617475733D256C75005746490045FA
:10C430006E746572696E672069646C6520706174E2
:10C44000683A206D6F64653D25732073746F705F6B
:10C450007265713D25752069646C653D256C75209C
:10C4600064697370617463683D256C75002B7E157B
:10C470001628AED2A6ABF7158809CF4F3C0042551F
:10C480005A5A0043524300414443004D45544552DB
:10C490005F4C494E450045574454007570646174C3
:10C4A000655F72657100747269616C00636F6E66BE
:10C4B00069726D656400726F6C6C6261636B004DD4
:10C4C000656D5F577269746520657272206164647E
:10C4D000723D307825303458206C656E3D257520CE
:10C4E00072657472793D25752068616C3D25642004
:10C4F0006572723D30782530386C582073746174E1
:10C50000653D256C75004D656D5F577269746520DA
:10C51000726574727920616464723D3078253034BC
:10C5200058206C656E3D25752072657472793D25C5
:10C53000752068616C3D2564206572723D307825F8
:10C5400030386C582073746174653D256C75004DEE
:10C55000656D5F526561642065727220616464720A
:10C560003D3078253034582072657472793D2575D8
:10C570002068616C3D2564004D656D5F52656164A6
:10C5800020726574727920616464723D3078253060
:10C5900034582072657472793D25752068616C3D50
:10C5A000256400726F6C6C696E67007374617469E6
:10C5B000630053756363657373204D657465722002
:10C5C00070617273696E672E002D2D2D2D2D204DFB
:10C5D0006574657220556E696F6E2044756D7020AC
:10C5E0002D2D2D2D2D0053746172743120202020AB
:10C5F00020203A20307825303258004C5F4669655B
:10C600006C6431202020203A2030782530325800C8
:10C610004C5F4669656C6432202020203A203078D7
:10C62000253032580053746172743220202020204B
:10C63000203A2030782530325800435F4669656CD7
:10C640006420202020203A203078253032580041C4
:10C650005F4669656C6420202020203A20307825D0
:10C660003032580043495F4669656C6420202020C1
:10C670003A20307825303258004D44482020202080
:10C6800020202020203A203078253032580049647C
:10C69000656E744E7220726177203A2025303258D0
:10C6A000202530325820253032582025303258008D
:10C6B0005374617475732020202020203A20307834
:10C6C00025303258004449462020202020202020B8
:10C6D000203A203078253032580056494620202014
:10C6E0002020202020203A20307825303258004465
:10C6F00061746120726177202020203A2025303239
:10C7000058202530325820253032582025303258D4
:10C7100000436865636B53756D202020203A2030FC
:10C7200078253032580053746F702020202020204C
:10C7300020203A20307825303258002D2D2D2D2DF7
:10C740002D2D2D2D2D2D2D2D2D2D2D2D2D2D2D2D19
:10C750002D2D2D2D2D2D2D004964656E744E7220CA
:10C76000202020203A2030782530386C5820282589
:10C7700030386429004D6561737572656D656E743E
:10C78000203A2030782530386C58202825303864FD
:10C7900029004E6F74207965742072656164792078
:10C7A00072746300726563207365713D2575207333
:10C7B00072633D25732825752920666C6167733D7A
:10C7C0003078253032582074733D253032752F254E
:10C7D0003032752F2530327520253032753A2530AC
:10C7E00032753A25303275004449474954414C5F0F
:10C7F00055415254007265632069643D256C752073
:10C8000072656164696E673D256C752063616C6457
:10C8100065633D30782530325820737461747573C8
:10C820003D30782530325820626174743D3078256F
:10C8300030325820747970653D3078253032582078
:10C840006372633D307825303258207273763D3004
:10C8500078253032580072656320666C6167733AE0
:10C860002076616C69643D25752073656E743D2585
:10C87000752074696D655F76616C69643D2575200E
:10C8800072656164696E675F76616C69643D257588
:10C89000206F766572666C6F773D257520726576C0
:10C8A000657273653D2575206C65616B3D2575204E
:10C8B0006C6F775F626174743D257500536B6970AE
:10C8C00020736176696E672E20496E76616C6964AB
:10C8D000206461746574696D65005265636F72648C
:10C8E0002063757272656E7420736176656420636F
:10C8F0006F756E743D25752F257528257329005297
:10C9000065636F7264207361766520636F756E7402
:10C910003D25752F25752825732900557064617490
:10C9200065206E6663206D6574657220696E666F42
:10C930002E004C697665206D6574657220736E619A
:10C940007073686F74207265666C656374656420CB
:10C95000696D6D6564696174656C79004661696CC7
:10C96000204D657465722070617273696E67282549
:10C9700064290025303458203A005B5B4E46432D35
:10C98000415554485D5D207472616365206E666335
:10C9900020727370207772697474656E20626C6B9C
:10C9A0003D307825303458206C656E3D2575206209
:10C9B000797465733D253032582025303258202552
:10C9C0003032582025303258005B5B4E46432D41B3
:10C9D0005554485D5D207374617475733D307825DE
:10C9E000303278207772697474656E002573202563
:10C9F0007320736B6970706564202873746174753B
:10CA0000733D256429004E42496F5420496E697474
:10CA10000053796E6368726F6E697A696E6720740D
:10CA2000696D652066726F6D206E6574776F726BCD
:10CA30002E2E2E0043434C4B2073656E642066619E
:10CA4000696C20287374617475733D25642C2072A1
:10CA5000784C656E3D2575290043434C4B20706131
:10CA6000727365206661696C202861745374617407
:10CA700075733D25732C207261773D5B25735D29AD
:10CA80000043434C4B20726574727920256C752FDE
:10CA9000256C7520287374617475733D25642900B5
:10CAA00054696D652073796E63206661696C656495
:10CAB00020287374617475733D2564290054696D71
:10CAC000652073796E6320646F6E650075706461B4
:10CAD00074653A206E6F206368616E67652C207301
:10CAE0006B69702077726974650075706461746534
:10CAF0003A207772697465206E6577206F7074696B
:10CB00006F6E730041542B4E554553544154533D61
:10CB100043454C4C0D0A004E554553544154532047
:10CB200073656E64206661696C2028737461747526
:10CB3000733D25642C2072784C656E3D2575290067
:10CB40004E554553544154532074696D656F757447
:10CB50002C20746F6F2073686F7274202872784C69
:10CB6000656E3D257529004E55455354415453205B
:10CB700074696D656F757420627574206461746189
:10CB80002070726573656E74202872784C656E3DF6
:10CB90002575292C207472792070617273650025C7
:10CBA000642C25642C25642C25642C25642C256498
:10CBB0002C2564004E554553544154533A43454C3B
:10CBC0004C2C0045415246434E3A2025752C2050AE
:10CBD00043493A2025752C205072696D6172793A6B
:10CBE0002025750052535349203A20256420644281
:10CBF0006D0052535250203A2025642064426D004B
:10CC000052535251203A20256420644200534E5220
:10CC100020203A2025642064420042455220203AD8
:10CC20002025752028726573657276656429005128
:10CC300055414C495459004E554553544154533A6B
:10CC4000206E6F2063656C6C20696E666F2079655D
:10CC50007420286E6F742063616D70656429004EC6
:10CC60005545535441545320706172736520666179
:10CC7000696C20287374617475733D25642C20726F
:10CC8000784C656E3D257529005175616C69747924
:10CC900020726574727920256C752F256C7520289B
:10CCA0007374617475733D256429005175616C69F5
:10CCB0007479206665746368206661696C656420B8
:10CCC000287374617475733D25642900494D454985
:10CCD00000494D454920726574727920256C752F85
:10CCE000256C7520287374617475733D2564290063
:10CCF000494D4549206665746368206661696C65C5
:10CD00006420287374617475733D25642900494D4E
:10CD1000534900494D534920726574727920256C3E
:10CD2000752F256C7520287374617475733D2564A7
:10CD30002900494D5349206665746368206661691E
:10CD40006C656420287374617475733D25642900D3
:10CD50005745414B005354524F4E47005B5B536560
:10CD60007276696365506C6174666F726D57616B42
:10CD7000655D5D2073746172742028666173742D23
:10CD800070617468206F6E6C7929007369676E61D9
:10CD90006C207374617465202573202D3E202573EB
:10CDA0002028525353493D256420525352503D256B
:10CDB0006429005B5B53657276696365506C6174CE
:10CDC000666F726D57616B655D5D0041542B514C10
:10CDD0005745504E533F0041542B514C5745504EF0
:10CDE000533F0D0A0041542B514C574D4253505361
:10CDF0003F0041542B514C574D425350533F0D0A65
:10CE00000041542B51424F4F545354524150484FBC
:10CE10004C444F46463F0041542B51424F4F5453D0
:10CE200054524150484F4C444F46463F0D0A005B18
:10CE30005B5365727669636554785D5D005B5B5337
:10CE4000657276696365506C6174666F726D576167
:10CE50006B655D5D20616C72656164792D726567DB
:10CE6000697374657265642066617374207061749F
:10CE700068206869740041542B514C575352454700
:10CE8000494E443D300041542B514C575352454775
:10CE9000494E443D300D0A005B5B53657276696311
:10CEA00065506C6174666F726D57616B655D5D2076
:10CEB000726567697374657220617474656D7074EE
:10CEC00020256C752F256C75206661696C65642062
:10CED000287374617475733D25642C2072657472B7
:10CEE000793D25752900257320706C6174666F7219
:10CEF0006D207265676973746572206661696C651F
:10CF000064206F6E20617474656D707420256C757B
:10CF10002F256C7520287374617475733D25642901
:10CF20000041542B514C57554C4441544145583DB8
:10CF300025752C002C3078303130302C25750D0AB9
:10CF4000005B5B53657276696365506C6174666FF4
:10CF5000726D57616B655D5D20514C57554C444176
:10CF6000544145582073656E64206C656E3D25758F
:10CF7000207365713D2575206D6F64653D30783097
:10CF80003130300041542B514C57554C44415441A1
:10CF90005354415455533F0D0A002B514C57554C97
:10CFA000444154415354415455533A005B5B5365DB
:10CFB0007276696365506C6174666F726D57616BF0
:10CFC000655D5D20514C57554C444154415354418B
:10CFD0005455533D2564207365713D2564005B5BAA
:10CFE00053657276696365506C6174666F726D57D4
:10CFF000616B655D5D20514C57554C444154415324
:10D0000054415455532074696D656F757420736570
:10D01000713D257500257320706C6174666F726DAB
:10D020002073656E64206661696C6564206F6E2094
:10D03000617474656D707420256C752F256C752076
:10D04000287374617475733D2564290025732073FA
:10D05000746F726167652073656E742D6D61726B9C
:10D06000206661696C656420287374617475733D12
:10D07000256C642C207265636F7264733D2575297D
:10D080000025732073746F72616765206D61726B28
:10D0900065642073656E7420287265636F726473B3
:10D0A0003D25752C2072656D61696E3D25752900E1
:10D0B000257320506C6174666F726D53656E645297
:10D0C0006573756C743A2073656E743D25752073B5
:10D0D00065713D257520636F6E6669726D65643D8F
:10D0E0003100706172616D206170706C6965643AC5
:10D0F000207265706F7274506572696F643D25753A
:10D1000068206E696768744F6E6C793D257520776D
:10D11000696E646F773D253032757E25303275003B
:10D12000232D302B2000686C4C0065666745464710
:10D130000030313233343536373839414243444593
:10D140004600303132333435363738396162636402
:10D15000656600412D46612D6638393031323334F1
:10D160003536375D002B2D00785800002020202018
:10D170002020202020282828282820202020202087
:10D180002020202020202020202020208810101067
:10D1900010101010101010101010101004040404BF
:10D1A0000404040404041010101010101041414134
:10D1B000414141010101010101010101010101019F
:10D1C0000101010101010110101010101042424232
:10D1D000424242020202020202020202020202026F
:10D1E00002020202020202101010102000000000D1
:10D1F000000000000000000000000000000000002F
:10D20000000000000000000000000000000000001E
:10D21000000000000000000000000000000000000E
:10D2200000000000000000000000000000000000FE
:10D2300000000000000000000000000000000000EE
:10D2400000000000000000000000000000000000DE
:10D2500000000000000000000000000000000000CE
:0CD26000000000000000000000000000C2
:08D26C00F834FF7F010000000F
:04D27400E9000008C5
:04D27800C1000008E9
:10D27C0000002000FF01000000040000000400007A
:10D28C00042F00000000000000000000000400005B
:10D29C000427000000000000040000003000002003
:10D2AC00000000007C0E0020E40E00204C0F00203B
:10D2BC000000000000000000000000000000000062
:10D2CC000000000000000000000000000000000052
:10D2DC000000000000000000000000000000000042
:0CD2EC0000000000000000000000000036
:04000005080132D5E7
:00000001FF
